{"type":"Topology","objects":{"ugel":{"type":"GeometryCollection","geometries":[{"type":"Polygon","arcs":[[0,1,2,3,4,5,6]],"properties":{"codigo":"010001","nombre":"UGEL CHACHAPOYAS","region":"01","distritos":21,"pendiente":false}},{"type":"Polygon","arcs":[[7,8,9,10]],"properties":{"codigo":"010002","nombre":"UGEL BAGUA","region":"01","distritos":5,"pendiente":false}},{"type":"Polygon","arcs":[[11,12,13,14,15,16,17,-6]],"properties":{"codigo":"010003","nombre":"UGEL BONGARA","region":"01","distritos":12,"pendiente":false}},{"type":"Polygon","arcs":[[18,19,20,-16,21,22]],"properties":{"codigo":"010004","nombre":"UGEL CONDORCANQUI","region":"01","distritos":1,"pendiente":false}},{"type":"Polygon","arcs":[[-7,-18,23,24,25]],"properties":{"codigo":"010005","nombre":"UGEL LUYA","region":"01","distritos":23,"pendiente":false}},{"type":"Polygon","arcs":[[-4,26,27,28,29]],"properties":{"codigo":"010006","nombre":"UGEL RODRIGUEZ DE MENDOZA","region":"01","distritos":12,"pendiente":false}},{"type":"Polygon","arcs":[[30,31,32,-24,-17,-21,33,-8]],"properties":{"codigo":"010007","nombre":"UGEL UTCUBAMBA","region":"01","distritos":7,"pendiente":false}},{"type":"Polygon","arcs":[[34,35,-9,-34,-20,36]],"properties":{"codigo":"010009","nombre":"UGEL IBIR-IMAZA","region":"01","distritos":1,"pendiente":false}},{"type":"Polygon","arcs":[[37,38,-23,39]],"properties":{"codigo":"010010","nombre":"UGEL INTERCULTURAL BILINGÜE RIO SANTIAGO","region":"01","distritos":1,"pendiente":false}},{"type":"Polygon","arcs":[[-37,-19,-39,40]],"properties":{"codigo":"010011","nombre":"UGEL INTERCULTURAL BILINGÜE CENEPA","region":"01","distritos":1,"pendiente":false}},{"type":"Polygon","arcs":[[41,42,43,44,45,46,47]],"properties":{"codigo":"020001","nombre":"UGEL HUARAZ","region":"02","distritos":12,"pendiente":false}},{"type":"Polygon","arcs":[[48,-48,49]],"properties":{"codigo":"020002","nombre":"UGEL AIJA","region":"02","distritos":5,"pendiente":false}},{"type":"Polygon","arcs":[[50,51,52]],"properties":{"codigo":"020003","nombre":"UGEL ANTONIO RAIMONDI","region":"02","distritos":6,"pendiente":false}},{"type":"Polygon","arcs":[[53,54,55,56]],"properties":{"codigo":"020004","nombre":"UGEL ASUNCION","region":"02","distritos":2,"pendiente":false}},{"type":"Polygon","arcs":[[57,58,59,60,61,62,63,64,65]],"properties":{"codigo":"020005","nombre":"UGEL BOLOGNESI","region":"02","distritos":15,"pendiente":false}},{"type":"Polygon","arcs":[[-44,66,-54,67]],"properties":{"codigo":"020006","nombre":"UGEL CARHUAZ","region":"02","distritos":11,"pendiente":false}},{"type":"Polygon","arcs":[[68,-56,69,-52,70,71]],"properties":{"codigo":"020007","nombre":"UGEL CARLOS FERMIN FITZCARRALD","region":"02","distritos":3,"pendiente":false}},{"type":"Polygon","arcs":[[72,73,-46,74,75]],"properties":{"codigo":"020008","nombre":"UGEL CASMA","region":"02","distritos":4,"pendiente":false}},{"type":"Polygon","arcs":[[76,77,78,79]],"properties":{"codigo":"020009","nombre":"UGEL CORONGO","region":"02","distritos":7,"pendiente":false}},{"type":"Polygon","arcs":[[-55,-67,-43,80,-65,81,82,-53,-70]],"properties":{"codigo":"020010","nombre":"UGEL HUARI","region":"02","distritos":16,"pendiente":false}},{"type":"Polygon","arcs":[[83,-58,84,-50,-47,-74,85]],"properties":{"codigo":"020011","nombre":"UGEL HUARMEY","region":"02","distritos":5,"pendiente":false}},{"type":"Polygon","arcs":[[86,87,88,-78,89]],"properties":{"codigo":"020012","nombre":"UGEL HUAYLAS","region":"02","distritos":10,"pendiente":false}},{"type":"Polygon","arcs":[[90,-72,91,92,93]],"properties":{"codigo":"020013","nombre":"UGEL MARISCAL LUZURIAGA","region":"02","distritos":8,"pendiente":false}},{"type":"Polygon","arcs":[[94,95,96,-60]],"properties":{"codigo":"020014","nombre":"UGEL OCROS","region":"02","distritos":10,"pendiente":false}},{"type":"Polygon","arcs":[[97,98,99,100,-80]],"properties":{"codigo":"020015","nombre":"UGEL PALLASCA","region":"02","distritos":11,"pendiente":false}},{"type":"Polygon","arcs":[[101,-88,102,-94,103,104]],"properties":{"codigo":"020016","nombre":"UGEL POMABAMBA","region":"02","distritos":4,"pendiente":false}},{"type":"Polygon","arcs":[[-49,-85,-66,-81,-42]],"properties":{"codigo":"020017","nombre":"UGEL RECUAY","region":"02","distritos":10,"pendiente":false}},{"type":"Polygon","arcs":[[-77,-101,105,106,-76,107,-90]],"properties":{"codigo":"020018","nombre":"UGEL SANTA","region":"02","distritos":9,"pendiente":false}},{"type":"Polygon","arcs":[[-79,-89,-102,108,-98]],"properties":{"codigo":"020019","nombre":"UGEL SIHUAS","region":"02","distritos":10,"pendiente":false}},{"type":"Polygon","arcs":[[-108,-75,-45,-68,-57,-69,-91,-103,-87]],"properties":{"codigo":"020020","nombre":"UGEL YUNGAY","region":"02","distritos":8,"pendiente":false}},{"type":"Polygon","arcs":[[109,110,111,112,113,114,115,116]],"properties":{"codigo":"030001","nombre":"UGEL ABANCAY","region":"03","distritos":9,"pendiente":false}},{"type":"Polygon","arcs":[[-110,117,118,119,120,121,122,123,124]],"properties":{"codigo":"030002","nombre":"UGEL ANDAHUAYLAS","region":"03","distritos":18,"pendiente":false}},{"type":"Polygon","arcs":[[125,126,127,-112,128,129,130]],"properties":{"codigo":"030003","nombre":"UGEL ANTABAMBA","region":"03","distritos":7,"pendiente":false}},{"type":"Polygon","arcs":[[131,-129,-111,-125]],"properties":{"codigo":"030004","nombre":"UGEL AYMARAES","region":"03","distritos":17,"pendiente":false}},{"type":"Polygon","arcs":[[132,-127,133,134,135,-114]],"properties":{"codigo":"030005","nombre":"UGEL COTABAMBAS","region":"03","distritos":6,"pendiente":false}},{"type":"Polygon","arcs":[[136,137,-120,138]],"properties":{"codigo":"030006","nombre":"UGEL CHINCHEROS","region":"03","distritos":12,"pendiente":false}},{"type":"Polygon","arcs":[[-128,-133,-113]],"properties":{"codigo":"030007","nombre":"UGEL GRAU","region":"03","distritos":14,"pendiente":false}},{"type":"Polygon","arcs":[[-117,139,140,-118]],"properties":{"codigo":"030008","nombre":"UGEL HUANCARAMA","region":"03","distritos":2,"pendiente":false}},{"type":"Polygon","arcs":[[141,142,143,144,145]],"properties":{"codigo":"040001","nombre":"UGEL AREQUIPA NORTE","region":"04","distritos":10,"pendiente":false}},{"type":"MultiPolygon","arcs":[[[146,-146,147,148,149,150]],[[151]]],"properties":{"codigo":"040002","nombre":"UGEL AREQUIPA SUR","region":"04","distritos":16,"pendiente":false}},{"type":"Polygon","arcs":[[152,153,154,155,156,157]],"properties":{"codigo":"040003","nombre":"UGEL CAMANA","region":"04","distritos":8,"pendiente":false}},{"type":"Polygon","arcs":[[158,159,160,-157,161,162,163,164]],"properties":{"codigo":"040004","nombre":"UGEL CARAVELI","region":"04","distritos":13,"pendiente":false}},{"type":"Polygon","arcs":[[-155,165,-144,166,167,168]],"properties":{"codigo":"040005","nombre":"UGEL CASTILLA","region":"04","distritos":12,"pendiente":false}},{"type":"Polygon","arcs":[[-168,169,-142,-147,170,171,172,173]],"properties":{"codigo":"040006","nombre":"UGEL CAYLLOMA","region":"04","distritos":18,"pendiente":false}},{"type":"Polygon","arcs":[[-174,174,175,-162,-156,-169]],"properties":{"codigo":"040007","nombre":"UGEL CONDESUYOS","region":"04","distritos":8,"pendiente":false}},{"type":"Polygon","arcs":[[-153,176,177,178,179,-149,180]],"properties":{"codigo":"040008","nombre":"UGEL ISLAY","region":"04","distritos":6,"pendiente":false}},{"type":"Polygon","arcs":[[-163,-176,181,-131,182,183]],"properties":{"codigo":"040009","nombre":"UGEL LA UNION","region":"04","distritos":11,"pendiente":false}},{"type":"MultiPolygon","arcs":[[[-148,-145,-166,-154,-181]],[[-167,-143,-170]]],"properties":{"codigo":"040010","nombre":"UGEL LA JOYA","region":"04","distritos":7,"pendiente":false}},{"type":"Polygon","arcs":[[184,185,186,-137,187,188,189]],"properties":{"codigo":"050001","nombre":"UGEL HUAMANGA","region":"05","distritos":17,"pendiente":false}},{"type":"Polygon","arcs":[[190,-186,191,192]],"properties":{"codigo":"050002","nombre":"UGEL CANGALLO","region":"05","distritos":6,"pendiente":false}},{"type":"Polygon","arcs":[[193,194,195]],"properties":{"codigo":"050003","nombre":"UGEL HUANCASANCOS","region":"05","distritos":4,"pendiente":false}},{"type":"Polygon","arcs":[[-189,196,197,198,199,200,201,202,203,204]],"properties":{"codigo":"050004","nombre":"UGEL HUANTA","region":"05","distritos":13,"pendiente":false}},{"type":"Polygon","arcs":[[-197,-188,-139,-119,-141,205,206]],"properties":{"codigo":"050005","nombre":"UGEL LA MAR","region":"05","distritos":14,"pendiente":false}},{"type":"Polygon","arcs":[[207,-159,208,-123,209,210,-195,211,212]],"properties":{"codigo":"050006","nombre":"UGEL LUCANAS","region":"05","distritos":21,"pendiente":false}},{"type":"MultiPolygon","arcs":[[[-124,-209,-165,213,-183,-130,-132]],[[214]]],"properties":{"codigo":"050007","nombre":"UGEL PARINACOCHAS","region":"05","distritos":8,"pendiente":false}},{"type":"Polygon","arcs":[[-164,-184,-214]],"properties":{"codigo":"050008","nombre":"UGEL PAUCAR DEL SARASARA","region":"05","distritos":10,"pendiente":false}},{"type":"Polygon","arcs":[[215,-210,-122,216]],"properties":{"codigo":"050009","nombre":"UGEL SUCRE","region":"05","distritos":11,"pendiente":false}},{"type":"Polygon","arcs":[[-211,-216,217,-193,218,-196]],"properties":{"codigo":"050010","nombre":"UGEL VICTOR FAJARDO","region":"05","distritos":12,"pendiente":false}},{"type":"Polygon","arcs":[[-217,-121,-138,-187,-191,-218]],"properties":{"codigo":"050011","nombre":"UGEL VILCASHUAMAN","region":"05","distritos":8,"pendiente":false}},{"type":"Polygon","arcs":[[219,220,221,222,223,224,225]],"properties":{"codigo":"060001","nombre":"UGEL CAJAMARCA","region":"06","distritos":12,"pendiente":false}},{"type":"Polygon","arcs":[[226,227,-221,228,229,230]],"properties":{"codigo":"060002","nombre":"UGEL CAJABAMBA","region":"06","distritos":4,"pendiente":false}},{"type":"Polygon","arcs":[[231,-223,232,233,-1,-26,234]],"properties":{"codigo":"060003","nombre":"UGEL CELENDIN","region":"06","distritos":12,"pendiente":false}},{"type":"Polygon","arcs":[[235,236,237,238,-235,-25,-33,239]],"properties":{"codigo":"060004","nombre":"UGEL CHOTA","region":"06","distritos":19,"pendiente":false}},{"type":"Polygon","arcs":[[240,-226,241,242,243,244,245]],"properties":{"codigo":"060005","nombre":"UGEL CONTUMAZA","region":"06","distritos":8,"pendiente":false}},{"type":"Polygon","arcs":[[-32,246,247,-240]],"properties":{"codigo":"060006","nombre":"UGEL CUTERVO","region":"06","distritos":15,"pendiente":false}},{"type":"Polygon","arcs":[[248,249,250,-224,-232,-239]],"properties":{"codigo":"060007","nombre":"UGEL HUALGAYOC","region":"06","distritos":3,"pendiente":false}},{"type":"Polygon","arcs":[[251,252,253,254,-247,-31,-11,255]],"properties":{"codigo":"060008","nombre":"UGEL JAEN","region":"06","distritos":12,"pendiente":false}},{"type":"Polygon","arcs":[[256,-256,-10,-36,257]],"properties":{"codigo":"060009","nombre":"UGEL SAN IGNACIO","region":"06","distritos":7,"pendiente":false}},{"type":"Polygon","arcs":[[-233,-222,-228,258]],"properties":{"codigo":"060010","nombre":"UGEL SAN MARCOS","region":"06","distritos":7,"pendiente":false}},{"type":"Polygon","arcs":[[259,-250,260,261,262,-243]],"properties":{"codigo":"060011","nombre":"UGEL SAN MIGUEL","region":"06","distritos":13,"pendiente":false}},{"type":"Polygon","arcs":[[-260,-242,-225,-251]],"properties":{"codigo":"060012","nombre":"UGEL SAN PABLO","region":"06","distritos":4,"pendiente":false}},{"type":"Polygon","arcs":[[263,-261,-249,-238]],"properties":{"codigo":"060013","nombre":"UGEL SANTA CRUZ","region":"06","distritos":11,"pendiente":false}},{"type":"Polygon","arcs":[[264,265,266,267]],"properties":{"codigo":"070101","nombre":"DIRECCIÓN REGIONAL DE EDUCACIÓN CALLAO","region":"07","distritos":5,"pendiente":false}},{"type":"Polygon","arcs":[[268,-268,269,270]],"properties":{"codigo":"070102","nombre":"UGEL VENTANILLA","region":"07","distritos":2,"pendiente":false}},{"type":"Polygon","arcs":[[271,272,273,274,275]],"properties":{"codigo":"080001","nombre":"UGEL CUSCO","region":"08","distritos":8,"pendiente":false}},{"type":"Polygon","arcs":[[276,277,278,279,280]],"properties":{"codigo":"080002","nombre":"UGEL ACOMAYO","region":"08","distritos":7,"pendiente":false}},{"type":"Polygon","arcs":[[281,282,-115,-136,283,-276]],"properties":{"codigo":"080003","nombre":"UGEL ANTA","region":"08","distritos":9,"pendiente":false}},{"type":"Polygon","arcs":[[284,-274,285,286,287,288]],"properties":{"codigo":"080004","nombre":"UGEL CALCA","region":"08","distritos":8,"pendiente":false}},{"type":"MultiPolygon","arcs":[[[289,290,291,-279,292]],[[293]]],"properties":{"codigo":"080005","nombre":"UGEL CANAS","region":"08","distritos":8,"pendiente":false}},{"type":"Polygon","arcs":[[294,295,296,-280,-292]],"properties":{"codigo":"080006","nombre":"UGEL CANCHIS","region":"08","distritos":8,"pendiente":false}},{"type":"Polygon","arcs":[[-126,-182,-175,297,-293,-278,298,-134]],"properties":{"codigo":"080007","nombre":"UGEL CHUMBIVILCAS","region":"08","distritos":8,"pendiente":false}},{"type":"Polygon","arcs":[[299,300,-290,-298,-173]],"properties":{"codigo":"080008","nombre":"UGEL ESPINAR","region":"08","distritos":8,"pendiente":false}},{"type":"Polygon","arcs":[[301,-206,-140,-116,-283,302,-289,303,304,305]],"properties":{"codigo":"080009","nombre":"UGEL LA CONVENCION","region":"08","distritos":11,"pendiente":false}},{"type":"Polygon","arcs":[[306,-272,-284,-135,-299,-277]],"properties":{"codigo":"080010","nombre":"UGEL PARURO","region":"08","distritos":9,"pendiente":false}},{"type":"Polygon","arcs":[[-287,307,308]],"properties":{"codigo":"080011","nombre":"UGEL PAUCARTAMBO","region":"08","distritos":6,"pendiente":false}},{"type":"Polygon","arcs":[[-297,309,310,-308,-286,-273,-307,-281]],"properties":{"codigo":"080012","nombre":"UGEL QUISPICANCHI","region":"08","distritos":12,"pendiente":false}},{"type":"Polygon","arcs":[[-303,-282,-275,-285]],"properties":{"codigo":"080013","nombre":"UGEL URUBAMBA","region":"08","distritos":7,"pendiente":false}},{"type":"Polygon","arcs":[[311,-198,-207,-302]],"properties":{"codigo":"080014","nombre":"UGEL PICHARI-KIMBIRI","region":"08","distritos":7,"pendiente":false}},{"type":"Polygon","arcs":[[312,313,314,315,316,317,318,319]],"properties":{"codigo":"090001","nombre":"UGEL HUANCAVELICA","region":"09","distritos":19,"pendiente":false}},{"type":"Polygon","arcs":[[320,-204,321,-315]],"properties":{"codigo":"090002","nombre":"UGEL ACOBAMBA","region":"09","distritos":8,"pendiente":false}},{"type":"Polygon","arcs":[[322,-190,-205,-321,-314]],"properties":{"codigo":"090003","nombre":"UGEL ANGARAES","region":"09","distritos":12,"pendiente":false}},{"type":"Polygon","arcs":[[-320,323,324,325,326]],"properties":{"codigo":"090004","nombre":"UGEL CASTROVIRREYNA","region":"09","distritos":13,"pendiente":false}},{"type":"Polygon","arcs":[[-316,-322,-203,327]],"properties":{"codigo":"090005","nombre":"UGEL CHURCAMPA","region":"09","distritos":11,"pendiente":false}},{"type":"Polygon","arcs":[[-219,-192,-185,-323,-313,-327,328,329,330,-212,-194]],"properties":{"codigo":"090006","nombre":"UGEL HUAYTARA","region":"09","distritos":16,"pendiente":false}},{"type":"Polygon","arcs":[[-328,-202,331,332,-317]],"properties":{"codigo":"090007","nombre":"UGEL TAYACAJA","region":"09","distritos":15,"pendiente":false}},{"type":"Polygon","arcs":[[-332,-201,333,334,335]],"properties":{"codigo":"090009","nombre":"UGEL SURCUBAMBA","region":"09","distritos":8,"pendiente":false}},{"type":"Polygon","arcs":[[336,337,338,339,340,341]],"properties":{"codigo":"100001","nombre":"UGEL HUANUCO","region":"10","distritos":13,"pendiente":false}},{"type":"Polygon","arcs":[[-340,342,343,344,345]],"properties":{"codigo":"100002","nombre":"UGEL AMBO","region":"10","distritos":8,"pendiente":false}},{"type":"Polygon","arcs":[[-63,346,347,-337,348,349]],"properties":{"codigo":"100003","nombre":"UGEL DOS DE MAYO","region":"10","distritos":9,"pendiente":false}},{"type":"Polygon","arcs":[[350,351,-343,-339,352,-347,-62,353]],"properties":{"codigo":"100004","nombre":"UGEL LAURICOCHA","region":"10","distritos":7,"pendiente":false}},{"type":"Polygon","arcs":[[-348,-353,-338]],"properties":{"codigo":"100005","nombre":"UGEL YAROWILCA","region":"10","distritos":8,"pendiente":false}},{"type":"Polygon","arcs":[[-83,354,355,356,-92,-71,-51]],"properties":{"codigo":"100006","nombre":"UGEL HUACAYBAMBA","region":"10","distritos":4,"pendiente":false}},{"type":"Polygon","arcs":[[-64,-350,357,-355,-82]],"properties":{"codigo":"100007","nombre":"UGEL HUAMALIES","region":"10","distritos":11,"pendiente":false}},{"type":"Polygon","arcs":[[-349,-342,358,359,360,361,362,363,364,-356,-358]],"properties":{"codigo":"100008","nombre":"UGEL LEONCIO PRADO","region":"10","distritos":10,"pendiente":false}},{"type":"Polygon","arcs":[[365,-104,-93,-357,-365,366]],"properties":{"codigo":"100009","nombre":"UGEL MARAÑON","region":"10","distritos":5,"pendiente":false}},{"type":"Polygon","arcs":[[367,368,369,-359,-341,-346]],"properties":{"codigo":"100010","nombre":"UGEL PACHITEA","region":"10","distritos":4,"pendiente":false}},{"type":"Polygon","arcs":[[370,-360,-370,371,372]],"properties":{"codigo":"100011","nombre":"UGEL PUERTO INCA","region":"10","distritos":5,"pendiente":false}},{"type":"Polygon","arcs":[[373,374,375,-330,376]],"properties":{"codigo":"110001","nombre":"UGEL ICA","region":"11","distritos":14,"pendiente":false}},{"type":"Polygon","arcs":[[377,378,379,380,-325]],"properties":{"codigo":"110002","nombre":"UGEL CHINCHA","region":"11","distritos":11,"pendiente":false}},{"type":"Polygon","arcs":[[381,-375,382,-160,-208]],"properties":{"codigo":"110003","nombre":"UGEL NASCA","region":"11","distritos":5,"pendiente":false}},{"type":"Polygon","arcs":[[-382,-213,-331,-376]],"properties":{"codigo":"110004","nombre":"UGEL PALPA","region":"11","distritos":5,"pendiente":false}},{"type":"Polygon","arcs":[[383,-377,-329,-326,-381]],"properties":{"codigo":"110005","nombre":"UGEL PISCO","region":"11","distritos":8,"pendiente":false}},{"type":"Polygon","arcs":[[-333,-336,384,385,386,387,-318]],"properties":{"codigo":"120001","nombre":"UGEL HUANCAYO","region":"12","distritos":28,"pendiente":false}},{"type":"Polygon","arcs":[[388,389,-387]],"properties":{"codigo":"120002","nombre":"UGEL CHUPACA","region":"12","distritos":9,"pendiente":false}},{"type":"Polygon","arcs":[[390,391,392,393,-389,-386]],"properties":{"codigo":"120003","nombre":"UGEL CONCEPCION","region":"12","distritos":15,"pendiente":false}},{"type":"Polygon","arcs":[[394,395,396,397,398,399]],"properties":{"codigo":"120004","nombre":"UGEL CHANCHAMAYO","region":"12","distritos":4,"pendiente":false}},{"type":"Polygon","arcs":[[400,401,402,-393,403,-395,404]],"properties":{"codigo":"120005","nombre":"UGEL JAUJA","region":"12","distritos":34,"pendiente":false}},{"type":"Polygon","arcs":[[405,406,407,-399,408,409,410]],"properties":{"codigo":"120006","nombre":"UGEL JUNIN","region":"12","distritos":4,"pendiente":false}},{"type":"Polygon","arcs":[[411,412,413,-396,-404,-392]],"properties":{"codigo":"120007","nombre":"UGEL SATIPO","region":"12","distritos":5,"pendiente":false}},{"type":"Polygon","arcs":[[-400,-408,414,-405]],"properties":{"codigo":"120008","nombre":"UGEL TARMA","region":"12","distritos":9,"pendiente":false}},{"type":"Polygon","arcs":[[-415,-407,415,416,417,418,-401]],"properties":{"codigo":"120009","nombre":"UGEL YAULI","region":"12","distritos":10,"pendiente":false}},{"type":"Polygon","arcs":[[-412,-391,-385,-335,419,420]],"properties":{"codigo":"120010","nombre":"UGEL PANGOA","region":"12","distritos":2,"pendiente":false}},{"type":"Polygon","arcs":[[421,-397,-414,422,423]],"properties":{"codigo":"120011","nombre":"UGEL PICHANAKI","region":"12","distritos":2,"pendiente":false}},{"type":"Polygon","arcs":[[424,-423,-413,-421,425,-199,-312,-306,426]],"properties":{"codigo":"120012","nombre":"UGEL RIO TAMBO","region":"12","distritos":1,"pendiente":false}},{"type":"Polygon","arcs":[[-334,-200,-426,-420]],"properties":{"codigo":"120014","nombre":"UGEL RIO ENE - MANTARO","region":"12","distritos":1,"pendiente":false}},{"type":"Polygon","arcs":[[427,428,-106,429,430,431]],"properties":{"codigo":"130002","nombre":"UGEL VIRU","region":"13","distritos":3,"pendiente":false}},{"type":"Polygon","arcs":[[432,433,434,435,436,-246]],"properties":{"codigo":"130003","nombre":"UGEL ASCOPE","region":"13","distritos":8,"pendiente":false}},{"type":"Polygon","arcs":[[-227,437,438,439,-2,-234,-259]],"properties":{"codigo":"130004","nombre":"UGEL BOLIVAR","region":"13","distritos":6,"pendiente":false}},{"type":"Polygon","arcs":[[-244,-263,440,441,442]],"properties":{"codigo":"130005","nombre":"UGEL CHEPEN","region":"13","distritos":3,"pendiente":false}},{"type":"Polygon","arcs":[[443,444,-431,445]],"properties":{"codigo":"130006","nombre":"UGEL JULCAN","region":"13","distritos":4,"pendiente":false}},{"type":"Polygon","arcs":[[446,-230,447,448,-444,449]],"properties":{"codigo":"130007","nombre":"UGEL OTUZCO","region":"13","distritos":9,"pendiente":false}},{"type":"Polygon","arcs":[[-433,-245,-443,450]],"properties":{"codigo":"130008","nombre":"UGEL PACASMAYO","region":"13","distritos":5,"pendiente":false}},{"type":"Polygon","arcs":[[451,452,-439,453,454,-99,-109,-105,-366]],"properties":{"codigo":"130009","nombre":"UGEL PATAZ","region":"13","distritos":13,"pendiente":false}},{"type":"Polygon","arcs":[[-454,-438,-231,-447,455]],"properties":{"codigo":"130010","nombre":"UGEL SANCHEZ CARRION","region":"13","distritos":8,"pendiente":false}},{"type":"Polygon","arcs":[[-455,-456,-450,-446,-430,-100]],"properties":{"codigo":"130011","nombre":"UGEL SANTIAGO DE CHUCO","region":"13","distritos":8,"pendiente":false}},{"type":"Polygon","arcs":[[-437,456,-448,-229,-220,-241]],"properties":{"codigo":"130012","nombre":"UGEL GRAN CHIMU","region":"13","distritos":4,"pendiente":false}},{"type":"Polygon","arcs":[[-457,-436,457,458,-432,-445,-449]],"properties":{"codigo":"130014","nombre":"UGEL 01 EL PORVENIR","region":"13","distritos":5,"pendiente":false}},{"type":"Polygon","arcs":[[459,460,461,-458,-435]],"properties":{"codigo":"130015","nombre":"UGEL 02 LA ESPERANZA","region":"13","distritos":3,"pendiente":false}},{"type":"Polygon","arcs":[[-461,462,463]],"properties":{"codigo":"130016","nombre":"UGEL 03 TRUJILLO NOR OESTE","region":"13","distritos":1,"pendiente":false}},{"type":"Polygon","arcs":[[-428,-459,-462,-464,464]],"properties":{"codigo":"130017","nombre":"UGEL 04 TRUJILLO SUR ESTE","region":"13","distritos":3,"pendiente":false}},{"type":"Polygon","arcs":[[-262,-264,-237,465,466,467,-441]],"properties":{"codigo":"140001","nombre":"UGEL CHICLAYO","region":"14","distritos":20,"pendiente":false}},{"type":"Polygon","arcs":[[-466,-236,-248,-255,468]],"properties":{"codigo":"140002","nombre":"UGEL FERREÑAFE","region":"14","distritos":6,"pendiente":false}},{"type":"Polygon","arcs":[[-254,469,470,471,472,473,474,-467,-469]],"properties":{"codigo":"140003","nombre":"UGEL LAMBAYEQUE","region":"14","distritos":12,"pendiente":false}},{"type":"MultiPolygon","arcs":[[[475,476,477,478,479]],[[480]],[[481]],[[482]]],"properties":{"codigo":"150102","nombre":"UGEL 01 SAN JUAN DE MIRAFLORES","region":"15","distritos":11,"pendiente":false}},{"type":"Polygon","arcs":[[483,484,-270,-267,485]],"properties":{"codigo":"150103","nombre":"UGEL 02 RIMAC","region":"15","distritos":4,"pendiente":false}},{"type":"Polygon","arcs":[[-486,-266,486,487,488]],"properties":{"codigo":"150104","nombre":"UGEL 03 BREÑA","region":"15","distritos":9,"pendiente":false}},{"type":"Polygon","arcs":[[489,490,491,-271,-485,492,493]],"properties":{"codigo":"150105","nombre":"UGEL 04 COMAS","region":"15","distritos":5,"pendiente":false}},{"type":"Polygon","arcs":[[494,495,496,-493,-484,-489]],"properties":{"codigo":"150106","nombre":"UGEL 05 SAN JUAN DE LURIGANCHO","region":"15","distritos":2,"pendiente":false}},{"type":"Polygon","arcs":[[497,-496,498,-478]],"properties":{"codigo":"150107","nombre":"UGEL 06 ATE","region":"15","distritos":6,"pendiente":false}},{"type":"Polygon","arcs":[[499,-479,-499,-495,-488]],"properties":{"codigo":"150108","nombre":"UGEL 07 SAN BORJA","region":"15","distritos":7,"pendiente":false}},{"type":"Polygon","arcs":[[-476,500,-379,501,502]],"properties":{"codigo":"150201","nombre":"UGEL 08 CAÑETE","region":"15","distritos":15,"pendiente":false}},{"type":"Polygon","arcs":[[503,504,505,506,507,508,-96]],"properties":{"codigo":"150202","nombre":"UGEL 09 HUAURA","region":"15","distritos":12,"pendiente":false}},{"type":"Polygon","arcs":[[509,-506,510,-491,511,-417]],"properties":{"codigo":"150203","nombre":"UGEL 10 HUARAL","region":"15","distritos":12,"pendiente":false}},{"type":"Polygon","arcs":[[-354,-61,-97,-509,512]],"properties":{"codigo":"150204","nombre":"UGEL 11 CAJATAMBO","region":"15","distritos":5,"pendiente":false}},{"type":"Polygon","arcs":[[-418,-512,-490,513]],"properties":{"codigo":"150205","nombre":"UGEL 12 CANTA","region":"15","distritos":7,"pendiente":false}},{"type":"Polygon","arcs":[[-378,-324,-319,-388,-390,-394,-403,514,-502]],"properties":{"codigo":"150206","nombre":"UGEL 13 YAUYOS","region":"15","distritos":33,"pendiente":false}},{"type":"Polygon","arcs":[[-513,-508,515,516,-351]],"properties":{"codigo":"150207","nombre":"UGEL 14 OYON","region":"15","distritos":6,"pendiente":false}},{"type":"Polygon","arcs":[[-514,-494,-497,-498,-477,-503,-515,-402,-419]],"properties":{"codigo":"150208","nombre":"UGEL 15 HUAROCHIRI","region":"15","distritos":32,"pendiente":false}},{"type":"Polygon","arcs":[[-504,-95,-59,-84,517]],"properties":{"codigo":"150209","nombre":"UGEL 16 BARRANCA","region":"15","distritos":5,"pendiente":false}},{"type":"Polygon","arcs":[[518,519,520,521,522]],"properties":{"codigo":"160001","nombre":"UGEL MAYNAS","region":"16","distritos":11,"pendiente":false}},{"type":"Polygon","arcs":[[523,524,525,526,527,528,529,530]],"properties":{"codigo":"160002","nombre":"UGEL ALTO AMAZONAS - YURIMAGUAS","region":"16","distritos":6,"pendiente":false}},{"type":"Polygon","arcs":[[-14,531,532,-528,533]],"properties":{"codigo":"160003","nombre":"UGEL ALTO AMAZONAS - SAN LORENZO","region":"16","distritos":1,"pendiente":false}},{"type":"Polygon","arcs":[[534,535,-526,536,-523]],"properties":{"codigo":"160004","nombre":"UGEL LORETO - NAUTA","region":"16","distritos":5,"pendiente":false}},{"type":"Polygon","arcs":[[537,-520,538,539]],"properties":{"codigo":"160005","nombre":"UGEL RAMON CASTILLA - CABALLOCOCHA","region":"16","distritos":4,"pendiente":false}},{"type":"Polygon","arcs":[[-525,540,541,542,543,-539,-519,-537]],"properties":{"codigo":"160006","nombre":"UGEL REQUENA","region":"16","distritos":11,"pendiente":false}},{"type":"Polygon","arcs":[[544,545,546,-362,547,548,-542]],"properties":{"codigo":"160007","nombre":"UGEL UCAYALI - CONTAMANA","region":"16","distritos":6,"pendiente":false}},{"type":"Polygon","arcs":[[-538,549,-521]],"properties":{"codigo":"160008","nombre":"UGEL PUTUMAYO","region":"16","distritos":4,"pendiente":false}},{"type":"MultiPolygon","arcs":[[[550,-529,-533]],[[-22,-15,-534,-527,-536,551,-40]]],"properties":{"codigo":"160011","nombre":"UGEL DATEM DEL MARAÑÓN INTERCULTURAL BILINGÜE","region":"16","distritos":5,"pendiente":false}},{"type":"Polygon","arcs":[[552,553,554,555,556,557,558]],"properties":{"codigo":"170001","nombre":"UGEL TAMBOPATA","region":"17","distritos":4,"pendiente":false}},{"type":"Polygon","arcs":[[559,-554,560,-304,-288,-309,-311]],"properties":{"codigo":"170002","nombre":"UGEL MANU","region":"17","distritos":4,"pendiente":false}},{"type":"Polygon","arcs":[[561,562,-559,563]],"properties":{"codigo":"170003","nombre":"UGEL TAHUAMANU","region":"17","distritos":3,"pendiente":false}},{"type":"Polygon","arcs":[[-179,564,565,566,567,568,569]],"properties":{"codigo":"180001","nombre":"UGEL MARISCAL NIETO","region":"18","distritos":7,"pendiente":false}},{"type":"Polygon","arcs":[[-180,-570,570,571,572,-150]],"properties":{"codigo":"180002","nombre":"UGEL GENERAL SANCHEZ CERRO","region":"18","distritos":10,"pendiente":false}},{"type":"Polygon","arcs":[[573,-565,-178,574]],"properties":{"codigo":"180003","nombre":"UGEL ILO","region":"18","distritos":3,"pendiente":false}},{"type":"Polygon","arcs":[[575,-572,576]],"properties":{"codigo":"180005","nombre":"UGEL SAN IGNACIO DE LOYOLA-ICHUÑA","region":"18","distritos":1,"pendiente":false}},{"type":"Polygon","arcs":[[-507,-510,-416,-406,577,-410,578,-368,-345,579,-516]],"properties":{"codigo":"190001","nombre":"UGEL PASCO","region":"19","distritos":13,"pendiente":false}},{"type":"Polygon","arcs":[[-517,-580,-344,-352]],"properties":{"codigo":"190002","nombre":"UGEL DANIEL ALCIDES CARRION","region":"19","distritos":8,"pendiente":false}},{"type":"Polygon","arcs":[[-398,-422,580,581,-372,-369,-579,-409]],"properties":{"codigo":"190003","nombre":"UGEL OXAPAMPA","region":"19","distritos":7,"pendiente":false}},{"type":"Polygon","arcs":[[-424,-425,582,-581]],"properties":{"codigo":"190004","nombre":"UGEL PUERTO BERMÚDEZ","region":"19","distritos":1,"pendiente":false}},{"type":"Polygon","arcs":[[583,584,585,586,-473,587]],"properties":{"codigo":"200001","nombre":"UGEL PIURA","region":"20","distritos":5,"pendiente":false}},{"type":"Polygon","arcs":[[-584,588,589,590,591]],"properties":{"codigo":"200002","nombre":"UGEL TAMBOGRANDE","region":"20","distritos":3,"pendiente":false}},{"type":"Polygon","arcs":[[592,593,594,-586]],"properties":{"codigo":"200003","nombre":"UGEL LA UNION","region":"20","distritos":3,"pendiente":false}},{"type":"Polygon","arcs":[[-587,-595,595,596,-474]],"properties":{"codigo":"200004","nombre":"UGEL SECHURA","region":"20","distritos":6,"pendiente":false}},{"type":"Polygon","arcs":[[597,598,599,-590,600]],"properties":{"codigo":"200005","nombre":"UGEL AYABACA","region":"20","distritos":8,"pendiente":false}},{"type":"Polygon","arcs":[[-252,-257,601,-599,602,603]],"properties":{"codigo":"200006","nombre":"UGEL HUANCABAMBA","region":"20","distritos":6,"pendiente":false}},{"type":"Polygon","arcs":[[604,-601,-589,-588,-472]],"properties":{"codigo":"200007","nombre":"UGEL CHULUCANAS","region":"20","distritos":4,"pendiente":false}},{"type":"Polygon","arcs":[[-605,-471,605,-603,-598]],"properties":{"codigo":"200008","nombre":"UGEL MORROPON","region":"20","distritos":7,"pendiente":false}},{"type":"Polygon","arcs":[[-596,-594,606,607,608]],"properties":{"codigo":"200009","nombre":"UGEL PAITA","region":"20","distritos":7,"pendiente":false}},{"type":"MultiPolygon","arcs":[[[-592,609,610,611,612,-607,-593,-585]],[[613]]],"properties":{"codigo":"200010","nombre":"UGEL SULLANA","region":"20","distritos":8,"pendiente":false}},{"type":"Polygon","arcs":[[-608,-613,614,615]],"properties":{"codigo":"200011","nombre":"UGEL TALARA","region":"20","distritos":6,"pendiente":false}},{"type":"Polygon","arcs":[[-253,-604,-606,-470]],"properties":{"codigo":"200012","nombre":"UGEL HUARMACA","region":"20","distritos":2,"pendiente":false}},{"type":"MultiPolygon","arcs":[[[-577,-571,-569,616,617,618,619]],[[620]],[[621]],[[622,623]],[[624]],[[625]],[[626]]],"properties":{"codigo":"210001","nombre":"UGEL PUNO","region":"21","distritos":15,"pendiente":false}},{"type":"Polygon","arcs":[[627,628,629,630,631,632,633,634]],"properties":{"codigo":"210002","nombre":"UGEL AZANGARO","region":"21","distritos":14,"pendiente":false}},{"type":"Polygon","arcs":[[635,-555,-560,-310,-296,636]],"properties":{"codigo":"210003","nombre":"UGEL CARABAYA","region":"21","distritos":8,"pendiente":false}},{"type":"Polygon","arcs":[[-623,637,-617,-568,638,639,640,641,642]],"properties":{"codigo":"210004","nombre":"UGEL EL COLLAO","region":"21","distritos":5,"pendiente":false}},{"type":"Polygon","arcs":[[643,644,645,-642]],"properties":{"codigo":"210005","nombre":"UGEL CHUCUITO","region":"21","distritos":7,"pendiente":false}},{"type":"Polygon","arcs":[[-631,646,-629,647,-619,648,649,650,651]],"properties":{"codigo":"210006","nombre":"UGEL HUANCANE","region":"21","distritos":8,"pendiente":false}},{"type":"Polygon","arcs":[[-632,-652,652,653,654]],"properties":{"codigo":"210007","nombre":"UGEL SAN ANTONIO DE PUTINA","region":"21","distritos":5,"pendiente":false}},{"type":"Polygon","arcs":[[-650,655]],"properties":{"codigo":"210008","nombre":"UGEL MOHO","region":"21","distritos":4,"pendiente":false}},{"type":"Polygon","arcs":[[-300,-172,656,-635,657]],"properties":{"codigo":"210009","nombre":"UGEL LAMPA","region":"21","distritos":10,"pendiente":false}},{"type":"Polygon","arcs":[[-301,-658,-634,658,-637,-295,-291]],"properties":{"codigo":"210010","nombre":"UGEL MELGAR","region":"21","distritos":9,"pendiente":false}},{"type":"Polygon","arcs":[[-171,-151,-573,-576,-620,-648,-628,-657]],"properties":{"codigo":"210011","nombre":"UGEL SAN ROMAN","region":"21","distritos":5,"pendiente":false}},{"type":"Polygon","arcs":[[-557,659,-654,660]],"properties":{"codigo":"210012","nombre":"UGEL SANDIA","region":"21","distritos":8,"pendiente":false}},{"type":"MultiPolygon","arcs":[[[-645,661]],[[662]],[[663]]],"properties":{"codigo":"210013","nombre":"UGEL YUNGUYO","region":"21","distritos":7,"pendiente":false}},{"type":"Polygon","arcs":[[-659,-633,-655,-660,-556,-636]],"properties":{"codigo":"210014","nombre":"UGEL CRUCERO","region":"21","distritos":5,"pendiente":false}},{"type":"Polygon","arcs":[[664,-29,665,666,667,-530,-551,-532,-13]],"properties":{"codigo":"220001","nombre":"UGEL MOYOBAMBA","region":"22","distritos":6,"pendiente":false}},{"type":"Polygon","arcs":[[668,-363,-547,669,670,671,672]],"properties":{"codigo":"220002","nombre":"UGEL BELLAVISTA","region":"22","distritos":6,"pendiente":false}},{"type":"Polygon","arcs":[[-672,673,-666,-28,674]],"properties":{"codigo":"220003","nombre":"UGEL HUALLAGA","region":"22","distritos":6,"pendiente":false}},{"type":"Polygon","arcs":[[675,676,677,-531,-668]],"properties":{"codigo":"220004","nombre":"UGEL LAMAS","region":"22","distritos":11,"pendiente":false}},{"type":"Polygon","arcs":[[-671,678,-676,-667,-674]],"properties":{"codigo":"220005","nombre":"UGEL EL DORADO","region":"22","distritos":5,"pendiente":false}},{"type":"Polygon","arcs":[[-27,-3,-440,-453,679,-673,-675]],"properties":{"codigo":"220006","nombre":"UGEL MARISCAL CACERES","region":"22","distritos":5,"pendiente":false}},{"type":"Polygon","arcs":[[-546,680,-677,-679,-670]],"properties":{"codigo":"220007","nombre":"UGEL PICOTA","region":"22","distritos":10,"pendiente":false}},{"type":"Polygon","arcs":[[-665,-12,-5,-30]],"properties":{"codigo":"220008","nombre":"UGEL RIOJA","region":"22","distritos":9,"pendiente":false}},{"type":"Polygon","arcs":[[-681,-545,-541,-524,-678]],"properties":{"codigo":"220009","nombre":"UGEL SAN MARTIN","region":"22","distritos":14,"pendiente":false}},{"type":"Polygon","arcs":[[-680,-452,-367,-364,-669]],"properties":{"codigo":"220010","nombre":"UGEL TOCACHE","region":"22","distritos":6,"pendiente":false}},{"type":"Polygon","arcs":[[681,682,683]],"properties":{"codigo":"230001","nombre":"UGEL TACNA","region":"23","distritos":11,"pendiente":false}},{"type":"Polygon","arcs":[[-574,684,-683,685,-566]],"properties":{"codigo":"230002","nombre":"UGEL JORGE BASADRE","region":"23","distritos":3,"pendiente":false}},{"type":"Polygon","arcs":[[686,-640,687,-682]],"properties":{"codigo":"230003","nombre":"UGEL TARATA","region":"23","distritos":8,"pendiente":false}},{"type":"Polygon","arcs":[[-686,-688,-639,-567]],"properties":{"codigo":"230004","nombre":"UGEL CANDARAVE","region":"23","distritos":6,"pendiente":false}},{"type":"Polygon","arcs":[[688,689,-611,690,691]],"properties":{"codigo":"240001","nombre":"UGEL TUMBES","region":"24","distritos":6,"pendiente":false}},{"type":"Polygon","arcs":[[692,-615,-612,-690]],"properties":{"codigo":"240002","nombre":"UGEL CONTRALMIRANTE VILLAR","region":"24","distritos":3,"pendiente":false}},{"type":"Polygon","arcs":[[-692,693]],"properties":{"codigo":"240003","nombre":"UGEL ZARUMILLA","region":"24","distritos":4,"pendiente":false}},{"type":"Polygon","arcs":[[-549,694,-373,-582,695,696,-543]],"properties":{"codigo":"250001","nombre":"UGEL CORONEL PORTILLO","region":"25","distritos":7,"pendiente":false}},{"type":"Polygon","arcs":[[-427,-305,-561,-553,-563,697,698,-696,-583]],"properties":{"codigo":"250002","nombre":"UGEL ATALAYA","region":"25","distritos":4,"pendiente":false}},{"type":"Polygon","arcs":[[-371,-695,-548,-361]],"properties":{"codigo":"250003","nombre":"UGEL PADRE ABAD","region":"25","distritos":7,"pendiente":false}},{"type":"Polygon","arcs":[[699,-698,-562]],"properties":{"codigo":"250004","nombre":"UGEL PURUS","region":"25","distritos":1,"pendiente":false}}]}},"arcs":[[[25979,63390],[39,-128],[71,-21],[-37,-27],[41,-18],[-26,-109],[61,-57],[-36,-53],[57,-16],[-9,-58],[-106,-59],[-4,-39],[117,-7],[94,-55],[-35,-80],[43,-31],[-35,-66],[54,-32],[-15,-56],[-99,-132],[109,-43],[-2,-157]],[[26261,62146],[126,41],[171,-74],[174,3],[72,-55],[253,33],[145,96],[292,-79],[78,110],[248,-51],[179,135],[161,-126]],[[28160,62179],[161,88],[-15,62],[52,46],[142,40],[68,71],[-127,81],[-146,289],[-181,222],[259,89],[-42,127],[-86,84],[68,185],[-55,230],[48,117],[193,-63],[110,-97],[107,-3],[203,95],[90,165],[194,93]],[[29203,64100],[-231,49],[-83,139],[-128,-4],[-69,-39],[-100,21],[-37,25],[16,98],[-153,42],[-21,317],[-81,160],[50,48],[-105,106],[8,51],[-57,129],[36,61],[140,114],[202,55],[-49,69],[35,54],[188,13],[97,-18],[323,143],[90,180],[226,-129],[167,-28],[219,120],[98,156],[-17,72],[115,113],[257,181],[102,30],[-145,152],[-80,12],[5,129],[-93,77],[23,160],[-116,22],[-99,120]],[[29936,67100],[-67,58],[-98,11],[-106,124],[-143,-49],[-95,31],[14,142],[-336,23],[-257,147]],[[28848,67587],[-126,-27],[-124,141],[-113,51],[-214,-5],[-234,-161],[15,-75],[-60,-40],[-63,-178],[-71,13],[-72,-34],[-12,-268],[136,-235],[-247,-36],[-312,62],[-116,91],[-118,-1]],[[27117,66885],[-116,-297],[20,-58],[-44,-54],[58,-137],[-122,-154],[-31,-60],[-153,-94],[-5,-80],[-3,-53],[41,-11],[-14,-122],[51,-70],[57,-200],[37,-63],[107,7],[9,-83],[130,-131],[109,-20],[-2,-69],[10,-68],[100,-79],[-1,-163],[72,-156],[163,-161],[19,-100],[-9,-52],[140,-249],[-14,-124],[126,-128],[-35,-269],[-140,-33],[-89,-100],[-197,20],[-288,-37],[-117,180],[-93,59],[-131,3],[-45,-72],[-140,-59],[-327,-40],[-63,-119],[-208,1]],[[21881,69968],[11,-53],[-80,-39],[83,-51],[-47,-29],[-38,23],[-14,-31],[44,-15],[-42,-79],[65,-5],[-77,-28],[50,-14],[-11,-41],[124,-4],[33,-31],[-50,-54],[-122,-35],[59,-59],[-35,-40],[80,-37],[134,44],[147,-81],[74,-116],[61,-7],[-43,-56],[345,-132],[33,-94],[393,233],[26,100],[269,247],[421,59],[10,109],[-95,201],[17,51],[-102,65],[93,26],[90,140],[78,37],[-67,81]],[[23798,70253],[-68,83],[33,152],[-59,201],[-359,331],[-22,68],[-139,88],[35,69],[-69,189],[39,78],[-135,124],[-244,42],[12,118],[-90,33],[-67,119],[-179,-16],[-142,-114],[-142,-50],[-54,-53],[-9,-120],[-178,-103],[-98,21],[-182,238],[-16,-108],[-92,-36],[-256,-373]],[[21317,71234],[334,1],[67,-43]],[[21718,71192],[108,-106],[33,-107],[141,-69],[134,-157],[150,-96],[106,19],[24,39],[89,-17],[125,30],[68,51],[24,-45],[-82,-103],[39,-51],[-263,-107],[-154,-107],[-287,-90],[-123,-86],[64,-105],[-33,-117]],[[28848,67587],[-3,52],[96,52],[63,108],[-90,96],[-17,140],[-139,79],[41,99],[-29,55],[-105,51],[-249,-21],[-271,104],[-76,201],[77,96],[-93,94],[59,27],[44,101],[-124,104],[0,115],[163,168],[14,117],[108,84],[20,71],[-232,383],[70,137],[-117,120],[9,75],[172,100],[-149,133],[181,157]],[[28271,70685],[253,-52],[132,29]],[[28656,70662],[-55,158],[162,230],[-13,241],[-119,229],[-84,78],[-161,61],[-75,91],[249,114],[103,130],[-104,89]],[[28559,72083],[-92,56],[-200,42]],[[28267,72181],[-1658,-1457]],[[26609,70724],[3,-97],[114,-43],[77,-200],[-14,-158],[-69,8],[-391,-120],[48,-79],[-48,-62],[48,-211],[-206,-137],[-17,-67],[-726,-786],[225,-64],[-72,-128],[-130,-176],[47,-71],[-177,-190],[-29,-102],[-101,-17],[35,-46]],[[25226,67978],[63,-97],[364,19],[-47,-92],[55,-65],[-25,-46],[168,-113],[409,-17],[45,40],[159,31],[76,-101],[44,-41],[-21,-58],[232,-198],[130,-127],[76,-40],[65,-133],[98,-55]],[[25526,75620],[-151,-39],[-58,-90],[138,-233],[-22,-241],[-64,-143],[-162,-137]],[[25207,74737],[106,-179],[-201,-330],[-70,-25],[116,-95],[23,-74],[-51,-43],[186,-222],[-69,-35],[2,-190],[-152,-182],[-102,-23],[-41,-88],[35,-83],[117,-88],[2,-123],[-264,-26],[-133,-196],[223,-270],[234,-17],[-45,-63],[-80,-5],[-32,-109],[123,-13],[290,-146],[73,20],[-36,-86],[30,-62],[171,-31],[31,-91],[116,-94],[-149,-234],[64,-76],[-54,-117],[-176,-298],[-74,-4]],[[25420,71039],[214,-274],[-12,-56],[78,-43],[176,-1],[-56,90],[31,99],[235,55],[91,-22],[140,-120],[213,-7],[79,-36]],[[28267,72181],[-156,97],[-73,98],[-132,11],[-81,50],[-129,-28],[-37,51],[83,139],[-16,90],[-93,15],[8,29],[523,446],[-67,158],[52,65],[-263,324],[14,93],[-58,46],[30,172],[48,43],[-43,136],[180,233],[320,159],[121,128],[170,35],[178,159],[94,256],[58,44],[-56,90],[85,64],[-52,152],[112,46],[6,74],[233,12],[52,47],[106,17],[79,126]],[[29563,75858],[-337,121],[-449,28],[-549,200],[-355,63],[-164,-9],[-169,-103],[-94,-16],[-339,4],[-418,78],[-121,-50],[-76,-126],[-171,-30],[-83,-159],[-348,-268],[-309,-89],[-55,118]],[[25226,67978],[-67,-55],[24,-75],[-69,-92],[75,-82],[-150,-30],[-142,-166],[64,-126],[-303,-99],[-155,-142],[-230,19],[-259,-35],[-42,6],[-119,-120],[-101,31],[-253,-41],[-146,-118],[-33,-330],[-135,-13],[-239,-93]],[[22946,66417],[26,-124],[108,-41],[23,-53],[154,-13],[81,-46],[0,-143],[24,-72],[58,-15],[12,-68],[82,-26],[97,-110],[11,-172],[52,-34],[79,-10],[127,-92],[79,14],[106,-90]],[[24065,65322],[17,-58],[59,46],[195,-58],[176,-157],[25,-89],[109,-64],[113,8],[22,-67],[84,-36],[21,-97],[75,16],[87,-43],[11,-67],[127,-88],[-14,-119],[43,-15],[-36,-38],[-7,-26],[163,-78],[-35,-59],[37,-73],[99,-119],[-15,-117],[90,-67],[114,11],[38,-25],[-20,-50],[166,-37],[88,-76],[82,-290]],[[29203,64100],[113,2],[224,-121],[119,-20],[195,-212],[72,16],[109,-31],[83,41],[278,-62],[149,17],[141,-107],[148,-36],[101,-110],[69,111],[132,49],[-184,188],[-22,92],[-126,44],[-94,110],[-18,85],[347,-1],[106,183],[202,47],[155,209],[24,190],[50,109],[158,75],[64,159],[194,99],[-19,119]],[[31973,65345],[-55,62],[-34,187],[1,44],[90,20],[107,2],[45,-48],[90,-8],[26,-83],[156,-156],[99,33],[125,-35],[215,11],[152,155]],[[32990,65529],[113,155],[-3,111],[-211,175],[-90,28],[-26,102],[-183,71]],[[32590,66171],[-172,206],[119,70],[-160,204],[-129,-23],[-103,62],[-211,-21],[-58,43],[-123,10],[-229,111],[-110,-11],[-103,230],[-166,-43],[-113,219],[-181,42],[-113,-162],[-354,338],[-80,-56],[-15,-100],[-164,-21],[-64,-123],[-125,-46]],[[21881,69968],[-223,-68],[-9,-71],[-189,-177],[21,-75],[-112,-71],[-41,-91],[-112,-31],[-95,-167],[-269,-115],[11,-57],[255,-95],[-26,-64],[-219,-37],[-73,-42],[-6,-115],[-64,-73]],[[20730,68619],[-92,-242],[104,-62],[63,-183],[-41,-68],[81,-77],[112,-100],[91,-199],[148,-77],[105,-143],[147,-148],[6,-163],[59,-54],[146,-88],[176,7],[25,34],[267,-11],[74,1],[47,-69]],[[22248,66977],[76,-19],[1,-72],[156,-55],[23,-109],[72,-12],[15,-50],[355,-243]],[[25420,71039],[-119,72],[-198,-63],[-9,-103],[-97,-61],[-29,-89],[-238,-174],[-229,-91],[-128,-192],[-223,-24],[-56,23],[-109,-55],[-187,-29]],[[21241,75632],[-92,-44],[-115,-134],[43,-156],[-49,-44],[56,-80],[-195,-56],[-201,-157]],[[20688,74961],[108,-88],[215,-87],[105,53],[109,-56],[-45,-141],[61,-17],[33,-71],[-66,-37],[-39,-162],[132,-27],[-22,-96],[82,-58],[-168,-188],[79,-186],[-94,-119],[-10,-269],[-141,-227],[-121,-106],[96,-60],[116,5],[86,-304],[-135,-181],[-178,-26],[-31,-88],[-90,-29],[-121,-345],[62,-278],[74,-137],[75,-34],[-7,-149],[242,-44],[101,-161],[121,-14]],[[25207,74737],[-52,-10],[-17,48],[-93,-23],[50,103],[-102,48],[-78,-14],[-128,-104],[-137,11],[-149,-41],[-314,-325],[-51,94],[54,124],[-86,109],[-96,-65],[-119,-12],[-147,41],[-88,-65],[-83,13],[-16,60],[-148,102],[-416,-65],[-213,68],[-195,-8],[-43,103],[-404,240],[-252,36],[-138,-122],[-59,-7],[-75,228],[59,148],[-79,33],[-74,113],[-145,-15],[-50,51],[-82,-2]],[[27768,83904],[-284,-65],[35,-55],[-794,-313],[-75,-131],[-98,-33],[-64,-120],[-92,-12],[-20,-76],[-190,-134],[-29,-113],[-185,-59],[-49,-82],[-97,-21],[-80,-87],[-204,-54],[-131,-234],[-269,-235],[36,-35],[-117,-10],[-147,-121],[-200,-56],[142,-269],[142,17],[37,-25],[70,-348],[-304,-122],[-125,12],[-44,-52],[-89,-22]],[[24543,81049],[-5,-96],[-161,-26],[-59,-269],[126,-26],[91,-242],[190,-87],[-8,-209],[96,-108],[-118,-423],[114,-100],[84,-5],[91,-103],[139,-40],[-295,-296],[73,-105],[-45,-65],[108,-93],[-37,-156],[119,-205],[184,-630],[-64,-300],[142,-40],[44,-85],[-11,-38],[-82,-21],[31,-249],[-39,-106],[76,-84],[234,24],[259,-103],[222,4],[-82,-115],[15,-56],[-60,-24],[-32,-342],[57,-67],[-101,-292],[-313,-251]],[[29563,75858],[129,353],[-165,784],[114,307],[44,217],[135,273],[82,419],[1,365],[-49,133],[-196,242],[59,93],[-161,73],[-215,205],[-150,44],[-187,200],[68,150],[135,99],[83,149],[-46,118],[11,348],[-181,17],[-187,258],[-393,162],[44,87],[-33,63],[-240,178],[-213,292],[-43,258],[1,1036],[-103,405],[40,62],[-68,93],[53,79],[-23,111],[-210,293],[69,80]],[[24543,81049],[-111,56],[41,39],[-83,251],[-60,43],[21,151],[-36,43],[-193,-15],[-142,48],[-110,-20],[-345,95],[16,-51],[-94,-65],[117,-128],[-31,-116],[-109,-115],[30,-136],[-89,-108],[-19,-137],[-175,-114],[40,-74],[-68,-77],[15,-87],[-55,-14],[17,-98],[90,-87],[-115,-56],[60,-147],[-55,-68],[-123,20],[-60,-39],[49,-134],[-36,-35],[152,-61],[-107,-164],[58,-35],[-5,-58],[-210,-201],[-236,-45],[46,-52],[-127,-113],[-13,-140],[-71,-57],[89,-68],[-105,-151],[-281,-19],[-142,-141],[-2,-62],[-185,-103],[-12,-283],[240,-90],[-28,-67],[-212,-149],[-107,-184],[54,-196],[-23,-135],[-179,-75],[-71,-92],[83,-174],[-98,-51],[-58,-147],[-176,-65],[-95,-157],[146,-439],[65,-18],[179,41],[20,-53],[-21,-58],[-137,-34],[-109,-144],[-11,-202]],[[29916,47034],[88,62],[33,97],[-49,74],[40,60],[142,114],[158,10],[52,-60],[134,32],[285,-71],[705,77],[64,-73],[451,165]],[[32019,47521],[24,65],[-130,94],[-44,148],[-80,75],[-73,-1],[58,131],[-68,81],[37,26],[-44,113],[-79,74],[-47,160],[140,40],[62,133],[-150,71],[34,83],[-12,93],[-96,25],[-8,43]],[[31543,48975],[-165,-33],[-156,112],[-94,-14],[-125,79],[7,52],[-141,-50],[-220,26],[-171,-88],[-86,18],[-56,-35],[-370,-14],[-98,-76],[-192,41],[-144,21],[32,-93],[-181,-61],[-72,-101],[-242,-58],[-45,-110],[-122,84],[-6,58],[-125,50],[52,79],[-72,107],[-64,33],[-222,-25],[-189,62]],[[28276,49039],[-99,-131],[-72,-29],[40,-86],[-143,-51],[-436,-4],[-180,126],[-280,-145],[-67,-70]],[[27039,48649],[-116,-148],[-141,-63],[143,-37],[-23,-67],[-78,6],[-64,-160],[-83,-65],[-191,49],[-179,-26],[154,-81],[-4,-106],[117,-100],[-39,-179],[-88,-98],[-110,-33],[-143,-208],[-267,-37]],[[25927,47296],[91,-63],[236,-55],[259,30],[-19,-74],[-111,-49],[-24,-60],[190,-182],[11,-39]],[[26560,46804],[62,46],[551,10],[143,33],[374,-93],[66,-66],[120,8],[111,-51],[51,53],[121,24],[81,186],[118,84],[0,130],[54,61],[117,67],[106,-40],[149,67],[148,-6],[-26,140],[339,216],[96,-49],[-36,-105],[122,51],[49,-104],[180,-57],[218,-200],[-43,-36],[65,-129],[20,-10]],[[29788,46301],[117,59],[110,-37],[124,10],[37,-47],[193,6],[-44,187],[-78,11],[42,97],[-121,48],[-20,65],[-115,37],[-30,146],[-87,151]],[[26560,46804],[364,-210],[125,-24],[192,64],[169,-32],[160,-105],[7,-24],[-86,-19],[132,-186],[8,-197],[96,46],[268,4],[42,76],[70,8],[41,112],[177,114],[224,61],[47,-61],[312,-93],[179,51],[193,-66],[87,42],[174,-23],[61,-42],[147,18],[39,-17]],[[34578,50655],[-167,79],[-113,-12],[-173,164],[-243,132],[-17,46],[-239,49],[-206,106],[-86,-5]],[[33334,51214],[-156,-31],[91,-165],[-115,-80],[-209,-58],[86,-120],[4,-195],[-194,-79],[-22,-89],[111,-113],[-155,-94]],[[32775,50190],[130,-70],[120,-162],[250,62],[60,-16],[146,63],[-74,-158],[91,-133],[-45,-133],[69,-59],[397,-161],[131,9],[31,72],[120,83],[75,139],[70,37],[38,98],[78,71],[-12,295],[113,92],[37,42],[-25,94],[3,200]],[[30277,50481],[-99,-114],[-112,-38],[-89,-126],[-26,-228],[116,-27],[-4,-173],[54,-100],[153,19],[87,-25],[-3,-80],[235,33],[149,-63],[182,13],[159,-86],[498,-116],[52,-76]],[[31629,49294],[62,93],[-33,83],[51,46],[137,-28],[129,56],[-2,169],[101,50],[5,166]],[[32079,49929],[-27,76],[-95,67],[-119,-10],[0,48],[-138,62],[-72,142],[-178,32],[-118,97],[-73,-1],[32,267]],[[31291,50709],[-223,44],[-342,-3],[-119,-160],[-79,-14],[-56,-60],[-195,-35]],[[28826,44474],[-51,-82],[27,-68],[-149,-124],[-19,-356]],[[28634,43844],[160,-28],[215,-95],[154,122],[90,-27],[170,-196],[-5,-110]],[[29418,43510],[302,-38],[303,16],[51,130],[105,32],[22,53],[147,9],[26,213],[94,64],[-24,45],[54,63],[406,-12],[94,32],[313,-109],[255,196],[213,-155],[74,86],[120,13],[45,49],[113,20],[92,-73],[49,-112],[-26,-100],[168,-184],[159,16],[326,-138],[-66,-75],[0,-83],[-62,-77],[7,-220],[-125,-83],[105,-123]],[[32758,42965],[11,101],[195,73],[93,135],[206,118],[9,70],[163,106],[5,63],[69,18],[73,107],[73,20],[84,-29],[213,67],[123,108],[11,116],[43,25],[32,-52],[258,-76],[233,147],[235,23]],[[34887,44105],[9,29],[2,171],[-89,71],[33,216],[-28,356],[91,25],[189,-7],[68,122],[140,-41],[82,82],[283,12],[-37,184],[-25,155],[-70,63]],[[35535,45543],[-12,118],[93,160],[-222,161],[-1,107],[-244,257],[29,19],[-156,202],[-91,129],[-8,164],[-81,33],[-43,109],[-134,78],[-87,147]],[[34578,47227],[-128,-60],[-81,10],[-72,-70],[5,-86],[86,-96],[-34,-13],[-395,305]],[[33959,47217],[-83,-27],[-11,-52],[81,-53],[-41,-29],[23,-165],[-87,-82],[-85,-21],[15,-67],[-99,-38],[-125,28],[-181,-50],[32,-189],[-162,42],[-77,-35],[-130,35],[-162,33],[-196,-50]],[[32671,46497],[29,-242],[63,-123],[13,-55],[-121,-89],[-227,56],[-18,-29],[32,-101],[-58,-52],[141,-79],[-55,-98],[8,-101],[-59,-59],[39,-52],[-81,-82],[130,-124],[-66,-138],[115,-30],[-67,-125],[43,-59],[-32,-36],[-321,-22],[-244,-130],[-148,120],[-165,60],[-176,-19],[56,-73],[-84,-88],[-95,50],[-175,24],[-104,77],[-402,-79],[-91,-45],[-119,0],[-350,44],[-133,-135],[-110,-18],[-17,-28],[-51,-44],[-52,-232],[-51,-28],[-80,-72],[-116,69],[-122,-21],[-207,89],[-259,43],[-58,53]],[[31543,48975],[-36,163],[122,156]],[[30277,50481],[-262,62],[-59,69],[-336,-21],[-217,-122],[-21,-63],[76,-63],[44,-130],[-27,-111],[-198,-211],[-67,24],[-38,20],[-107,51],[-164,-250],[-60,22],[-64,-41],[-68,122],[-191,-122],[-92,-166],[-149,-73],[-182,-16],[-66,-164],[142,-115],[116,-82],[-11,-62]],[[31311,51188],[-37,-50],[52,-394],[-35,-35]],[[32079,49929],[160,47],[160,172],[105,13],[26,-2],[127,55],[118,-24]],[[33334,51214],[-56,16],[60,47],[-25,64],[-142,37],[-75,89],[26,45],[-109,101],[-124,12]],[[32889,51625],[-120,-162],[-411,13],[-154,-58],[-104,-28],[-296,-40],[-209,6],[-33,-36],[-194,-43],[-57,-89]],[[22882,49156],[2,-60],[144,-19],[-27,-33],[-123,-10],[-41,-67],[-1,-36],[54,-8],[15,-139],[66,-3],[-2,-50],[81,12],[-11,-59],[126,36],[94,-89],[-7,-56],[-86,-12],[-56,-37],[19,-38],[-64,-19],[79,-14],[-16,-116],[96,-121],[-54,-54],[197,-153],[-36,-38],[45,-84],[-56,-27],[87,-130],[-50,-96],[21,-20],[50,40],[120,-49],[60,-119],[134,-65],[-30,-47],[40,-41],[79,-6],[8,-62],[59,-7],[46,-89],[-21,-74],[165,-92],[14,-63],[212,-83],[159,-138]],[[24473,46721],[36,90],[374,166],[232,184],[174,18],[279,-50],[230,171],[129,-4]],[[27039,48649],[-205,167],[-46,91],[-177,-151],[-297,-131],[-271,136],[-53,64],[241,158],[-450,253],[51,60],[-8,109],[-58,62],[49,96]],[[25815,49563],[-204,55],[-193,1],[-73,39],[-211,-61],[-102,95],[-159,23],[-300,212],[-152,-21],[-225,60],[-156,-119],[-145,35],[-221,-174],[-76,-11],[9,-70],[-220,-18],[-173,-213],[17,-114],[-112,-54],[-110,-94],[-127,22]],[[25423,52921],[260,17],[134,-48],[74,17],[83,-54],[60,-20],[154,49],[151,-89],[139,-29],[0,-19]],[[26478,52745],[126,-40],[121,-159],[176,-100],[67,42],[-24,38],[62,94],[120,46],[79,123],[624,125],[193,-46],[32,-24],[186,81],[221,14]],[[28461,52939],[56,135],[93,24],[-54,83],[102,54],[-115,63],[19,36],[151,43],[-14,37],[-6,70],[-181,89],[48,59],[-24,53],[65,49],[-259,183],[-44,95],[-185,104],[-2,71],[78,51],[-32,83],[-116,42],[-65,-40],[-132,120]],[[27844,54443],[-425,-121],[-62,54],[-128,-26],[-29,-227],[-134,-5],[-148,-95],[-139,48],[-115,-171],[-222,22],[70,-137],[-127,-64],[-71,-104],[-202,-33],[-263,-137],[-204,-29],[-7,-59],[-127,-53],[0,-38],[-210,2],[-54,-40],[-19,-76],[195,-233]],[[32019,47521],[163,-170],[-18,-48],[187,-134],[-67,-69],[42,-118],[-116,-141],[55,-66],[-43,-122],[144,6],[70,-95],[81,15],[30,-54],[124,-28]],[[33959,47217],[-186,277],[2,116],[142,106],[109,-7],[158,59],[56,60],[-16,72],[120,87],[157,17],[16,71],[-13,28],[136,96],[-9,179],[-116,133],[190,226],[-54,110],[96,128],[48,71],[65,5],[71,52],[55,143],[217,138],[-31,36],[17,53],[105,15],[93,146],[47,-9],[169,-344],[257,-90],[136,-133],[126,128],[71,75],[-38,182],[42,65],[0,63],[112,93],[-68,259],[-80,84],[-103,67],[-88,132],[-166,115],[-231,47]],[[35573,50368],[-100,27],[-296,44],[-225,84],[-158,128],[-97,28],[-119,-24]],[[27155,42261],[252,196],[115,45],[316,-95],[68,8],[48,64],[107,2],[6,306],[-222,209],[88,111],[182,96],[-26,58],[62,-7],[18,85],[62,42],[-52,430],[32,34],[423,-1]],[[28826,44474],[11,119],[123,208],[-116,39],[-205,-22],[-12,192],[-142,89],[-33,74],[93,144],[-197,53],[-117,-17],[-163,113],[-35,129],[87,63],[108,-91],[179,-40],[759,-44],[54,196],[101,62],[14,111],[93,93],[156,154],[160,85],[44,117]],[[24473,46721],[-7,-144],[-85,-69],[28,-108],[-62,-18],[-13,-61],[152,-212],[-55,-18],[52,-66],[-37,-31],[32,-61],[-59,-10],[38,-35],[-49,-19],[208,-85],[-3,-59],[69,-22],[28,-72],[0,-138],[51,0],[-14,-38],[124,-93],[0,-140],[78,-92],[-16,-58],[-111,-20],[-24,-47],[91,-31],[78,-175],[257,-157],[65,-3],[75,-106],[92,-28],[39,-111],[74,-48],[-37,-65],[86,-34],[-48,-157],[239,-145],[-37,-25],[59,-68],[-9,-135],[352,-160],[78,-125],[-93,-31],[-15,-44],[268,-154],[44,-106],[91,-67],[-18,-119],[207,-88],[246,-193],[58,-108],[-62,-30],[177,-231]],[[25964,49733],[109,-26],[370,28],[142,-59],[68,40],[174,4],[193,-37],[65,-47],[145,60],[122,-4],[172,183],[176,-15],[13,-34],[86,14],[56,-28],[120,65],[40,195],[-54,336],[87,100],[-78,101],[299,105],[95,1],[44,-36],[218,74],[149,130],[90,-9],[110,87],[179,47],[28,47],[116,42],[-48,99],[56,105],[80,78],[123,8],[107,220]],[[29616,51607],[-28,36],[-211,39],[-29,79],[62,12],[44,84],[-22,114],[136,105],[-73,116],[67,122],[-91,73]],[[29471,52387],[-69,69],[-107,-33],[-240,146],[-81,4],[-64,101],[-69,23],[7,43],[-387,199]],[[26478,52745],[-114,-16],[-71,-66],[-144,-232],[-7,-92],[183,-180],[-29,-45],[49,-106],[-94,-81],[117,-36],[48,-201],[132,-24],[96,-105],[71,-61],[-108,-190],[107,-76],[-2,-54],[-103,-17],[-193,-169],[-136,-24],[-188,-184],[-24,-52],[-280,-143],[-21,-229],[91,-72],[116,-20],[76,-109],[79,-14],[-247,-49],[-207,25],[56,-75],[-8,-157],[69,-90],[172,-68]],[[29701,51591],[149,-171],[-19,-74],[-117,-30],[61,-173],[286,-108],[238,-14],[332,97],[442,-31],[238,101]],[[32889,51625],[-104,113],[21,104],[-52,63],[14,67]],[[32768,51972],[-165,102],[-85,182],[-130,62],[-33,145],[-166,90],[6,79]],[[32195,52632],[-114,-10],[-146,64],[-224,-132],[-186,-26],[-494,-209],[42,-33],[-185,-160],[-196,-44],[-72,-129],[56,-54],[293,-139],[276,-197],[-59,-19],[-134,41],[-107,-48],[-257,-5],[-379,47],[-224,-97],[-97,105],[-287,4]],[[29418,43510],[-278,-159],[-84,20],[-140,-53],[-22,-48],[-165,-37],[-12,-108],[-190,-207],[14,-66],[-79,4],[-10,-49],[-127,-48],[-53,-63],[-9,-142],[75,-55],[69,86],[138,-41],[10,66],[117,47],[187,-9],[149,60],[210,153],[176,-33],[22,-51],[-123,-31],[5,-127],[-186,-91],[-56,-108],[56,-110],[147,-61],[2,65],[114,66],[222,35],[21,-169],[-68,-39],[-3,-93],[-60,-37],[130,-93],[-3,-173],[90,-82],[-122,-78],[-99,-343],[531,281],[123,5],[105,-66],[71,6],[393,117],[164,-35],[234,122]],[[31104,41738],[-143,91],[12,73],[175,209],[101,6],[161,174],[17,-8]],[[31427,42283],[50,65],[141,44],[82,113],[151,61],[159,-25],[28,56],[119,28],[208,-4],[176,-52],[98,18],[18,55],[170,186],[-9,85],[-60,52]],[[27844,54443],[454,118],[34,73],[138,38],[-28,45],[157,128],[124,19],[128,-48],[91,26],[190,212],[468,48],[84,126]],[[29684,55228],[-76,40],[16,96],[129,99],[-146,143],[-231,68],[-28,42],[51,64],[-120,29],[-59,74],[-97,56],[142,150],[-198,72],[-28,92]],[[29039,56253],[-560,-130],[-197,18],[-62,-39],[-273,-10],[-194,63],[-310,-42],[-143,106],[-123,-42],[-96,9],[-18,-66],[-227,-455],[-51,-216],[-75,-24],[-292,-54],[-283,-62],[-102,-86],[-66,-97],[-220,-81],[-21,-42],[-115,-14],[-102,-78],[-170,-83],[-35,-41],[98,-109],[-111,-120],[-102,-39],[-30,-327],[-136,-193],[-7,-89],[-95,-60],[-24,-65],[-123,-36],[-115,-98],[-113,-170],[15,-46],[104,-45],[65,-140],[-66,-146],[-265,-145]],[[24399,52959],[154,-53],[94,14],[77,-74],[-1,-78],[84,-35],[159,-1],[93,136],[139,-20],[225,73]],[[31259,53755],[-348,-154],[-175,-78],[-108,-116],[-149,-54],[-85,25],[-112,-79],[-114,-214],[11,-196],[134,-97],[-91,-79],[-200,14],[-149,-43],[-161,-134],[-78,-4],[-110,-66],[25,-50],[-78,-43]],[[29616,51607],[85,-16]],[[32195,52632],[-35,164],[-78,95],[9,92],[-211,32],[-59,53],[48,236],[-60,104],[-116,81],[-35,61],[35,61],[-51,18]],[[31642,53629],[-137,-15],[-246,141]],[[24399,52959],[-93,-31],[-200,12],[-114,-33],[-72,20],[-116,-46],[-183,4],[-32,-52],[-131,15],[-192,-128],[-253,-66],[-214,-131],[-385,-101],[-244,-10],[-264,-120],[-108,-96],[-180,-355],[91,-171],[-109,-206],[4,-87],[-118,-67],[-196,-88],[-120,10]],[[21170,51232],[6,-77],[-51,-42],[-61,26],[3,-53],[197,-52],[82,-63],[-95,-65],[-32,-102],[119,-179],[75,43],[-23,-41],[42,32],[-6,-32],[138,13],[144,-73],[115,-145],[-37,-37],[46,10],[18,-134],[-104,-134],[-307,57],[41,-55],[-37,-28],[56,5],[16,-58],[88,-53],[102,5],[-53,-47],[65,-12],[-7,-43],[69,-18],[20,-65],[95,-34],[-29,171],[-76,54],[20,57],[95,37],[337,-19],[165,-119],[28,-92],[-61,-184],[-123,-30],[-74,-72],[-60,13],[-4,-33],[209,-67],[5,-137],[149,-54],[-15,-63],[72,25],[-19,60],[108,9],[33,-61],[109,2],[41,-81],[15,27],[82,-24],[-19,-44]],[[25815,49563],[82,148],[67,22]],[[31259,53755],[-36,43],[-228,87],[-47,228],[-190,54],[-66,84],[-75,259],[-8,4],[-86,68],[-7,122],[-143,40],[25,44],[-98,79],[-30,114],[-114,50],[-172,35],[-31,131],[-269,31]],[[65126,25228],[-36,-10],[9,-89],[-119,32],[-72,-107],[-142,55],[-99,-76],[-227,-55],[-92,-146]],[[64348,24832],[83,-66],[143,-36],[549,-408],[224,-19],[66,-31],[9,-356],[89,-113],[-38,-77],[60,-90],[-49,-118],[49,-32],[-56,-83],[20,-62],[-2,-61],[79,-44],[-25,-91]],[[65549,23145],[118,-44],[193,12],[42,-66],[248,-114],[112,82],[123,-60],[47,-109],[121,-17]],[[66553,22829],[43,132],[96,62],[-37,18],[25,42],[150,62],[-5,86],[322,7],[91,121],[56,11],[33,91],[-93,129],[52,115],[67,38],[0,110],[220,21],[41,85],[69,-17],[178,109],[-112,118],[40,57],[177,60],[55,47],[190,44],[156,120],[121,43],[73,-28],[-56,138],[56,35],[-17,63],[-125,42],[-12,57],[-126,53],[-43,83],[71,31],[201,-3],[30,77],[252,44],[135,102],[123,0],[-9,-73],[182,-40],[403,23],[88,-23],[186,-118],[62,-98]],[[69962,24905],[87,144],[95,451],[117,164],[179,52]],[[70440,25716],[-2,46],[-170,149],[-235,33],[-115,66],[-182,-21],[-46,68],[-224,69],[-102,-30],[-94,88],[-118,25],[-89,-60],[-151,1],[-51,84],[-106,5],[-105,58],[-81,-37],[-61,72],[-89,84],[-128,-47],[-292,114],[-56,59],[-98,-6],[-30,40],[-140,33],[-179,160]],[[67496,26769],[-98,-50],[-68,13],[-29,41],[38,108],[-43,36],[-142,-26],[-102,28],[-72,-31],[-164,46],[-214,15],[-20,90],[-74,63],[-212,27],[-411,-29],[-237,-190],[-77,-20],[-87,38],[-29,34],[-98,8],[-129,-142],[-307,-60],[-90,80],[-121,-30],[-142,114],[-52,-30],[16,-58],[-91,-45]],[[64441,26799],[146,-34],[120,-201],[105,-16],[510,-228],[54,-55],[-3,-116],[205,-13],[24,-52],[208,-236],[255,-111],[77,-78],[-47,-6],[-215,-257],[-263,-71],[-119,31],[-175,-37],[-24,-40],[-72,7],[-101,-58]],[[65126,25228],[43,151],[-140,56],[-76,11],[-15,130],[-120,138],[-186,93],[-47,72],[41,35],[-99,130],[112,85],[-52,83],[37,98],[-177,53],[-166,1],[-235,-91],[-147,-12],[-85,171],[50,58],[-25,127]],[[63839,26617],[-71,62],[-119,-14],[-404,116],[-76,-54],[-85,3],[-8,66],[-111,50],[-448,-55],[-51,49],[-127,-13],[-66,43],[-82,0]],[[62191,26870],[-150,-190],[-98,-49],[32,-82],[-79,-130],[173,-181],[81,-248],[-328,78],[-66,-103],[-153,-41],[-89,-72],[-83,61],[-75,-16],[-152,67],[-129,-71],[-139,-3],[-20,-67],[112,-153],[-70,-76],[-31,-152],[-74,-54],[69,-148],[-180,-42],[-353,32]],[[60389,25230],[34,-41],[-135,-2],[-7,-47],[-302,-46],[-71,8],[-104,-51]],[[59804,25051],[43,-155],[143,-160],[216,-156],[19,-64],[6,-134],[109,-160],[143,-50],[57,-79],[51,-67],[42,-149],[134,-90],[48,-119],[-15,-87],[-33,-89],[81,-112],[9,-38],[26,-73],[194,-112],[68,-188],[196,-259],[61,-21],[10,-69],[163,-107],[29,-162],[60,-58],[-40,-223],[-85,-72],[-59,-192],[-142,-108],[-3,-129],[-45,-48],[-175,-34]],[[61115,21487],[88,-221],[151,-46],[-25,-86],[154,-59],[20,-85]],[[61503,20990],[77,-36],[16,-108],[109,-59]],[[61705,20787],[169,57],[-49,62],[12,172],[144,85],[-40,32],[32,126],[101,34],[94,116],[-38,90],[204,144],[47,165],[404,147],[-57,120],[57,103],[-47,14],[13,58],[-49,41],[5,141],[-126,112],[8,121],[-162,46],[33,79],[84,0],[32,37],[-65,64],[44,55],[-89,99],[5,67],[225,60],[33,110],[35,26],[-45,222],[190,217],[-41,143],[109,151],[-69,57],[171,106],[141,32],[148,30],[101,22],[27,132],[132,92],[0,55],[144,140],[202,-68],[187,58],[-1,49],[102,42],[86,-18]],[[69872,20148],[63,103],[16,200],[-325,295],[121,123],[341,176],[31,84],[304,-12],[287,121],[63,141]],[[70773,21379],[-93,45],[-12,322],[44,17],[-25,80],[80,81],[156,54],[-49,110],[-48,13],[-50,4],[-81,99],[-76,-78],[-79,1],[-248,111],[-131,136],[-65,149],[-140,23],[-147,112]],[[69809,22658],[-36,8],[-78,-44],[-107,6],[-81,-79],[-221,-50],[-188,-130],[-244,88],[-103,-148],[0,-87],[-97,-7],[22,-134],[-112,-95],[83,-98],[-72,-74],[-222,13],[-87,-43],[-83,25],[-22,52],[-162,25],[109,123],[-107,71],[4,170],[-173,87],[-99,-24],[-50,28],[-92,-15],[-60,-84],[-211,-79],[-32,120],[-70,-9],[-26,36],[-209,-78],[-90,32],[-110,-20],[-77,57],[45,44],[-97,79],[-41,58],[-135,54],[119,123],[-67,133],[23,37]],[[65549,23145],[-98,29],[-19,-59],[-137,-36],[-10,-62],[-204,-61],[83,-83],[2,-131],[-65,-109],[132,-80],[72,-139],[71,-45],[-83,-74],[-139,-31],[0,-194],[-22,-4],[-79,-102],[121,-70],[160,-22],[70,-243],[121,-39],[69,-114],[46,-40],[214,-82],[10,-48],[-62,-45],[-4,-91],[-77,-52],[53,-196],[-41,-76],[95,-54],[-87,-42],[42,-70],[-55,-93],[-136,-24],[-25,-248]],[[65567,20315],[149,-173],[189,58],[152,-169],[155,-68],[141,54],[58,-67],[344,-58],[16,-97],[78,-24],[64,-161]],[[66913,19610],[3,0],[102,125],[42,193],[304,281],[152,-79],[230,110],[125,3],[8,-179],[211,-13],[56,-52],[306,107],[328,-41],[86,-74],[-23,-69],[61,-60],[74,32],[50,109],[142,52],[279,62],[112,-24],[55,40],[256,15]],[[61705,20787],[-42,-118],[-168,-99],[172,-295],[-19,-116],[-70,-75],[-308,-38],[-106,-82],[34,-66],[-45,-46],[63,-25],[-23,-40],[71,-65],[-19,-199],[124,-140],[165,1],[111,-132],[120,-18],[119,-76],[156,15],[95,203],[285,172],[93,31],[112,270],[148,98],[57,90],[48,-9],[59,-113],[177,-73],[156,5],[166,-96],[189,132],[277,-1],[80,46],[220,-23],[95,110],[199,62],[234,-41],[19,-53],[76,-7],[54,38],[-43,87],[95,105],[276,-82],[165,53],[-4,180],[199,-42]],[[69962,24905],[-129,-143],[48,-180],[-81,-163],[238,-219],[-46,-271],[120,-182],[-35,-69],[207,-81],[19,-134],[-42,-64],[76,-69],[129,44],[64,-45],[156,-5],[-58,-182],[206,-164],[-251,-137],[-37,-210],[-239,-20],[-362,149],[-136,-102]],[[70773,21379],[131,44],[168,-70],[235,92],[-39,71],[358,43],[78,297],[116,-4],[68,83],[73,16],[11,60],[146,38],[7,49],[125,71],[-2,86],[74,64],[246,45],[113,54],[239,202],[70,7],[-147,186],[267,174],[34,87],[-58,53],[42,39],[4,2],[-26,141],[-48,33],[38,168],[94,104],[-71,336],[36,165]],[[73155,24115],[-175,154],[-27,96],[-79,20],[-136,293],[-88,58],[-119,206],[-102,23],[-144,173],[-185,12],[-134,94],[-202,35],[26,42]],[[71790,25321],[-16,43],[-111,44],[3,57],[-49,-29],[-85,59],[-228,-43],[-60,-74],[-114,-27],[-21,56],[-313,91],[-116,87],[-262,36],[22,95]],[[59331,28011],[-39,-113],[-88,-34],[-19,-117],[157,-226],[-4,-20],[-106,-17],[-92,-67],[27,-93],[-78,-213],[-67,-61],[155,-198],[-13,-63],[-76,-49],[30,-87]],[[59118,26653],[93,-77],[46,-115],[107,-287],[-14,-92],[76,-162],[-80,-52],[82,-118],[307,-83],[224,-97],[-11,-69],[52,-4],[75,-51],[-12,-73],[104,-4],[222,-139]],[[62191,26870],[-285,-3],[-100,170],[-134,92],[-29,-10],[-88,-1],[-29,60],[-116,55],[-210,4],[-32,138],[-101,-7],[-87,61],[-73,-20],[-25,46],[-113,13],[-129,117],[-123,34],[-45,62],[-187,-1],[-88,90],[-233,-15],[7,43],[-76,17],[43,80],[-72,170],[92,92],[-17,63],[-87,46],[-117,22],[-128,-24],[-5,-51],[-158,-52],[-115,-150]],[[64441,26799],[-58,-49],[-64,5],[-83,57],[18,48],[-54,38],[31,47],[-142,27],[-56,-40]],[[64033,26932],[19,-71],[-112,-101],[24,-80],[-125,-63]],[[79049,13084],[-128,82],[-97,-10],[-264,81],[-471,-8],[-97,13],[-70,-50],[-133,47],[-160,-31],[-124,37],[-197,-25],[-19,-77],[-363,-255],[-392,64],[-169,-54],[-26,32],[-83,115],[-222,152],[-107,3],[-10,44],[-175,58],[-179,142],[-162,-71],[-104,100],[50,164],[-254,130],[-252,60],[-167,109],[66,71],[-72,211],[60,31],[-101,40],[-14,46],[-53,8],[-307,-195],[-257,-55],[-299,-159]],[[73697,13934],[-184,-168],[-18,-88],[-72,4],[-108,87],[-92,-22],[-222,-225],[-320,-106],[-109,-60],[-1,-47],[-168,-22],[-123,61],[-149,-165],[-121,-55],[-88,18],[-106,-98]],[[71816,13048],[-192,-207],[-5,-63],[167,-112],[-37,-62],[-192,-118],[43,-171],[-141,-225]],[[71459,12090],[365,-35],[168,232],[146,-7],[0,57],[153,177],[184,59],[190,-39],[194,100],[58,-35],[-61,-113],[71,-136],[-30,-165],[-91,-83],[68,-298],[87,-7],[182,-96],[481,380],[253,8],[54,-36],[99,5],[298,-84],[277,-381],[312,-188],[152,-169],[85,-38],[101,-227],[-22,-65],[-111,-28],[19,-93],[-140,-17],[56,-102],[135,25],[220,-50],[12,-150],[225,-10],[25,-46],[-111,-99],[-99,-21],[-25,-93],[-80,-37],[189,-125],[253,-81],[117,-98]],[[75918,9881],[445,-91],[199,91],[25,103],[197,16],[170,156],[-88,184],[77,50],[69,77],[176,65],[232,67],[14,-2],[-26,41],[-95,67],[-32,90],[-28,32],[2,156],[45,69],[282,89],[163,104],[67,-2],[46,41],[386,-64],[225,44],[332,262],[11,79],[103,111],[72,177],[-52,75],[86,145],[-203,137],[-60,121],[-134,37],[3,182],[64,74],[280,18],[143,52],[104,86],[-221,192],[52,72]],[[82704,13264],[-157,-35],[-101,-107],[-223,25],[-234,-103],[-145,0],[-55,-40],[-321,9],[-228,-40],[-291,-158],[-151,38],[-2,89],[-227,-40],[-218,28],[-72,-103],[-277,-55],[-100,-73],[-539,239],[-43,149],[-271,-3]],[[75918,9881],[44,-95],[103,-50],[-103,-99],[48,-36],[116,-36],[206,82],[227,-32],[-118,-186],[-240,-63],[7,-118],[-54,-13],[67,-228]],[[76221,9007],[140,36],[68,-60],[88,117],[59,14],[223,-26],[167,-72],[148,84],[140,-82],[50,-183],[113,-41],[40,-99],[135,-51],[95,23],[200,32],[33,138],[93,12],[110,-60]],[[78123,8789],[446,119],[127,-29],[50,-94],[161,-56],[288,135],[34,62],[-81,55],[19,86],[77,45],[37,363],[39,45],[109,13],[-19,111],[108,113],[103,315],[-104,132],[56,105],[182,14],[174,-61],[454,-18],[117,76],[114,-26],[132,19],[91,30],[73,-49],[149,20],[60,41],[70,-169],[143,-7],[52,-64],[151,11],[110,87],[107,0],[103,107],[-85,64],[-94,170],[93,101],[-89,48],[45,117],[-51,43],[24,43],[-107,239],[232,9],[105,-33],[36,85],[184,90],[112,25],[164,-37],[104,142],[182,124],[-25,36],[-152,25],[103,153],[-50,115],[-145,49],[85,69],[-33,70],[39,69],[-226,121],[163,64],[-24,72],[89,7],[80,130],[412,7],[-23,78],[-107,60],[34,148],[-94,19],[66,113]],[[82902,12955],[-171,41],[76,120],[-54,22],[-49,126]],[[80349,11072],[171,-20],[162,-78],[110,-217],[-4,-65],[-59,-31],[77,6],[-75,-63],[-165,51],[-169,4],[-124,90],[-143,31],[-158,-52],[-85,74],[48,92],[159,40],[282,-6],[31,41],[-100,68],[42,35]],[[72138,7788],[137,177],[128,38],[35,54],[-201,140],[-404,78],[100,98],[-39,49],[78,53],[165,27],[248,-6],[168,155]],[[72553,8651],[34,55],[-36,68],[-107,3],[-216,175],[-180,49],[3,86],[-264,111],[-180,-6],[-173,60],[-76,120],[73,185],[624,642],[-35,134],[2,-137],[-187,-187],[-131,-88],[-116,4],[-272,-288],[-156,17],[-119,-135],[-53,79],[-200,22],[-70,-12],[-71,-83],[-149,-28],[-87,5],[-33,41],[-187,-18],[-85,52],[-73,-14],[-30,236],[-199,-47],[-97,41],[-45,-77],[-142,9],[-51,-29],[-36,63],[-175,0],[-122,-52],[-26,56],[-116,20],[-30,101],[-141,20],[261,137],[201,-3],[101,107],[169,9],[87,68],[128,152],[144,371]],[[69914,10745],[-130,143],[-316,-290],[-290,69],[-108,-128],[-159,-52]],[[68911,10487],[-77,-171],[-171,28],[-357,177],[-93,124],[-191,123],[-55,87],[-259,128],[-47,70],[-353,91],[-19,33],[-79,179],[-7,272],[-55,102],[-200,176],[-13,262],[-287,398],[-121,46],[-129,61],[-353,-30],[-225,71],[-99,18],[-540,6],[-174,57],[-13,41],[-142,65],[-123,-135],[-125,41],[-197,-79],[-93,107],[163,63],[35,51],[-160,350],[-136,60],[-83,114],[-268,52]],[[63865,13525],[31,-54],[-49,-130],[81,-103],[-37,-144],[52,-49],[19,-159],[-155,-41],[47,-205],[29,-115],[58,-42],[12,-296],[148,-185],[-31,-87],[58,-276],[33,-329],[-177,-41],[-6,-50],[-83,-49],[-82,-266],[-276,-93],[-133,-187]],[[63404,10624],[153,39],[93,-20],[0,-40],[133,13],[68,-46],[87,11],[52,69],[88,-3],[133,-78],[238,-24],[81,-102],[135,-63],[224,-26],[378,-176],[19,-59],[300,-62],[86,12],[137,-57],[526,-6],[563,-251],[588,-343],[387,-113],[172,-29],[717,-59],[1298,-209],[247,-184],[89,-15],[37,-67],[217,-7],[-9,-46],[159,-28],[92,-92],[106,-35],[-29,-26],[49,-49],[129,-25],[-15,-34],[137,-63],[47,-64],[-64,-65],[75,-64],[-36,-26],[27,-53],[95,11],[103,-69],[123,0],[121,-81],[40,34],[128,-46],[56,-69],[30,16],[36,-78],[88,11]],[[55912,15672],[-195,34],[-132,-23],[-172,20],[-53,69],[73,58],[-129,70],[-84,248],[160,186],[-197,35],[-96,93],[-75,-19],[-36,39],[-141,4],[-277,166],[-15,34],[131,94],[-12,67],[93,77],[-102,168],[86,76],[-23,53],[-53,93],[-148,62],[-188,1],[-79,-39],[-392,84],[-86,64],[-314,49],[-419,-48],[-182,134],[-184,-82],[-213,38],[-82,-38],[-214,12],[-38,67],[-143,8],[-180,137]],[[51801,17763],[-401,-217],[-332,-87],[-175,0],[-483,-275],[-57,-150],[-140,-122],[-36,-248],[-282,-169],[-100,-114],[-15,-171],[-213,-261],[-220,-69]],[[49347,15880],[227,-85],[298,-8],[173,-55],[89,-112],[502,-118],[362,-147],[141,-103],[-57,-83],[77,44],[125,-18],[624,-177],[481,-191],[16,-37],[266,-76],[1416,-344],[76,-36],[2,-160],[75,-61],[126,-168],[329,-176],[68,10],[101,-42],[64,26],[140,-68],[169,6],[1,-42],[106,53],[70,-36],[102,52],[305,-94],[53,-120],[288,-64],[272,-50],[969,-322],[216,-207],[-66,-129],[100,-45],[19,-59],[225,-14],[81,-76],[160,-42],[48,-78],[405,-156],[162,-68],[92,-106],[276,-105],[841,-221],[57,-65],[165,-70],[-4,-119],[49,56],[141,43],[213,-59],[33,28],[198,-5],[414,-106],[64,28],[589,-210],[263,9],[944,-262],[243,-125],[-40,-127],[113,-164]],[[63865,13525],[-134,27],[-97,239],[54,60],[-11,136],[46,59],[-37,142],[124,186],[-36,37],[30,140],[122,122],[3,1],[67,173],[-44,148],[26,86],[-59,103],[157,223],[8,103]],[[64084,15510],[-115,58],[-33,95],[-187,177],[-113,256],[-99,57]],[[63537,16153],[-170,2],[-316,-69],[-234,97],[-199,-64],[-203,127],[-106,-18],[26,87],[-110,41]],[[62225,16356],[-292,-130],[-407,-69],[-207,-87],[-302,24],[-129,-79],[-102,-16],[-233,25],[-277,-113],[-559,284],[-161,212],[24,42],[-133,-6],[-101,84],[-467,2],[-149,-73],[104,-232],[-49,-51],[58,-60],[-31,-56],[42,-85],[-65,-72],[-95,1],[-42,-56],[-147,-38],[-219,-148],[-95,-167],[-133,-103],[-324,-145],[-74,-221],[-345,-162],[-168,58],[65,364],[72,71],[-94,129],[46,75],[237,59],[48,194],[-219,290],[-57,-9],[-130,73],[-207,-114],[-141,-19],[-43,-60],[-103,-15],[-20,-95],[43,-17],[-119,-177],[-238,-54],[-375,58]],[[69914,10745],[179,97],[52,251],[91,36],[192,3],[57,80],[103,47],[107,-21],[-60,59],[56,200],[-11,186],[85,54],[20,142],[-101,78],[409,135],[366,-2]],[[71816,13048],[-559,208],[113,223],[-126,55],[9,241],[-128,77],[156,111],[143,-47],[-9,105],[244,260],[94,131]],[[71753,14412],[-34,75],[95,238],[172,119],[-65,179],[134,132],[-41,251],[-145,14],[-302,-86],[-349,266],[-94,18],[292,108],[60,184],[131,37],[151,277],[-240,21],[43,129],[-112,186],[55,94],[-2,136],[213,247],[-149,209],[329,105],[111,189],[-38,61],[73,140],[145,157],[313,21],[126,65],[143,252],[-125,129],[145,180]],[[72788,18545],[-58,201],[10,81],[71,66],[-396,54],[-135,-47],[6,-35],[-354,-69],[-131,-122],[-206,-82],[-63,-118],[56,-173],[-89,-239],[-164,-116],[-82,-14],[-160,-149],[-283,-9],[-150,-140],[20,-79],[86,-26],[7,-75],[-153,-236],[37,-179],[60,-54],[-81,-50],[-352,-114],[-141,-155],[-16,-122],[99,-259],[-46,-11],[-63,-150],[-156,56],[-404,-59],[-69,-62],[-23,-157],[124,-215],[-149,-148],[-135,-159],[-110,-42],[-104,19],[-107,-63],[-145,-3],[-38,-48],[-168,-1],[-77,49],[-175,27],[-234,-69],[-206,-143],[-55,-100],[53,-48],[117,-120],[-15,-118],[158,-80],[107,-183],[87,-42],[104,7],[52,51],[42,-40],[74,29],[60,-102],[112,-35],[223,-315],[123,-79],[107,-46],[135,-297],[165,-158],[-91,-96],[-195,-73],[-279,-82],[-102,6],[15,-142],[-131,-58],[41,-78],[133,-56],[-9,-65],[79,-98],[-139,3],[-66,54],[-121,25],[-380,-28],[-65,40],[-41,158],[-63,-15],[-117,-133],[-92,-300],[42,-155],[164,-158],[-54,-237],[72,-156],[-20,-141],[178,-155],[108,-5],[-39,-242],[284,-343],[91,-266],[118,-147]],[[71753,14412],[191,165],[369,122],[194,166],[236,122],[84,-145],[280,-157],[-88,-41],[-100,17],[15,-39],[126,-37],[88,-121],[-21,-59],[135,-68],[8,-115],[154,-164],[-1,-53],[143,-70],[131,-1]],[[82704,13264],[-162,178],[-158,-23],[-56,28],[-19,156],[38,47]],[[82347,13650],[-124,98],[-107,182],[-177,137],[71,23],[84,134],[140,48],[39,108],[-142,171],[-1,232],[-167,141],[-341,109],[-136,129],[-59,56],[0,116],[-89,74],[82,55],[-82,105],[25,59],[156,93],[15,90],[-97,77],[-167,53],[-94,146]],[[81176,16086],[-58,-84],[-230,-97],[25,-72],[-103,-35],[-146,25],[-128,143],[-213,-74],[-183,65],[-35,35],[25,185],[166,178],[-124,191],[16,164],[-129,86],[-111,23],[-59,141],[73,63],[76,1],[86,86],[100,87],[-135,159],[-64,19],[125,107],[158,65],[45,88],[-145,67],[-31,68],[-245,43],[-84,100],[2,107],[-66,12],[-83,-112],[-140,68],[-172,-33],[38,-84],[-406,-227],[-101,16],[-39,95],[-188,37],[-54,68],[-88,1],[-199,191],[-162,63],[-32,116],[-70,24],[29,32],[-129,36],[-35,86],[-138,-24],[-328,47],[-29,-158],[51,-124],[151,-66],[-10,-108],[-217,-113],[-465,98],[-132,-366],[-225,-94],[-200,75],[-159,123],[-66,109],[-326,5],[-223,49],[-248,-13],[-109,70],[-120,12],[-110,-59],[-175,18],[-92,162],[208,56],[103,66],[346,72],[20,81],[-53,69],[191,231],[-309,149],[-62,89],[-263,-56],[-8,97],[-254,28],[-30,56],[66,103],[-111,101],[-56,190],[-140,64]],[[74431,19448],[-109,-85],[10,-116],[-61,-44],[-204,63],[-94,-79],[-97,-48],[-92,-128],[-204,-88],[-208,48],[-46,-119],[-99,-44],[43,-128],[-37,-62],[-206,22],[-239,-95]],[[74431,19448],[-207,-11],[-70,36],[-30,155],[-207,131],[103,117],[-49,40],[181,79],[-350,171],[-20,66],[-104,72],[-184,-70],[-250,-312],[23,-108],[-50,-89],[76,-116],[-23,-102],[52,-77],[-48,-97],[61,-14],[60,-87],[-119,-55],[-50,-263],[-236,20],[-108,147],[-323,155],[-59,88],[55,125],[-111,65],[-82,-4],[-28,-44],[-86,42],[-148,2],[-180,-137],[-66,18],[-166,-68],[-87,48],[-495,-165]],[[71106,19206],[105,-349],[-157,-176],[-353,-96],[-52,-59],[-200,7],[-31,-138],[-61,-60],[-445,-89],[-45,-40],[84,-32],[-22,-40],[-474,-114],[-14,-49],[88,-70],[134,-38],[105,-159],[-116,-146],[17,-54],[-69,-46],[74,-81],[-179,-83],[-68,-75],[-108,-36],[-252,20],[-122,-43],[-90,-88],[-93,28],[-155,-33],[-112,-76],[-140,34],[-232,-54],[-364,-55],[-341,49],[-39,-41],[-15,-141],[-170,-97],[-19,-57],[-186,-66],[-40,-202],[-111,-115],[-42,-118],[-95,-48],[-129,15],[-25,-35],[-320,84],[-249,-18],[-97,-116],[-60,-224],[33,-101],[-130,-135],[-296,-84],[-385,-237],[-190,-5],[-72,-49],[-257,85],[-366,213],[-74,37]],[[72138,7788],[0,-59],[155,-14],[-2,-55],[151,-45],[-23,-30],[40,-21],[194,-23],[-26,-45],[148,-99],[-72,-52],[6,-54],[166,21],[138,-57],[201,34],[198,-34],[50,-59],[538,-188],[205,-109],[236,-200],[429,-252],[369,-114],[933,-143],[812,-202],[50,-40],[206,42],[72,-93],[101,28],[104,-83],[94,-21]],[[77611,5821],[200,166],[193,16]],[[78004,6003],[676,548],[224,81],[92,71],[103,161],[-186,205],[53,81],[-160,108],[-142,-14],[-62,56],[-162,-35],[-72,151],[31,68]],[[78399,7484],[-117,134],[-420,-27],[-54,56],[78,89],[116,10],[135,72],[16,125],[-146,183],[41,146],[-69,111],[121,234],[23,172]],[[76221,9007],[-46,-23],[-238,39],[-409,-13],[-904,-464],[-10,396],[-310,210],[-684,-680],[-328,40],[-3,42],[-77,27],[-151,-28],[-207,92],[-217,-63],[-84,69]],[[71106,19206],[-719,37],[-89,28],[-14,85],[-101,42],[-18,47],[-198,41],[-75,-24],[5,134],[-140,109],[30,66],[-47,38],[13,56],[121,43],[90,161],[-92,79]],[[66913,19610],[-202,-9],[-102,-58],[-187,11],[-91,67],[-81,-4],[-382,-260],[-103,14],[-83,-62],[-7,-134],[-82,-88]],[[65593,19087],[-137,-243],[353,-306],[32,-143],[-160,-105],[-40,-274],[30,-67],[-160,-152],[22,-218],[-112,-10],[-67,6],[-22,-47],[-116,-23],[-307,-231],[-86,6],[-40,-199],[-117,-97],[-62,-83],[-59,-10],[-48,-138],[-150,-126],[-19,-3],[-255,70],[-117,-23],[-191,65],[-308,-48],[57,-127],[-96,-88],[-31,-137],[80,-115],[70,-68]],[[52402,27656],[71,-43],[80,-181],[270,-95]],[[52823,27337],[59,44],[193,25],[274,-50],[-40,-22],[-42,-111],[38,-117],[307,-84],[50,-118],[395,-157],[467,36],[111,66],[67,-58],[129,142],[87,-94],[246,-14],[45,76],[137,-4],[265,94],[42,90],[96,-25],[22,-104],[94,-27],[76,36],[190,-2],[57,54],[78,6],[22,-168],[169,-108],[160,-302],[330,-143],[429,-3]],[[57376,26295],[42,23],[-137,131],[14,139],[-93,85],[-22,87],[78,90],[-16,75],[108,62],[90,-43],[22,-131],[412,-3],[-15,-75],[86,-41],[-73,-80],[129,-50],[-8,-48],[159,-33],[246,10],[162,88],[139,-4],[164,99],[255,-23]],[[59331,28011],[-119,-66],[-217,7],[-164,197],[-165,11],[-298,126],[-146,-25],[-17,-43],[-85,-21],[-59,31],[0,48],[-198,60],[12,66],[-131,111],[14,29],[-85,38],[14,42],[-76,93],[-85,-31],[-78,67],[-27,108],[-86,54],[70,88],[-108,45],[-93,257],[-213,-107],[-112,-12]],[[56879,29184],[-360,-200],[-152,-35],[-469,124],[-294,136]],[[55604,29209],[69,-113],[-39,-78],[35,-178],[-12,-10],[-63,-13],[-137,55],[-256,112],[-115,95],[-268,7],[-76,-95],[-146,-145],[-15,-108],[-8,-171],[171,-47],[-3,-128],[-68,-48],[18,-46],[-210,47],[-289,-164],[-180,-12],[-96,32],[-180,-55],[-68,39],[-130,-60],[-87,63],[-151,24],[-108,-143],[-76,-11],[-40,-80],[-170,-90],[-177,-165],[-148,15],[-179,-82]],[[57420,25493],[-14,211],[109,72],[18,94],[-28,48],[-160,62],[26,44],[-59,57],[64,214]],[[52823,27337],[-227,-56],[-141,24],[-158,-70],[-149,-1],[-127,35],[-36,97],[-163,79],[-82,-116],[-307,-60],[-313,21],[-162,-36],[-220,-185],[34,-112],[-89,-88],[15,-196],[315,-84],[239,-275],[139,-20],[116,-64],[135,-169]],[[51642,26061],[118,-7],[113,-52],[106,50],[239,-27],[258,57],[170,99],[198,4],[198,-106],[272,-54],[147,-66],[248,-100],[52,18],[-32,49],[86,24],[399,67],[168,-7],[121,-42],[172,12],[859,-221],[83,2],[264,28],[309,-23],[187,-40],[125,22],[101,-22],[116,38],[171,-91],[144,-58],[-11,-34],[188,-67],[209,-21]],[[51768,25003],[31,-43],[-37,-27],[-82,13],[12,-104],[124,-162],[-55,-192],[-122,-68],[-19,-51],[65,-50],[-70,-171],[141,-272],[-132,-55],[48,-52],[-41,-102],[78,-152],[52,-1],[13,-147],[55,-37],[-108,-64]],[[51721,23266],[91,-164],[84,-16],[235,49],[29,99],[55,-27],[90,35],[1,88],[162,58],[40,-65],[206,-40],[56,-43],[143,22],[-113,-149],[98,-102],[251,25],[38,-43],[111,28],[15,-79],[232,-79],[108,99],[437,-37],[61,25],[328,-22],[241,-80],[444,103],[52,106],[191,14],[346,-48],[421,43],[149,129],[116,-7],[461,414]],[[56900,23602],[132,110],[-25,95],[-130,11],[141,187],[-73,256],[-32,67],[-191,39],[-39,60],[-92,27],[-37,172],[-230,150],[-131,6],[-66,46],[-106,-10],[-16,90],[-84,28],[-111,140],[-347,16],[-68,21],[-70,101],[-75,-98],[19,-61],[-64,-5],[-154,102],[-165,44],[69,-123],[-236,-114],[-187,-36],[-77,-58],[-418,201],[-97,11],[-47,96],[-186,29],[-44,114],[-69,33],[-98,-51],[-150,0],[-199,117],[-225,4],[28,-78],[-153,-165],[-292,-38],[-270,12],[-365,-88],[-102,-59]],[[56879,29184],[21,97],[95,37],[-65,113],[46,66],[-82,54],[-6,73],[-104,64],[-9,113],[-89,35],[-44,81],[166,97],[154,14],[87,-79],[123,33],[86,-80],[205,53],[176,122],[87,22],[64,-26],[57,33],[-22,50],[87,175],[-69,122],[38,110],[321,143],[496,92],[149,187],[1,110],[123,64],[-47,124],[211,258],[14,241]],[[59149,31782],[-105,-47],[-80,40],[1,235],[-183,283],[-67,170],[-110,17],[-167,112],[-157,93],[-54,81],[-176,16],[32,54],[-49,236],[0,2]],[[58034,33074],[13,102],[-78,180]],[[57969,33356],[-55,-159],[-97,-65],[-175,34],[-141,88],[-154,-83],[-300,-39],[-53,-161],[-137,-112],[-66,13],[-11,91],[-127,-53],[-149,65],[-148,-21],[-19,53],[-154,45],[-93,-18],[5,128],[-115,58],[-102,-11],[-18,63],[-76,9],[-97,93],[-113,-7],[-54,94],[-244,-35],[-116,82],[53,21],[-34,90],[-86,1],[-53,95],[46,18]],[[55086,33733],[-38,31],[-144,-54],[-77,10],[-15,-53],[-53,-13],[89,-225],[-139,-127],[70,-104],[-248,-181],[-61,83],[-99,23],[-39,72],[-83,12],[-174,-12],[-140,-52],[-121,-168],[-355,137]],[[53459,33112],[-227,-202],[39,-267]],[[53271,32643],[90,67],[120,-70],[114,-198],[113,2],[29,-106],[-40,-38],[117,-66],[420,23],[78,-25],[171,18],[103,-37],[61,-85],[-108,-132],[130,-58],[-10,-116],[124,-117],[-20,-119],[162,-49],[24,-101],[308,-53],[-11,-51],[-104,-24],[-23,-68],[78,-81],[32,-141],[4,-55],[-107,-51],[-67,-147],[165,-148],[87,35],[184,-73],[49,-117],[19,-148],[-81,4],[-21,-37],[30,-131],[-229,-15]],[[55262,30135],[-76,-105],[108,-194]],[[55294,29836],[-82,-152],[18,-73],[183,-5],[67,-37],[-27,-119],[53,-134],[98,-107]],[[64033,26932],[-305,96],[0,49],[-60,-14],[-15,59],[-212,64],[-21,96],[-115,26],[-67,140],[-135,87],[-93,-14],[-57,58],[60,51],[-91,3],[46,72],[-43,39],[-95,5],[-52,128],[-91,41],[1,74],[-140,82],[-73,-14],[-45,88],[31,18],[70,62],[-146,259],[-41,22],[-70,-53],[-29,61],[-127,38],[42,35]],[[62160,28590],[46,61],[-81,36],[35,99],[-100,-3],[-27,70],[-101,62],[-40,-57],[-56,-1],[-17,107],[110,69],[15,181],[-86,12],[-129,-67],[-110,25],[-31,46],[-64,74],[173,70],[-18,111],[115,80],[-32,35],[-75,-12],[-98,-35],[-78,54],[-14,54],[92,86],[-83,58],[-354,174],[-114,100],[24,57],[-121,117],[-24,6],[-1,0],[-63,7],[-21,42],[-76,78],[18,109],[-276,176],[30,47],[-77,84],[-131,123],[-113,19],[-20,73],[-101,27],[-101,160],[-87,-13],[-58,-68],[-131,10],[-321,192],[-35,214],[-149,229],[-55,14]],[[49294,20652],[112,-30],[23,-205],[77,-83],[169,91],[172,24],[109,-31],[143,52],[151,-23],[97,141],[262,83],[84,103],[146,7],[71,-54],[-69,-114],[197,-176],[559,-39],[-208,-105],[-111,-117],[-142,-54],[1,-120],[68,-42],[-47,-40],[-12,-33],[112,-50],[37,-93],[187,-92],[200,124],[218,2],[267,107],[-145,-111],[-33,-130],[-112,-57],[-25,-104],[-70,-40],[133,-124],[206,6],[56,-28],[-295,-61],[14,-78],[143,1],[-13,24],[10,-47],[92,54],[213,-8],[139,-123],[-38,-67],[56,-31],[79,-74],[7,-78],[-175,-129],[204,-219],[104,-38],[-154,-113],[-18,-300],[-744,-247]],[[55912,15672],[-27,243],[-99,181],[349,277],[94,173],[76,31],[-131,127],[23,36],[-151,269],[221,-4],[157,76],[516,-91],[250,39],[168,69],[470,322],[528,150],[246,23],[298,-15],[197,6],[55,142],[118,92],[110,13],[48,100],[-47,127],[-63,46],[9,84],[-76,149],[36,86],[-217,142],[-6,158],[-114,50],[-24,62],[-157,48],[1,93],[-147,103],[25,240],[183,64],[5,187],[114,11],[8,49],[232,165],[-86,81],[70,144],[53,38],[-47,103],[92,101],[173,-30],[97,42],[144,-68],[59,18],[-2,62],[275,-35],[237,71],[433,204],[236,272],[148,-36],[179,153],[252,75]],[[61115,21487],[-31,48],[-190,52],[48,77],[-75,25],[6,45],[-327,-16],[-2,67],[-87,59],[-93,24],[-106,110],[-129,11],[-256,-76],[-270,87],[-127,28],[-74,127],[-117,-4],[-99,85],[-146,13],[-43,-26],[-78,27],[-127,-71],[-62,37],[-99,108],[13,183],[123,69],[-219,137],[-279,-39],[-59,71]],[[58210,22745],[-4,-3],[-385,148],[-118,137],[-93,38],[-94,157],[-258,-99],[-83,21],[-4,77],[-46,24],[116,115],[3,140],[74,47],[-58,67],[-160,41],[-90,-55],[-110,2]],[[51721,23266],[-297,18],[-119,-29],[-131,115],[-86,-27],[-64,49],[-137,-49],[-142,-151],[-93,64],[-128,-40],[-74,42],[-79,-17],[-249,113],[-426,13],[-58,-142],[-143,-95],[-35,-78]],[[49460,23052],[-246,-462],[16,-91],[114,-26],[61,-87],[209,-15],[58,-62],[-138,-114],[-174,-66],[-83,7],[-92,-82],[-111,-189],[23,-65],[-274,-312],[163,-28],[-22,-34],[127,-37],[133,42],[284,-26],[-136,-99],[13,-50],[-208,-112],[-13,-48],[46,-42],[21,-177],[47,-24],[118,20],[-4,-54],[-104,-71],[6,-96]],[[62225,16356],[-59,201],[-177,136],[-94,18],[-11,50],[-151,54],[-144,188],[7,75],[-91,31],[-38,13],[-4,150],[-72,38],[-3,87],[-60,52],[15,61],[53,1],[14,87],[-68,32],[75,165],[58,64],[-73,135],[471,-26],[151,117],[66,-2],[35,-91],[111,-34],[187,-9],[276,113],[279,31],[110,44],[-82,144],[226,90],[237,18],[89,40],[65,1],[10,56],[-79,81],[129,117],[-51,51],[-19,70],[86,42],[344,-60],[103,-71],[48,73],[236,-5],[76,63],[112,12],[32,64],[134,72],[-99,89],[79,71],[182,-4],[87,74],[105,24],[138,-7],[166,-124],[151,-31]],[[60215,16531],[-143,-5],[-199,87],[-74,265],[66,-32],[132,16],[50,63],[121,25],[128,-107],[-12,-52],[165,28],[198,-60],[8,-55],[-204,-178],[-150,-52],[-86,57]],[[58895,24100],[-210,-104],[-2,-81],[69,-57],[-33,-79],[21,-85],[-63,-103],[13,-121],[-121,-155],[8,-103],[-68,-106],[-473,53],[-111,110],[-2,-157],[155,-92],[16,-128],[116,-147]],[[59804,25051],[-73,-37],[-21,-53],[-77,9],[-17,-40],[-240,-49],[2,-38],[-19,-90],[51,-56],[-44,-121],[-8,-77],[-186,-287],[-277,-112]],[[58895,24100],[-62,1],[39,53],[-150,61],[-42,103],[-137,182],[-27,176],[-205,173],[-165,64],[-175,225],[-153,136],[3,99],[-97,62],[-304,58]],[[51642,26061],[90,-172],[-80,-208],[57,-128],[-11,-213],[169,-144],[-99,-193]],[[20765,59728],[181,9],[73,44],[72,-122],[95,-18],[103,-89],[19,-182],[-180,-267],[198,-112],[546,-15],[513,-19],[202,109],[108,120],[287,151],[95,8],[276,-92],[255,28]],[[23608,59281],[-116,111],[-23,168],[67,60],[10,86],[-88,27],[-15,70],[227,1],[399,142]],[[24069,59946],[6,79],[-247,97],[-84,-31],[-55,22],[297,80],[128,189],[69,-63],[216,-78],[153,125],[-183,303],[-96,32],[94,157],[309,165],[77,103],[55,45]],[[24808,61171],[-38,144],[-75,54],[-59,79],[-101,46],[-9,100],[-148,118],[-229,99],[-213,9],[56,51],[-106,55],[-69,-10],[-24,146],[-144,70],[-68,97],[-344,173],[-63,-40],[-132,-3],[-31,-59],[-72,68],[-70,8],[7,198],[-113,71],[-83,246]],[[22680,62891],[-103,151],[-207,29],[-95,-101],[-61,4],[-136,114],[-167,-164],[-311,-120],[-87,-96]],[[21513,62708],[15,-103],[-111,-182],[71,-190],[-39,-66],[34,-169],[-179,-102],[-72,-225],[-88,-72],[-115,-121],[8,-55],[-177,-130],[-189,-162],[-156,-175],[-24,-129],[-119,-39]],[[20372,60788],[6,-10],[172,-30],[168,-83],[433,-80],[131,-96],[172,-30],[-159,-96],[-59,-114],[69,-62],[-114,-114],[-81,-6],[-102,-151],[-88,-26],[-37,-82],[-118,-80]],[[28261,59368],[37,69],[-111,140],[-101,15],[-27,106],[-235,90],[-186,129],[33,55],[-69,115]],[[27602,60087],[-418,-91],[-228,57],[-72,56],[-222,-42],[-96,-104],[-88,-11],[-80,-74],[-27,-127],[-77,-49],[-57,-176],[-84,-65],[-221,31],[-79,-40],[-277,53],[-260,-62],[-52,-80],[-72,11],[-186,75],[-77,-6],[-285,268],[-104,34],[-13,91],[-7,34],[-451,76]],[[23608,59281],[108,-47],[-28,-33],[-184,-7],[-93,-103],[-26,-75],[59,-159],[-76,-95],[-94,-21],[10,-167],[-47,-30],[53,-54]],[[23290,58490],[126,-27],[28,-157],[209,-141],[140,-18],[62,38],[125,-61],[104,-77],[-52,-29],[4,-111],[161,-39]],[[24197,57868],[315,-50],[67,34],[-30,52],[41,27],[-63,98],[168,-25],[61,63],[150,22],[98,110],[141,58],[-5,102],[105,59],[91,-3],[185,-118],[96,-114],[249,96],[403,-2],[195,66],[77,-43],[37,109],[94,-26],[122,36],[-67,68],[218,83],[-75,140],[417,81],[99,335],[113,54],[400,73],[213,114],[149,1]],[[22999,64192],[106,-136],[-22,-97],[113,-102],[11,-169],[-158,-150],[99,-414],[-86,-66],[24,-63],[-98,-21],[-95,25],[-52,-111],[-161,3]],[[24808,61171],[80,15],[96,-35],[370,35],[94,101],[182,-24],[74,22],[109,-36],[171,78],[147,130],[512,175]],[[26643,61632],[-116,76],[-41,136],[-127,72],[14,64],[-120,64],[-3,33],[98,40],[-87,29]],[[24065,65322],[-151,-66],[-195,-270],[-168,-7],[-177,-112],[-4,-60],[8,-166],[91,-116],[-3,-145],[117,-96],[-54,-27],[-138,62],[-176,-25],[-216,-102]],[[16402,66235],[-31,-28],[-204,-13],[16,-67],[-186,-142],[-62,-14],[-106,38],[-83,-31],[-98,-68],[-63,-124],[-264,32],[-153,-76],[-135,9],[-161,-270],[-122,-67],[48,-3],[49,-29],[-57,-103],[29,-66],[107,-68],[110,-183],[-3,-69],[-88,-75]],[[14945,64818],[132,-131],[-33,-160],[134,-37],[269,115],[25,-158],[72,-108],[79,-26],[94,-159],[-64,-17],[-49,-96],[-96,-62],[140,-63],[149,32],[173,-60],[60,-132],[193,-25],[338,49]],[[16561,63780],[-81,285],[-107,53],[248,-17],[219,-87],[209,18],[319,-38],[256,166],[54,238],[169,192],[80,36],[64,-46],[189,66],[279,6],[99,-92],[79,-18],[110,28],[184,126],[162,-127],[124,3],[280,29],[265,-26],[108,-156],[123,9],[137,-57],[-79,-81],[11,-26],[116,8],[84,-81],[-26,-85],[41,-112]],[[20277,63994],[113,31],[112,-36],[63,21],[392,-176],[105,-13],[53,-92],[53,14],[68,129],[104,6],[125,88],[146,35],[225,181],[80,12],[144,-71],[205,33],[56,82],[321,147],[127,-62],[37,65],[13,-74],[180,-122]],[[22248,66977],[-111,-291],[51,-44],[-17,-75],[-85,-79],[-37,-39],[26,-166],[96,-127],[37,-28],[15,-249],[-112,-27],[-118,21],[-335,-100],[-136,13],[-399,-52],[-133,-8],[-33,-97],[-135,-56],[-65,-99],[-133,-40],[24,-121],[-149,-129],[-136,-30],[7,-119],[111,-100],[-58,-69],[-65,-17],[-88,-199],[20,-119],[-81,-91],[-163,64],[-144,179],[-303,93],[26,40],[170,31],[183,191],[-297,70],[-261,-58],[-242,37],[-5,26],[-122,128],[-35,193],[-136,142],[-179,66],[-249,215],[-160,-60],[-54,-60],[-196,-26],[-98,-64],[-123,114],[-128,-62],[-266,156],[-172,3],[-167,97],[-288,13],[-95,-39],[39,152],[-86,16],[-44,191],[-169,-18],[-43,-35]],[[18819,58584],[-11,133],[61,20],[10,71],[177,168],[133,75],[272,30],[82,53],[-79,132],[-163,52],[-22,43],[290,152],[49,83],[246,80],[55,21],[16,85],[91,45],[68,-156],[167,119],[121,-30],[84,-72],[164,60],[135,-20]],[[20372,60788],[-267,27],[-209,-54],[-187,-14],[-54,41],[-118,-29],[-120,23],[-225,-46],[-65,41],[-124,56]],[[19003,60833],[-113,48],[-78,-15],[-87,84],[-247,-12],[-220,69],[-238,-88],[-109,-242],[-140,-72],[-70,18],[-21,152],[-72,30],[-68,124],[-171,70],[-131,-72],[-93,41],[-119,-35],[-224,40],[-116,-55],[-304,-16]],[[16382,60902],[-188,-94],[52,-68],[-81,-107],[82,-168],[-108,18],[-191,-47],[-164,-138],[-238,-87],[-91,4]],[[15455,60215],[29,-45],[146,-23],[115,-97],[132,-29],[179,68],[85,-10],[169,-163],[236,-66],[263,99],[88,-24],[-7,-62]],[[16890,59863],[-4,-45],[206,-118],[57,-113],[250,-13],[453,-170],[-49,-174],[45,-89],[70,-38],[-22,-103],[166,-81],[-39,-145],[137,-205],[260,-191],[268,27],[131,179]],[[20730,68619],[-121,9],[-37,-49],[-32,-53],[-76,0],[11,-77],[-68,-109],[-141,-19],[-205,-198],[-137,8],[-180,-100],[-58,5],[-52,-220],[-82,-67],[33,-50],[-119,-308],[-75,-77],[-38,-47],[-176,-62],[-196,21],[-334,153],[-81,-61],[-319,7],[-85,-56],[-32,-50],[-167,-76],[-222,-53],[-69,-116],[17,-125],[-76,-36],[-53,28],[-139,-9],[-412,-119],[-323,193]],[[16686,66906],[-173,28],[-198,-264],[-104,-31],[-10,-59],[201,-345]],[[20277,63994],[-69,-72],[-21,-32],[130,-178],[102,-113],[116,-56],[55,-136]],[[20590,63407],[105,-63],[86,46],[41,-18],[87,-81],[312,-92],[91,-86],[-45,-80],[41,-109],[124,-34],[-27,-94]],[[21405,62796],[60,-10],[48,-78]],[[16191,70069],[-86,-34],[-188,32],[-157,-84],[-447,71],[-90,-61]],[[15223,69993],[217,-377],[-92,-182],[39,-61],[-49,-56],[-3,-126],[-117,-120],[1,-142],[8,-252],[67,-101],[108,-41],[-3,-126],[204,-174],[-25,-85],[114,-60],[30,-65]],[[15722,68025],[-191,-139],[-18,-73],[-288,-93],[-174,-122],[26,-180]],[[15077,67418],[168,152],[276,3],[94,-16],[28,-144],[208,-199],[63,43],[-75,75],[-12,119],[138,75],[326,-98],[-21,-119],[198,-19],[31,-79],[95,-64],[68,16],[97,151],[143,-20],[81,-74],[-105,-96],[60,-160],[-135,-65],[-117,7]],[[21718,71192],[-103,-45],[-57,-94],[-522,-261],[-2,-54],[-118,-63],[-194,19],[-175,90],[-28,-37],[-171,20],[23,53],[-116,44],[-135,-95],[-48,-192],[-382,-94],[-269,-141],[-565,-27],[-276,12],[-186,47],[-107,100],[-204,-39],[-106,44],[-89,-6],[-149,127],[-145,307],[-192,-117],[-258,-53],[-27,-76],[45,-59],[-184,-155],[-102,-22],[-40,-63],[32,-133],[-77,-72],[-108,-27],[-334,33],[-158,-94]],[[16711,73093],[-96,-90],[73,-102],[-103,-254],[-371,-60],[-2,-78],[-181,-155],[2,-59],[-272,-68],[-80,-80],[-9,-132],[-203,-61],[-38,-51],[-48,-36],[74,-120],[164,-116],[-6,-140],[-92,-85],[13,-75],[121,-104],[123,-45],[15,-176],[51,-78],[93,-16],[19,-331],[87,-79],[-25,-107],[131,-144],[40,-182]],[[20688,74961],[-331,-46],[-112,17],[-52,-58],[-267,12],[-303,-88],[-171,-120],[-1,-77],[-67,-61],[-146,-81],[1,-263],[-203,-93],[21,-55],[166,-93],[-41,-132],[-108,-57],[-11,-49],[36,-56],[141,-61],[-17,-78],[-426,-60],[-211,18],[-152,-386],[-112,-114],[-72,-157],[-149,10],[-81,56],[-98,78],[-120,-8],[-35,106],[-272,-46],[-306,80],[-231,20],[-247,-26]],[[27602,60087],[-70,35],[45,200],[-69,86],[-121,34],[-20,156],[80,101],[-259,82],[-3,98],[-42,97],[-84,19],[4,79],[-99,26],[-21,5],[-99,36],[-32,268],[-154,148],[-15,75]],[[19003,60833],[25,2],[221,188],[53,106],[-12,334],[78,68],[-12,95],[89,69],[-15,56],[429,131],[194,-26],[208,130],[154,3],[29,133],[188,78],[130,102],[54,149],[152,53],[164,3],[124,79],[45,131],[22,53],[82,26]],[[20590,63407],[-166,-32],[-143,42],[-257,165],[-218,79],[-247,-63],[6,-66],[-10,-120],[-175,-142],[-17,-93],[-103,-84],[51,-135],[-59,-129],[-197,-7],[-185,39],[-348,-126],[-335,126],[-224,18],[-136,-92],[-8,-72],[-105,-41],[-500,45],[-37,63],[-70,-13],[-22,39],[-351,152]],[[16734,62960],[-94,-165],[-83,-48],[-261,7],[-70,-79],[-203,-67],[-112,-108],[11,-107],[86,-84],[-64,-152],[83,-176],[-204,-136]],[[15823,61845],[-71,-173],[9,-102],[139,-78],[-7,-166],[138,-49],[-66,-51],[12,-55],[174,-44],[1,-69],[114,-129],[116,-27]],[[16561,63780],[84,-117],[174,-13],[63,-117],[137,81],[229,7],[-7,-102],[58,-43],[-25,-67],[141,-206],[-46,-42],[-139,-21],[-115,-68],[-138,-6],[-93,-72],[-150,-34]],[[33056,35013],[34,-248],[-108,-291],[-62,-45],[62,44],[-30,-36],[30,35],[70,-4],[-21,-41],[-39,14],[-6,-63],[-62,33],[51,-50],[-78,-44],[-79,-26],[12,21],[-23,-38],[85,1],[21,35],[188,-14],[166,-49]],[[33267,34247],[54,88],[139,10],[-5,54],[76,9],[-28,17],[-11,58]],[[33492,34483],[-83,-12],[49,125],[-50,31],[-76,67],[-116,15],[65,102],[-63,30],[-3,77],[-82,104]],[[33133,35022],[-77,-9]],[[32664,35617],[31,-86],[82,-2],[116,-131],[163,-385]],[[33133,35022],[62,-41],[201,-25]],[[33396,34956],[-70,76],[102,227],[-33,115],[-86,28],[-36,78],[-34,66],[-89,120],[-164,2],[-78,-36],[-244,-15]],[[72551,25729],[84,8],[54,52],[112,-95],[229,-10],[205,50],[173,134],[305,24],[190,-4],[88,-43],[55,33],[113,-18],[45,78],[44,-1],[8,41],[80,-4],[3,-27],[330,-83],[162,-88]],[[74831,25776],[185,125],[-125,93],[155,80],[7,206],[-46,97],[129,68]],[[75136,26445],[-80,15],[-251,103],[-69,-51],[-218,-12],[-385,167],[57,45],[-37,127],[-76,-36],[-131,11],[-196,61]],[[73750,26875],[-161,-79]],[[73589,26796],[-67,-116],[-78,-56],[-155,-16],[-148,-147],[-32,-123],[-132,-3],[-217,-140],[-353,90],[-82,-53],[18,-101],[-70,-78],[25,-149],[228,-95],[25,-80]],[[75252,25406],[-314,-445],[-28,-181],[203,-80],[56,-208],[0,-32],[-60,2],[-11,-125],[232,-67],[23,-181],[376,-194],[50,-257],[-8,-34],[192,-480]],[[75963,23124],[170,-8],[420,-103],[124,-94],[107,22]],[[76784,22941],[90,263],[212,99],[87,-36],[110,-76],[223,-104],[71,-81],[182,34],[100,67],[-12,59],[163,27]],[[78010,23193],[-33,53],[41,77],[-69,137],[-252,117],[-108,256],[-162,20],[-22,86]],[[77405,23939],[-78,23],[-83,119],[-82,-21],[-129,64],[-25,54],[73,9],[-58,101],[-280,-17],[-153,49],[-141,198],[2,141],[-77,65],[-298,-14],[-214,31],[130,136],[-59,199],[-186,142],[-69,-22],[-84,58],[-15,87],[-327,65]],[[73589,26796],[-132,29],[-40,-38],[-238,-43],[-181,102],[-218,44],[-79,55],[-30,107],[-127,43],[-107,-14],[-186,-3],[-314,139],[-42,127],[26,71],[-155,11],[-273,-11],[-127,95],[-155,-26],[-90,26],[0,30],[-183,-37],[-212,162],[-176,-108],[17,-160],[21,-48],[59,1],[18,-103],[-93,-21],[-205,111],[-135,-24],[-114,29],[-88,-103],[-159,9],[-151,-42],[-94,17],[-49,-41],[-186,1],[-64,31],[45,96],[-71,85],[-20,9]],[[69281,27404],[-93,-22],[-160,-136],[-120,4],[-161,-124],[-121,48],[-180,-119],[-259,-56],[-67,-77],[-216,88],[-195,-59],[-213,-182]],[[71790,25321],[485,355],[221,31],[55,22]],[[72090,28695],[96,-71],[94,-16],[16,-90],[90,-47],[24,-206],[152,-92],[333,-5],[229,-122],[55,-172],[43,-57],[-7,-39],[76,-300],[32,-30],[11,37],[94,3],[114,-124],[168,-206],[88,-28],[20,-137],[-68,-118]],[[75136,26445],[197,-95],[80,-114],[212,-152],[182,119]],[[75807,26203],[-93,357],[-53,56],[79,27],[-65,51],[83,32],[-110,53],[-57,83],[-63,3],[88,64],[150,-4],[-118,190],[-344,233],[-89,139],[-241,-3],[-102,91],[63,123],[-103,70],[-35,83],[-132,129],[74,101],[-20,49],[-111,67],[-68,187],[140,89],[-7,61],[-179,88],[59,61],[-86,67],[11,158],[-180,137],[34,62],[204,153],[92,-13],[149,50],[38,128],[125,33],[43,143],[-41,52],[-95,9],[-92,140],[-94,26],[-8,87],[-89,48],[6,124],[-142,64],[-4,101],[136,83],[-116,44],[-110,142],[-118,49],[65,8],[99,98]],[[74380,30676],[-141,72],[3,117],[-267,44],[-104,-16],[-108,57],[67,115],[110,42],[-72,218],[-149,35],[22,151],[-151,60],[-74,122],[-149,114],[-166,30],[-59,70],[-109,-19]],[[73033,31888],[-34,-33],[-121,7],[-266,-176],[24,-166],[-110,-208],[-398,-219],[-160,-13],[-146,-31],[-344,64],[-315,11],[-219,101],[-236,10],[-32,-45],[380,-164],[-247,-94],[-78,-175],[-26,-267],[9,-69],[64,-39],[-37,-218],[57,-106],[162,-99],[-33,-76],[141,-197],[199,-107],[67,24],[54,-49],[69,13],[27,-32],[342,-77],[82,-214],[248,-60],[67,-79],[30,-11],[-163,-399]],[[76373,20853],[255,-6],[55,-59],[215,-21],[297,55],[101,-178],[206,-53],[125,8],[16,-48],[247,-71],[87,-73],[63,6],[77,-49],[75,108],[269,-39],[69,-61],[299,26],[172,-231],[52,-13],[96,103],[289,-63],[90,67],[264,-41],[207,102],[62,82],[187,-106],[305,-82]],[[80553,20216],[70,81],[277,15],[339,208],[165,-23],[-81,70],[128,65],[218,-52],[26,64],[55,15],[-121,105],[22,52],[-162,199],[100,21],[-20,63],[52,65],[-43,109],[202,59],[-92,85],[15,47],[-52,20]],[[81651,21484],[-89,-71],[-285,0],[-85,-122],[-285,10],[-108,-125],[-90,82],[-297,-30],[-33,122],[-118,15],[-102,-41],[-183,91],[-46,-22],[-103,23],[-83,75],[-50,-11],[-43,93],[-209,124],[1,40],[101,14],[-31,128],[7,71],[-56,33],[-120,-3],[-182,69],[-68,-39],[-95,10],[-73,-63],[-88,-7],[-16,37],[85,86],[-7,106],[-64,57],[-116,-45],[-170,49],[40,264],[-203,82],[-37,79],[-88,-4],[-61,-48],[-15,103],[-75,57],[-106,156],[57,12],[-26,33],[160,155],[-30,18],[-156,46]],[[76784,22941],[279,-76],[196,-231],[106,-91],[55,-163],[-86,-71],[-183,18],[-43,-167],[34,-57],[-60,-57],[30,-77],[-49,-95],[51,-30],[-8,-60],[-109,-72],[122,-69],[0,-119],[-179,-49],[-94,-106],[-168,-40],[32,-178],[-160,-114],[-166,-21],[-43,-136],[32,-27]],[[79717,21015],[-163,105],[-232,133],[-82,121],[69,16],[271,-60],[355,-173],[236,-42],[79,-71],[-111,-145],[-422,116]],[[81651,21484],[-56,55],[56,66],[-57,80],[122,9],[66,93],[282,115],[112,-7],[35,41],[-48,53],[3,114],[163,91],[14,76],[88,13],[-18,92],[-139,112],[41,131],[99,56],[-58,64],[16,59],[38,43],[120,-7],[166,113],[199,43],[-5,40],[123,74],[4,114],[125,112]],[[83142,23329],[-141,53],[-91,7],[-82,-46],[-14,30],[-10,55],[-133,35],[-97,162],[65,64],[101,21],[-94,59],[69,121],[-23,60],[121,158],[161,96],[3,74],[-160,54],[42,93],[-61,122],[-164,12],[-213,114],[15,93],[132,84]],[[82568,24850],[-67,84],[-136,38],[-131,-79],[-12,-86],[-58,-33],[-168,74],[-180,-20],[-243,226],[-280,71],[-91,-18],[-358,151],[-177,-190],[-148,-7],[-120,95],[-208,6],[-118,-123],[-35,-126],[-78,-24],[-172,81],[-66,-10],[-143,-212],[-384,-49],[-60,-88],[-55,-70],[30,-88],[-83,-16],[28,-77],[-95,-86],[-255,25],[-173,-106],[-146,132],[-118,0],[-41,-109],[-82,-52],[-141,0],[-16,-65],[-108,2],[-136,63],[-339,-225]],[[74431,19448],[-65,124],[153,16],[29,36],[-108,59],[96,197],[103,0],[74,99],[65,17],[105,-55],[286,-59],[129,45],[50,105],[137,18],[87,96],[96,20],[-132,181],[324,79],[8,159],[181,80],[237,21],[76,51],[11,116]],[[75963,23124],[-8,-54],[145,-108],[71,-274],[-26,-144],[-87,-100],[63,-131],[-97,-74],[-88,0],[-203,69],[-126,-52],[-117,85],[157,39],[-76,150],[27,37],[-77,19],[-1,84],[-62,39],[-143,5],[-159,64],[-65,-111],[-441,-23],[-157,58],[-148,179],[-99,32],[126,108],[-53,72],[38,75],[-75,220],[19,56],[-55,78],[-123,81],[-84,122],[43,147],[-156,-74],[-57,34],[49,51],[-42,28],[-30,65],[-150,77],[-233,-11],[-308,73]],[[81176,16086],[259,382],[166,101],[192,-18],[77,73],[-2,80],[-183,97],[-86,138],[180,180],[-82,107],[11,86],[-83,182],[43,28],[-16,168],[-122,91],[4,56]],[[81534,17837],[1,266],[-88,314],[63,133],[94,43],[-33,205],[-61,118],[41,138],[-35,165],[139,40],[-43,208],[69,108],[-43,54],[-258,91],[-116,-111],[-62,43],[-131,-14],[-209,173],[-85,54],[12,95],[-174,122],[-62,134]],[[60941,32568],[180,-80],[-9,-125],[166,-86],[-13,-95],[-130,-88],[-92,22],[-174,-200],[-265,31],[-39,-71],[230,-138],[107,22],[173,-42],[-89,-292],[107,-199],[320,-93],[5,-89],[-122,-47],[-2,-31],[112,-74],[146,3],[56,-34],[48,-166],[-32,-30],[79,-94],[201,-86],[-31,-73],[-167,-136],[69,-110],[34,-52],[422,-50],[59,-50],[-84,-62],[107,-102],[-6,-147],[126,-97],[5,-133],[180,-18],[84,27],[73,-28],[126,-175],[124,-32],[98,31],[62,-39],[199,53],[194,-59],[56,-93],[102,75],[160,-8],[65,-43],[70,-160],[-69,-46],[23,-55],[355,-172],[-187,-146],[-10,-112],[-294,-16],[-294,54],[-402,-17],[-583,192],[-106,-8],[-132,-96],[-172,7]],[[69281,27404],[19,153],[-89,170],[30,298],[-100,36],[-57,120],[40,82],[-101,15],[-5,149],[-163,211],[240,75],[138,-12],[84,70],[444,-107],[127,-118],[165,-24],[96,-129],[143,-25],[141,-91],[87,-7],[180,73],[144,16],[173,-36],[169,114],[36,42],[-39,101],[169,59],[58,-88],[190,-5],[52,-84],[107,-22],[77,235],[200,-31],[54,51]],[[73033,31888],[-62,70],[113,155],[25,163],[91,33],[19,62],[237,43],[95,71],[228,14],[93,95],[14,58],[-60,69],[27,62],[42,51],[127,31],[-103,68],[-147,7],[-406,173],[-34,114],[-80,62],[-103,-13],[-149,76],[-94,-15],[-73,44],[-72,-4],[106,243],[-65,136],[101,146],[-47,84],[-7,230],[-625,139],[-448,-11],[-304,40],[-5,173],[84,92],[-178,55],[-37,112],[-428,52],[29,155],[-12,72],[-68,46],[-5,134],[124,192],[-465,156],[-2,114],[160,118],[-90,55],[-22,72],[-303,131],[-42,157],[147,88],[37,99],[139,78],[-20,54],[118,35],[-2,60],[157,-10],[60,94],[152,52],[165,114],[13,82],[-53,60],[74,168],[-14,96],[58,49],[-49,38],[115,78],[17,89],[-40,182],[171,180],[181,83],[68,218]],[[71706,38257],[-67,2],[-43,80],[-212,-52],[-29,124],[-84,-1],[-105,55],[-57,-80],[-67,-17],[4,44],[-121,-2],[-5,-35],[-79,6],[-95,-62],[-159,-1],[-47,-75],[-50,31],[-24,-42],[-22,36],[-33,-76],[-65,30],[-94,-20],[-12,-72],[-86,13],[-44,-49],[-62,21],[4,-80],[-67,12],[-59,-38],[-35,29],[-39,-38],[-54,25],[-50,-31],[42,-26],[-86,-32],[-47,49],[-17,-77],[-68,-13],[20,-50],[-36,-24],[-47,40],[14,-71],[-63,-2],[-10,-44],[-71,3],[4,75],[-20,-54],[-99,-12],[14,-62],[-52,88],[-222,-38],[8,45],[-105,-54],[24,47],[-79,75],[-60,-118],[9,59],[-132,20],[56,42],[-47,28],[-69,-16],[-19,58],[-89,-42],[-38,79],[-108,18],[-13,50],[-210,-54],[-50,84],[-87,8],[-40,107],[59,39],[-40,26],[-47,-16],[5,-64],[-44,61],[-118,19],[-198,-132],[-159,-21],[-91,-50],[43,87],[-59,23],[-21,-116],[-44,49],[-67,-18],[-19,27],[-56,-28],[4,-52],[-156,16],[67,68],[-82,5],[0,55],[-67,-11],[-50,54],[-141,-48],[7,49],[-87,-7],[-25,73],[-34,-83],[-199,81],[-51,-26],[44,-39],[-94,27],[-7,36],[101,55],[-28,35],[-160,-68],[-38,51],[-96,-24],[-26,30],[111,26],[-68,57],[119,24],[32,-70],[62,84],[-182,15],[22,61],[136,14],[-76,84],[-88,14],[3,52],[-94,-16],[-60,229],[73,38],[-86,28],[-304,-105],[-78,-179],[-311,-110],[-135,60],[-391,-112],[-290,3],[-131,41],[-69,-40],[-97,16],[-56,-48],[-189,-3],[-149,-71],[-479,28],[-197,-19],[-89,-127],[-203,-90],[-60,-113],[-121,-24],[-55,-56],[-88,12]],[[62393,38046],[-186,-141],[-106,-177],[-86,-12],[-71,-77],[-24,-71],[204,-185],[33,-146],[-222,-39],[-73,23],[-120,-155],[-503,-191],[-303,-296],[-65,-130],[322,-362],[11,-111],[-75,-36],[-11,-107],[30,-259],[176,-87],[348,-54],[163,-87],[219,-282],[167,-62],[-29,-108],[119,-115],[-57,-34],[15,-46],[79,-35],[32,-67],[127,54],[58,-84],[-8,-136],[-75,-100],[136,-63],[-77,-83],[134,-68],[226,-49],[-75,-138],[-254,-11],[-350,-79],[-222,-360],[-4,-93],[-219,-84],[-188,13],[-209,-60],[-85,-76],[-121,-10],[-141,-314],[47,-177],[-139,-111]],[[75252,25406],[-110,75],[-127,18],[-146,238],[-38,39]],[[75807,26203],[25,-45],[-65,-15],[2,-48],[107,-46],[98,-123],[138,-81],[0,-62],[198,-58],[284,232],[-54,171],[261,19],[154,-37],[38,40],[83,-51],[91,-150],[169,46],[108,82],[32,68],[-59,66],[27,81],[-47,133],[36,51],[-104,179],[169,45],[23,36],[77,-71],[89,-18],[109,-129],[225,-77],[53,-61],[103,11],[120,75],[-18,44],[147,113],[108,157],[298,-68],[297,27],[137,-67],[115,8],[9,-86],[112,-7],[222,-132],[27,-59],[226,-52],[52,69],[88,109],[102,-19],[89,68],[45,47],[-46,100],[31,90],[-130,209],[27,53],[64,13],[-22,92],[50,15],[123,195],[148,98],[-48,71],[169,10],[27,81],[111,50],[120,123]],[[80977,27818],[-214,91],[-242,36],[-102,123],[-72,403],[-56,72],[-79,20],[-45,100],[41,194],[-96,63],[58,204],[-102,106],[59,89],[102,18],[-20,61],[-74,14],[-43,-33],[-154,62],[-197,10],[-79,-81],[-269,53],[-53,6],[-5,42],[-188,42],[-48,66],[-99,15],[-349,277],[-21,-62],[-110,-46],[-167,98],[-155,-62],[-12,62],[-73,4],[23,49],[-107,-16],[-88,72],[51,45],[-20,75],[-87,0],[78,71],[-104,14],[-43,84],[-243,152],[-55,141],[-83,64],[-82,-15],[-182,64],[-54,148],[-370,45],[-305,-51],[-170,-106],[-272,-54],[3,-82],[-106,-105],[-118,-74],[-191,-53],[-102,46],[-36,111],[-274,10],[-100,119],[-548,74],[-148,-17]],[[82568,24850],[73,8],[33,-90],[163,-67],[83,39],[167,-11],[29,30],[200,14],[280,-49],[182,-108],[81,218],[-118,166],[-65,12],[27,31],[-129,167],[-7,119],[116,68],[46,204],[204,56],[153,-52],[128,34],[293,253],[355,128],[222,46],[-24,152],[61,101],[150,94],[245,75],[254,239],[34,56],[-153,35],[230,243],[-67,165],[247,36],[160,-71],[54,146],[-78,84],[55,70],[92,32],[95,-14],[30,34],[181,-18],[-12,83],[-191,103],[-273,38],[-136,76],[50,70],[214,70],[39,147],[-33,58]],[[86308,28170],[-55,50],[-403,70],[-140,58],[-672,36],[-289,268],[-347,67],[-312,6],[-105,-38],[-18,-50],[-149,12],[-60,-27],[-271,33],[-109,-25],[-312,97],[-142,112],[-202,15],[-74,-66],[-85,-6],[-285,58],[74,-182],[-249,-43],[-48,-98],[-116,-37],[37,-47],[-37,-67],[-168,-72],[-108,0],[-134,-178],[26,-105],[-160,-94],[25,-88],[-47,-68],[-176,-18],[-220,75]],[[60941,32568],[-84,56],[-110,16],[-53,-30],[-74,40],[-107,70],[-15,166],[-230,160],[-122,164],[-137,31],[-118,-17],[-197,76],[-135,-54],[-131,3],[-233,99],[-193,3],[-175,-10],[-91,-92],[-358,-123],[-188,20],[-156,-72]],[[50013,28448],[28,-113],[158,-40],[81,-68],[332,-14],[-2,93]],[[50610,28306],[23,181],[-67,75],[-11,114],[90,34],[9,322],[50,62],[151,46],[41,84],[305,133],[-411,36],[8,107],[-53,18],[72,90],[79,55],[44,-27],[165,16],[165,-117],[85,13],[14,97],[102,38],[-27,40],[153,137],[118,23],[62,58],[71,-6],[179,-58],[94,108],[178,89]],[[52299,30074],[-177,2],[-65,32],[-109,60],[-52,132],[-147,-27],[-210,79],[75,47],[100,417],[48,165],[-82,46],[-2,223],[176,15],[82,53],[75,-68],[190,-33],[188,85],[10,158]],[[52399,31460],[-67,28],[47,70],[-161,79],[102,53],[42,127]],[[52362,31817],[-119,8],[-19,102],[-85,9],[-23,85],[-222,11],[-237,117],[-176,-33],[-141,-58],[-12,-99],[-125,6],[-219,-144],[-127,-48],[-7,81],[-46,7],[-320,-97],[-78,8],[-52,9],[-20,85],[-277,55],[-183,64],[-23,92],[-93,202],[-110,59],[-50,110],[-154,41],[-52,44],[-287,78],[-213,3]],[[48892,32614],[-125,-93],[-140,35],[-140,158],[-226,-137],[-74,-31],[48,-28],[-9,-72],[-64,-163],[82,-108],[-112,-87],[-194,65],[-201,-21],[-160,-100],[-93,33],[-120,-35],[43,-158],[-377,-156],[-196,-181],[-138,-47],[-48,-238],[-214,58],[-86,-26],[-65,-67],[72,-125],[-121,-142],[-128,41],[-53,154],[-272,161],[-206,-28],[-222,-98]],[[45353,31178],[36,-98],[131,-47],[-21,-52],[73,-21],[-15,-124],[-184,-63],[50,-52],[493,-272],[-45,-75]],[[45871,30374],[50,-37],[221,-8],[44,105],[232,18],[142,-122],[148,26],[288,-184],[-72,-99],[80,-108],[139,-86],[-69,-49],[120,-152],[-67,-67],[157,-42],[104,26],[36,104],[86,46],[202,-73],[116,94],[24,77],[103,37],[287,-201],[14,-35],[89,-18],[65,-118],[93,-57],[55,19],[120,-138],[96,30],[-28,76],[120,66],[48,83],[287,18],[268,84],[111,-6],[-49,-79],[103,-54],[21,-184],[40,-248],[-67,-26],[-20,-134],[73,-164],[-57,-62],[72,-91],[216,-98],[101,-95]],[[52299,30074],[165,111],[195,-177],[-213,-241],[243,98],[125,188],[77,29],[77,-48],[139,-204],[130,-47],[43,-94],[116,63],[18,49],[127,-28],[128,-30],[169,-100],[223,-39],[85,-140],[94,-61],[53,8],[59,43],[505,116],[437,266]],[[55262,30135],[-297,-11],[-154,109],[-70,0],[4,36],[-56,10],[-62,-33],[-111,48],[-208,21],[-101,-16],[-65,-13],[-201,104],[-48,-13],[-35,6],[20,89],[-175,41],[-141,93],[-21,88],[-54,80],[-321,134],[-12,71],[-122,-5],[-180,179],[-55,-15],[-287,311],[-111,11]],[[50610,28306],[126,8],[22,36],[153,-16],[277,102],[86,-23],[30,-60],[179,-50],[89,5],[80,55],[163,-22],[108,-86],[186,-7],[60,-98],[-119,-192],[81,-148],[-50,-69],[31,-97],[173,-16],[117,28]],[[45871,30374],[-49,0],[-79,-180],[-238,23],[-79,-139],[-336,-90],[-1,-41],[-183,-263],[64,-109],[81,-42],[-38,-36],[65,-85]],[[45078,29412],[93,-79],[-47,-135],[-242,-152],[84,-138],[-194,-75],[-37,-62],[-179,65],[34,151],[-96,-10],[-56,-75],[5,-90],[-83,-31],[-105,-160],[53,-35],[34,-145],[104,-17],[0,-61],[-93,-168],[137,-149],[-106,-65],[-32,-335],[-193,-120],[-101,-18],[-82,25],[-225,-124],[-63,-49],[-61,-167],[-89,-96],[23,-65],[349,-71],[174,47],[294,-91],[110,-98]],[[44488,26819],[101,55],[199,16],[141,85],[146,-31],[131,148],[104,-71],[370,-11],[55,84],[70,-11],[135,107],[16,104],[87,-135],[-60,-64],[72,-44],[47,-104],[149,-87],[-60,-170],[25,-112],[-113,-114],[7,-52],[-90,-55],[140,-6]],[[46160,26351],[149,116],[179,49],[9,140],[243,12],[147,62],[263,21],[83,-52],[187,32],[58,31],[6,94],[125,113],[-1,54],[190,-17],[110,-66],[142,44],[84,158],[75,20],[95,178],[-47,48],[50,119],[325,213],[-36,108],[4,166],[381,73],[45,97],[151,-45],[346,75],[101,110],[129,19],[139,99],[121,26]],[[53271,32643],[-203,73],[-184,-47],[217,-212],[15,-230],[66,-115],[-83,-25],[-45,35],[-277,-131],[58,-33],[5,-76],[-114,-34],[-14,-37],[-350,6]],[[46160,26351],[-146,-228],[-109,10],[-11,-129],[-66,-84],[247,-212],[-1,-179],[-63,15],[-39,-74],[-116,-53],[-22,-118],[-83,-56],[-16,-78],[-185,-38]],[[45550,25127],[134,-70],[-33,-107],[27,-59],[86,-23],[21,-114],[-149,-96],[-155,-30],[-21,-75],[149,-187],[198,21],[180,-85],[190,-66],[142,40],[187,-47],[408,-266],[178,-48],[46,-114],[45,-68],[200,-78],[409,47],[148,69],[144,-30],[-24,-60],[-193,-145],[329,-44],[68,-8]],[[48264,23484],[190,-20],[164,-100],[307,118],[142,98],[161,-266],[149,10],[48,-47],[35,-225]],[[53459,33112],[11,43],[-85,70],[-113,25],[-78,-26],[-46,48],[-66,-22],[-115,88],[-339,22],[-373,-154],[-91,-92],[-264,-2],[-65,13],[-8,40],[61,-17],[99,56],[223,103],[98,107],[-101,199],[78,139],[-28,111],[-428,-178],[-45,103],[-75,13],[31,82],[-127,129],[-130,50],[6,105],[-121,102],[-148,-101],[74,-170],[-168,-111],[60,-115],[-203,21],[-163,-12],[20,53],[-106,103],[-207,-17],[-101,95],[-193,37],[-71,49],[-112,-1],[-122,-69],[-106,-12],[-223,102],[-216,-20]],[[49383,34101],[46,-155],[-110,-68],[34,-59],[187,-53],[-39,-109],[35,-75],[-77,-23],[-98,-162],[-110,-8],[-51,-72],[-66,-7],[-38,-109],[53,-63],[-253,-251],[8,-34],[-84,-40],[72,-199]],[[55086,33733],[13,34],[-134,67],[70,40],[5,59],[-109,13]],[[54931,33946],[-262,169],[-79,-20],[-25,30],[-59,44],[41,94],[-56,49],[-93,-13],[-74,136],[-84,-19],[-10,80],[-207,40],[-55,-39],[-106,71],[-214,30],[-164,99]],[[53484,34697],[-142,-2],[-43,70],[-171,-13],[11,-46],[-77,-22],[-79,63],[-92,15],[-269,-46],[-25,-65],[-76,-37],[-64,-33],[-33,-108],[-290,-115],[-193,100],[-115,-56],[-277,-39],[-193,26],[-147,-95],[-264,27],[-293,161],[-352,113],[-103,-48],[-177,40],[-77,-21],[-114,54],[-76,-10],[-39,59],[-163,20],[3,-71],[-143,-76],[-153,-168],[79,-21],[40,-84],[34,-90],[-48,-57],[20,-21]],[[40421,48339],[-68,-48],[-201,-26],[-262,-71],[-331,48],[-342,-144],[-60,-190],[-351,-277],[-24,-208],[-111,-30],[-39,-108],[-53,-77],[-195,-5]],[[38384,47203],[-19,-83],[-90,-14],[0,-56],[-57,-30],[132,-53],[31,-64],[-51,-251],[-236,-150],[103,-252],[170,-59],[-160,-62],[-291,-55],[-194,-37],[-5,-124],[-78,-27],[1,-42],[-105,-18]],[[37535,45826],[-56,-37],[29,-43],[-59,-95],[-35,-143],[59,-77],[-143,-48],[-78,-175],[74,-156],[227,27],[116,-40],[148,-201],[-29,-146],[84,-113],[81,2]],[[37953,44581],[101,44],[-71,99],[30,47],[262,-10],[120,28],[52,-36],[59,-173],[-18,-147],[108,-105],[56,90],[-10,90],[152,119],[-43,162],[32,54],[72,18],[45,-42],[189,-39],[33,108],[116,49],[56,-22],[28,31],[405,245],[151,37],[353,174],[-38,31],[56,44],[-20,30],[317,60],[195,138],[221,-27]],[[40962,45678],[75,36],[7,102],[73,42],[9,72],[-72,80],[58,122],[-48,79],[187,-2],[101,42],[191,335],[82,-9],[617,29],[273,62],[108,55],[407,11],[52,-62],[200,-56],[143,-93],[226,109],[-109,241],[33,194],[-87,101],[-286,164],[103,114],[-7,64],[-601,495],[-106,257],[-133,88]],[[42458,48350],[-74,25],[-192,-63],[-245,-23],[-211,63],[-92,98],[-175,39],[-154,4],[-119,-48],[-91,21],[-52,-28],[-120,58],[-168,5],[-344,-162]],[[37953,44581],[-56,-176],[98,-126],[-41,-165],[36,-105],[149,-102]],[[38139,43907],[169,3],[203,-60],[173,10],[191,59],[107,104],[179,-56],[226,72],[79,-105],[-38,-59],[1,0],[107,-130],[-51,-106],[138,-287]],[[39623,43352],[162,-23],[84,76],[-28,42],[77,142],[338,-154],[-41,137],[221,-31],[-34,-61],[172,-37],[147,-99],[190,27],[103,-121],[85,24],[115,-49],[89,33],[116,-26],[0,-98],[174,-74],[67,49],[126,4]],[[41786,43113],[-5,133],[52,33],[-48,61],[23,46],[-88,54],[54,65],[-64,57],[27,151],[-34,85],[-189,76],[155,54],[-27,205],[117,52],[-58,169],[-84,28],[-54,42],[41,62],[-99,54],[110,199],[-11,98],[-78,43],[189,129],[-17,49],[-76,25],[-157,2],[-14,48],[-240,73],[-114,-14],[-50,40],[65,88],[-82,95],[28,108],[-91,70],[-5,85]],[[35535,45543],[146,48],[121,-17],[133,59],[-52,205],[86,18],[53,74],[89,-26],[116,56],[49,76],[-27,48],[106,74]],[[36355,46158],[-177,190],[-122,115],[65,31],[111,248],[-1,210],[263,27],[0,52],[-96,56],[-68,119],[155,91],[110,-64],[200,131],[157,-56],[366,83],[309,-56],[181,37],[79,56],[84,-59],[135,14],[46,-37],[121,37],[111,-180]],[[40421,48339],[45,133],[-19,125],[-267,183]],[[40180,48780],[-251,120],[-239,42],[-120,-19],[6,-143],[-275,-29],[-195,-107],[-89,-283],[-357,-66],[-165,6],[-74,40],[-224,-48],[-55,-102],[-99,-36],[-134,31],[-142,-71],[-87,-1],[-243,-65],[-91,37],[-112,-30],[-403,-8],[-167,-50],[-121,21],[-370,-118],[123,-90],[-98,-113],[-99,158],[-78,-168],[-152,-12],[-214,42],[-3,-84],[-105,-28],[-95,43],[-40,-62],[-171,-36],[87,-131],[-100,18],[-67,-63],[-88,41],[-65,-35],[-41,96],[-97,18],[-64,-191],[-235,45],[7,-122]],[[35726,43314],[0,-112],[98,5],[119,-139],[258,-16],[82,-66]],[[36283,42986],[107,91],[117,8],[32,101],[249,22],[54,96],[88,32],[212,-1],[102,55],[111,20],[0,78],[120,64],[157,-98],[50,48],[158,-12],[64,53],[213,-17],[81,74],[2,81],[81,25],[25,52],[-167,149]],[[37535,45826],[-15,96],[-108,-19],[-201,99],[-191,-25],[74,67],[-190,-4],[-69,55],[143,154],[-61,57],[-115,10],[-117,-83],[-14,-113],[-181,-128],[-135,166]],[[34887,44105],[120,-112],[-28,-52],[104,-23],[52,-68],[45,-92],[-51,-41],[99,-114],[-23,-47],[75,-14],[123,77],[72,-163],[205,4],[46,-146]],[[35573,50368],[199,225],[139,70],[-3,111],[72,-64],[-34,-113],[67,-117],[105,-34],[38,34],[232,-8],[221,-84],[254,2],[104,-51],[398,-198],[269,-40],[109,-138],[67,-12],[204,96],[558,-236],[341,-49],[252,54],[123,129],[227,53],[375,-102]],[[39890,49896],[-51,105],[-233,100],[-416,-114],[-179,69],[-179,-20],[-53,60],[-238,-21],[-155,63],[-140,-13],[50,871]],[[38296,50996],[-287,-23],[-154,-62],[-106,73],[-140,-36],[-269,-149],[-164,-33],[-287,159],[96,54],[-125,118],[2,49],[-226,230],[6,63],[-100,9],[-35,79],[-85,17],[-88,173],[-84,55],[-90,-68],[-117,128],[-85,-19],[-119,113],[-160,17],[-41,35],[-358,-102],[-36,-79],[-261,21],[-30,66],[-246,72],[-65,-52],[-219,55],[-108,-87],[-123,59],[-118,-42],[-220,79],[19,80],[-134,48],[-241,201],[-56,-10],[-96,49],[-201,-80],[-166,25],[-60,-113],[43,-71],[-194,-125]],[[40180,48780],[66,219],[161,60],[-28,35],[509,297],[317,54],[175,-37],[128,110],[77,11],[-155,61],[34,30],[-28,138],[-88,106],[-134,27],[-12,42],[-44,-28],[-25,47],[-452,26],[-112,-48],[-73,48],[-172,-20],[-138,165],[44,115],[-47,59],[-95,-60],[-81,-208],[-117,-133]],[[42458,48350],[471,377],[131,35],[138,-28],[288,189],[242,-80],[-59,-305],[117,-154],[16,-173],[170,-139],[-20,-91],[54,-140],[162,-136],[125,14]],[[44293,47719],[118,175],[95,16],[62,57],[58,272],[310,380],[26,201]],[[44962,48820],[-326,-39],[-8,181],[-174,98],[39,96],[-135,71],[-77,150],[-37,173],[-158,73],[-76,106],[-112,36],[37,32],[-35,81],[-89,-14],[-166,93],[-80,341],[-120,116],[-28,158],[-102,28],[-13,46],[13,80],[-174,64],[-242,247],[-30,116],[69,14],[15,46],[-88,262],[-64,50],[14,94],[-73,11],[-90,215],[-57,216],[60,200],[-118,143],[-75,215]],[[42462,52619],[-142,97],[-33,145],[-87,98],[-4,112],[116,286],[-46,114],[48,85],[-47,165],[60,48],[65,14],[-4,96],[-96,134],[161,205],[7,127],[-171,223],[3,68],[-139,81],[-4,48]],[[42149,54765],[-132,93],[-60,-64],[-233,-82],[-24,-53],[-108,67],[-400,-14],[-167,-156]],[[41025,54556],[150,-105],[-32,-30],[43,-76],[-7,-92],[-80,-79],[15,-64],[-109,-141],[34,-423],[-65,-149],[114,-92],[-34,-77],[27,-165],[106,-36],[4,-46],[-66,-48],[-29,29],[-85,-16],[-2,-43],[-73,-19],[23,-40],[-113,-190],[44,-14],[-91,-122],[-61,10],[13,-60],[-69,-79],[-114,10],[-73,-35],[-63,47],[27,-99],[-183,-77],[-74,26]],[[40202,52261],[-39,-60],[33,-28],[203,32],[76,50],[11,-64],[54,-13],[-111,-72],[47,-33],[-35,0],[16,-53],[-54,6],[46,-63],[-54,9],[14,-31],[-143,-43],[-22,-67],[50,-12],[-64,-46],[39,-6],[-9,-56],[51,0],[-51,-30],[55,-27],[-9,-56],[-43,-11],[70,-112],[-38,12],[-121,-125],[53,-53],[-112,-53],[14,-31],[-85,-1],[-1,-35],[-116,8],[-90,-115],[-117,-1],[-115,-68],[-354,-82],[-139,-6],[-383,213],[-159,0],[-274,-142]],[[33091,54122],[-377,-212],[-166,-36],[-485,97],[-147,-209],[-274,-133]],[[40202,52261],[-66,69],[86,53],[-119,49],[129,24],[-226,210],[0,117],[69,23],[-32,85],[-133,70],[52,81],[-59,43],[54,94],[-92,43],[18,54],[-113,52],[58,62],[-66,28],[-138,-24],[48,89],[-126,125],[-75,53],[99,135],[-76,32],[-41,76],[45,55],[-50,43],[-37,171],[-110,31],[-74,-1],[-120,78],[-36,-64],[-328,-116],[-212,-250],[-201,-446],[-201,-25],[4,143],[-82,77],[-271,120],[-65,87],[-146,-57],[-556,-36],[-52,-49],[-277,13],[-13,-36],[-134,-26],[-259,97],[-88,-53],[-107,27],[-109,-39],[-171,17],[-53,69],[-275,-31],[-91,-52],[-32,-111],[-120,-33],[-18,-75],[-179,63],[-76,-77],[-307,10],[-33,82],[-111,37],[-101,-79],[-81,-5],[-138,27],[-133,98],[-156,-17],[-55,-69],[-90,-1],[-80,55],[-251,145],[92,109],[-14,53],[-66,28],[-87,-33],[-59,46],[-246,-4],[-20,28],[90,116],[-22,78]],[[41786,43113],[46,-64],[120,67],[61,-183],[214,52],[401,397],[-75,173],[76,100],[248,177],[266,117]],[[43143,43949],[85,66],[49,158],[127,75],[114,22],[210,-46],[206,81],[63,-13],[239,71],[161,159],[-25,303],[31,85],[80,43],[-26,82],[84,193],[76,112],[93,19],[125,97],[328,7],[66,84],[-21,285],[45,33]],[[45253,45865],[-24,42],[-229,17],[-196,-38],[-186,44],[-100,123],[-188,10],[-138,65],[-106,109],[-102,4],[1,78],[-66,79],[57,74],[18,154],[128,56],[86,-28],[53,19],[31,74],[-82,276],[28,166],[74,102],[-19,428]],[[50285,51808],[-271,-43],[-128,10],[-136,61],[-335,-130],[-64,51],[-284,-52],[-94,15],[5,-116],[93,-116],[-17,-40],[-146,-34],[-44,-46],[116,-94],[1,-120],[-79,-13],[-62,-14],[-12,-61],[-120,2],[-19,-61],[-140,-12],[-9,-66],[104,-51],[-306,-163],[52,-51],[-81,-39],[-27,-117],[-266,-8],[81,-83],[24,-160],[97,-40],[36,-117],[-71,-20],[-168,-223],[-114,-63],[-120,-5],[30,-91],[-47,-111],[-310,-170],[-164,69],[-122,-85],[-179,-31],[-365,96],[-264,-20],[-34,-157],[-287,-281],[-551,-135],[-155,-9],[-146,-60],[-69,41],[-58,-43],[-98,18]],[[45253,45865],[252,-66],[94,-111],[314,41],[190,-28],[78,-56],[60,21],[37,170],[68,8],[33,78],[62,29],[160,-39],[131,72],[73,95],[-111,59],[-12,74],[91,54],[238,42],[381,-33],[260,34],[98,114],[-275,410],[442,-23],[746,-334],[517,-24],[290,140],[352,-105],[154,-9],[63,-133],[269,23],[380,114],[166,105],[180,-135],[186,-18],[44,76],[-46,76],[79,1],[1,69],[83,64],[-46,57],[-167,-14],[-36,38],[62,86],[-36,86],[213,69],[-95,177],[87,69],[-32,77],[30,34],[76,-24],[66,48],[99,5],[179,164],[-60,127],[57,41],[75,-8],[-1,122],[160,53],[-118,272],[72,46],[99,239],[269,135],[148,4]],[[52482,48623],[-103,66],[-93,10],[-68,59],[35,30],[68,-7],[92,50],[94,109],[118,38],[28,72],[212,21],[16,80],[284,257],[-4,196],[-132,104],[-141,178],[-119,305],[25,187],[-34,38],[-246,44],[-49,68],[156,146],[55,123],[-140,156],[59,90],[109,43],[-38,89],[66,332],[159,164],[62,332],[222,84],[120,109],[321,90],[54,147],[-84,652],[-87,247],[-336,196],[-321,-9],[-251,-59],[-1461,-549],[52,-95],[-57,-71],[-33,-388],[-466,-328],[-226,-186],[-115,-35]],[[41747,21433],[470,-212],[84,-138],[13,-86],[-78,-102],[349,-255],[-16,-84],[48,-80],[-47,-46],[70,-121],[-32,-61],[87,-88],[489,-199],[44,-79],[-54,-31],[753,-249],[618,-308],[1065,-356],[418,-255]],[[46028,18683],[161,34],[265,156],[-28,38],[228,580],[-140,151],[71,186],[-23,70],[124,114],[-125,245],[213,79],[218,-58],[86,92],[-67,105],[45,106]],[[47056,20581],[22,84],[330,171],[70,257],[71,86],[165,90],[101,-8],[20,60],[160,38],[-39,62],[172,179],[79,227],[-156,53],[-11,203],[51,94],[25,317],[-60,93],[13,76],[45,152],[-102,138],[129,116],[14,148],[-121,87],[230,180]],[[45550,25127],[-106,40],[-67,-61],[-115,-26],[-137,-152],[-260,-72],[-52,-45],[-210,-35],[-211,-17],[-171,-101],[-189,5],[-125,-64],[-99,15],[-106,-71],[-239,27],[-230,84],[-285,-104],[-318,76],[-134,-50],[-377,56],[-19,37],[-74,-27],[-114,-32],[-97,23],[-104,-115],[-62,-167],[-96,-72],[34,-126],[266,-192],[-18,-229],[182,-74],[37,-50],[-58,-65],[148,-184],[-82,-79],[-233,-110],[35,-90],[-207,-189],[-182,-244],[-4,-158],[271,-227],[67,-14],[58,32],[110,-90],[168,-49],[42,-104],[-58,-162],[-123,-130],[0,-125],[-74,-65],[-80,-9],[-105,-113]],[[45078,29412],[-182,-45],[8,-79],[-240,-49],[10,-109],[-48,-38],[-113,-10],[-35,-53],[-258,-20],[-327,112],[-62,-108],[-233,-123],[-45,48],[-80,-2],[-51,118],[-200,-31],[-229,110],[-277,50],[-201,86],[-174,-56]],[[42341,29213],[5,-104],[-67,-116],[-415,-288],[-499,-244],[-232,-142],[-322,-148],[-58,-185],[-183,-182],[-153,-247],[-312,-103]],[[40105,27454],[246,-259],[144,-251],[60,-202],[-13,-251],[20,-293],[-39,-220]],[[40523,25978],[310,7],[513,155],[298,-70],[123,85],[242,-2],[130,-54],[110,-144],[77,-11],[36,-109],[104,5],[84,-68],[116,35],[165,-5],[80,73],[63,-24],[137,31],[227,-76],[162,31],[74,144],[-67,82],[208,45],[25,60],[86,17],[82,69],[18,123],[61,36],[-27,70],[188,43],[196,118],[-12,71],[156,104]],[[49294,20652],[-81,-61],[82,-121],[-26,-36],[-94,-82],[-169,-21],[-125,-89],[-77,-189],[-100,9],[-243,219],[-321,-42],[-22,209],[-72,82],[-84,18],[-658,-151],[-235,94],[-13,90]],[[46028,18683],[10,-55],[-82,-45],[25,-104],[462,-197],[65,-129],[74,-13],[81,-77],[34,-136],[114,-69],[84,-195],[101,-64],[6,-134],[100,70],[77,-47],[-11,-54],[105,66],[163,-23],[323,-97],[341,-195],[120,-160],[-52,-127],[-323,29],[119,-22],[154,-167],[80,6],[32,-45],[150,9],[211,-86],[137,-155],[-39,-112],[-229,5],[-66,-74],[258,-52],[22,-81],[110,-5],[34,-73],[144,7],[179,-62],[-1,-34],[140,-3],[85,-63],[-18,-40]],[[40523,25978],[-102,-302],[-116,-173],[-22,-220],[-70,-185],[-153,-327],[24,-86],[-84,-45],[58,-82],[-93,-82],[-277,168],[-110,-50],[178,271],[-221,30],[-218,-67],[-108,20],[-100,-30],[25,-123],[-142,-83],[-42,-213],[-57,-50],[15,-92],[270,-27],[50,-49],[133,41],[87,-52],[93,51],[4,92],[41,4],[-29,20],[64,11],[183,-92],[4,-49],[-102,-57],[177,-128],[22,-158],[-39,-64],[-84,-23],[183,-128],[0,-56],[-63,-31],[78,-107],[-30,-36],[-94,2],[2,-112],[-127,-36],[62,-60],[-15,-73],[50,-77],[-46,-58],[56,-78],[-116,-59],[141,-107],[27,-95],[149,217],[-14,31],[-13,-69],[-113,138],[87,0],[62,-67],[207,22],[74,-39],[-12,-56],[157,-27],[59,-139],[370,-160],[110,-117],[7,-90],[148,-147],[38,-119],[-45,-82],[-270,-6],[68,-101],[555,-208],[233,-214]],[[53484,34697],[46,71],[262,-21],[41,25],[47,158],[-47,91],[134,80],[-22,51],[-136,-12],[-204,203],[-349,-20],[-42,53],[15,98],[-121,66],[4,128],[-114,65],[34,78],[-144,107],[-8,71],[-92,50],[-17,55],[-86,27],[61,193],[-73,24],[-8,58],[-181,77],[-31,58],[-224,-74],[-102,55]],[[52127,36512],[-130,-59],[-52,-151],[-164,-22],[-79,-88],[-30,-98],[88,-113],[-291,-24],[-275,19],[-69,-56],[-165,-24],[141,-137],[-271,-180],[-20,-59],[-68,24],[-217,-18],[-47,54],[-78,-10],[-91,57],[-74,-87],[-60,-10],[-193,151],[-220,-45],[-329,-349],[-87,90],[-148,210],[-203,-7],[-49,-46],[-287,126],[-44,88],[-105,62],[-240,-21],[-88,-40],[-234,-30],[-14,-70],[-98,-77],[16,-70],[-93,-76],[63,-52],[-202,-71],[14,-66],[-34,-135],[-142,-82],[251,-206],[7,-10],[-189,-43],[-55,-121],[-111,-10]],[[47361,34630],[95,-133],[-27,-43],[111,-40],[226,-42],[79,-23],[197,-12],[20,-36],[32,-99],[3,-43],[-12,-28],[10,-86],[-65,-137],[-30,-64],[-167,-19],[-80,-106],[245,-358],[-60,-74],[-107,31],[-66,-44],[18,-49],[-164,8],[-59,38],[-29,-70],[-87,5],[-336,-212],[37,-102],[-454,-199],[-259,-31],[-274,-137],[-647,-87]],[[45511,32438],[17,-250],[58,-95],[111,-243],[-74,-39],[-52,-106],[-114,-42],[-45,-169],[-57,-63],[-2,-253]],[[47361,34630],[-59,4],[-64,-38],[-116,-67],[-232,-58],[-28,30],[-24,-38],[-172,-40],[-40,-55],[-329,-51],[11,-66],[-109,-43],[-45,-99],[-317,-92],[-112,-132],[53,-100],[-83,-127],[-368,176],[-24,55],[-328,18]],[[44975,33907],[-110,-41],[-56,-136],[-159,-50],[-20,-50],[146,-72],[184,-220],[262,-227],[77,-73],[-48,-80],[62,-67],[124,-17],[68,-77],[92,-105],[-138,-219],[-6,-43],[58,8]],[[52127,36512],[21,60],[-90,233]],[[52058,36805],[-141,32],[-113,-37],[-32,74],[-160,-28],[-187,89],[-81,-6],[-232,141],[-481,186],[-61,-3],[-113,-147],[-67,0],[-6,-51],[-134,-41],[-88,6],[-40,43],[1,71],[97,78],[-2,45],[120,57],[-41,85],[276,64],[24,56],[-136,35],[-22,43],[-125,18],[-174,134]],[[50140,37749],[-102,-9],[-115,71],[-94,-106],[-162,-48],[-25,-99],[-153,13],[-52,-88],[-301,-57],[-118,-79],[-97,-13],[-43,-55],[-149,-24],[-88,-34],[-109,-192],[-82,-22],[-11,-87],[-112,-50],[61,-143],[-132,2],[-45,-66],[41,-75],[-96,-70],[107,-140],[151,-107],[-76,-221],[113,-146],[-247,62],[-113,-6],[-40,-82],[-161,-36],[-88,-63],[24,-74],[-216,-67],[-93,-34],[-44,-145],[-203,4],[-254,-65],[-43,27],[-211,-57],[340,-142],[-278,-141],[-113,7],[-2,-53],[-82,-50],[-124,-63],[-146,-19],[-60,111],[-97,21],[-69,-13],[-121,-111],[-20,-56],[232,-124],[-29,-33],[-486,-170],[-317,76],[-39,62],[-236,-30],[-103,-81],[-160,22],[-106,53],[-158,0],[-88,-26],[37,-122],[-89,-38]],[[44448,34448],[161,-83],[-113,-132],[194,-48],[229,-130],[-32,-37],[77,-47],[11,-64]],[[46495,38732],[1012,-233],[2195,-269]],[[49702,38230],[20,57],[-73,21],[10,46],[-136,102],[54,61]],[[49577,38517],[-168,36],[-122,72],[40,56],[-145,30],[-3,47],[-149,30],[-64,73],[67,286],[-52,94],[-68,22],[8,43],[-177,77],[-113,-4],[-99,110],[-93,10],[-178,110],[-139,-13],[-22,96],[65,21],[12,47],[-64,17],[-65,116],[17,174],[52,39],[-328,141],[71,16],[44,69],[209,23],[23,50],[-127,64],[72,70],[-139,27],[-33,180],[147,27],[155,-42],[108,-95],[80,60],[-317,171],[-10,45],[-81,-7],[192,92],[252,-175],[49,74],[101,30],[65,130],[-128,223],[-94,62]],[[48428,41341],[-113,86],[-259,23],[-57,-20],[-26,-207],[-79,-43],[-53,-99],[-191,-77],[-125,21],[-49,58],[-129,47],[-86,97],[-80,5],[-110,-103],[52,-6],[4,-45],[-63,-118],[-181,-80],[-84,64],[-113,-47]],[[46686,40897],[0,-94],[-56,-61],[-151,58],[-130,-114]],[[46349,40686],[141,-64],[37,-108],[60,-30],[7,-109],[-144,-65],[-114,-164],[77,-42],[-52,-49],[-97,-45],[-140,43],[-138,-36],[-231,-151],[-97,21],[-120,-36],[-59,41],[-158,-27],[-147,-129],[-176,-16],[-350,-129],[-5,-79],[109,-32],[143,-235],[138,49],[142,-94],[87,43],[57,-18],[-53,-129],[70,-194],[596,15],[563,-185]],[[43600,37167],[121,-86],[38,-150],[201,-286],[195,-106],[94,-97],[33,-127],[119,-67],[-270,-184],[-58,-14],[-113,-146],[-183,-2],[-145,-75],[-136,3],[-137,108],[-70,9],[-256,-11],[-153,-73],[10,-77],[-51,-31],[-26,-112],[47,-115],[-76,-152],[-125,-20],[-117,38],[-156,-6],[-298,-159],[-172,-24],[-71,35],[-86,-185],[-132,-41]],[[41627,35014],[-6,-50],[120,-87],[349,-167]],[[42090,34710],[141,59],[166,-13],[52,-44],[206,54],[138,-76],[140,28],[248,-78],[98,6],[80,-102],[106,62],[420,-250],[115,25],[72,101],[199,-55],[123,-9],[54,30]],[[50140,37749],[-204,224],[86,122],[-102,76],[-218,59]],[[46495,38732],[10,-42],[-106,-32],[71,-88],[-45,-77],[80,-36],[20,-130],[93,6],[119,-50],[3,-127],[-47,-132],[-50,-31],[-108,11],[-249,-204],[30,-134],[-155,-162],[44,-71],[-28,-143],[-142,29],[-38,42],[-106,-41],[-147,125],[-89,-62],[-46,9],[-37,-57],[35,-65],[-145,-37],[-57,-54],[156,-189],[33,-115],[-52,-15],[-159,106],[-44,-78],[-141,102],[-186,-62],[-72,25],[-45,106],[-91,-31],[-235,18],[-82,58],[-95,-5],[-80,-48],[-119,215],[-65,22],[-115,-108],[-167,30],[-246,-43]],[[39836,40560],[9,-93],[39,-88],[58,-13],[-59,-63],[56,-52],[-4,-68],[84,-54],[-34,-69],[52,-43],[-50,-25],[159,-119],[-84,-306],[194,-131],[87,-115]],[[40343,39321],[98,2],[-53,-105],[85,-13],[26,-55],[102,7],[-25,-29],[-63,-87],[42,-3],[41,-85],[121,-32],[-53,-21],[-27,-82],[98,-155],[195,-136],[25,-104],[228,-113],[22,-96],[181,-191],[160,19],[123,70],[150,-45],[60,37],[52,-14],[63,60],[281,66],[-2,51],[77,55]],[[42350,38322],[553,0],[-431,480],[-216,172],[400,-30],[161,109],[-28,128],[158,99],[-34,39],[67,50],[151,-18],[71,137],[105,2],[51,135],[-48,62],[45,169],[153,9],[-29,89],[261,202],[177,-70],[232,48],[260,171],[137,30],[61,77],[214,-49],[254,-8],[116,35],[330,-15],[171,49],[267,-75],[50,56],[15,157],[225,75],[7,45],[93,4]],[[46686,40897],[11,90],[60,1],[86,70],[30,179],[-62,220],[-324,64],[-91,-23],[-136,0],[-40,-134],[-53,-27],[-109,133],[-257,16],[-68,58]],[[45733,41544],[-201,-5],[-88,93],[-126,-407],[-178,-117],[-341,-2],[-226,-91],[-115,27],[36,43],[-38,55],[-312,43],[-203,-113],[-241,26],[-207,-119],[-2,-139],[-113,-19],[-56,-55],[-97,28],[-71,71],[-51,-47],[-89,49],[-293,-24],[-179,-97],[-9,100],[-147,69],[-47,81],[-75,7],[-175,119],[-111,-46],[-11,-51],[-290,-230],[-288,-78],[-322,-369]],[[41067,40346],[3,-27],[94,30],[11,-51],[285,-16],[191,-164],[33,-111],[232,-11],[46,-117],[-154,-95],[30,-81],[-36,-37],[-274,-45],[-36,-62],[31,-33],[-247,24],[0,-68],[-136,58],[-76,65],[11,69],[-202,38],[-73,125],[-274,145],[-483,555],[-56,34],[-131,14],[-20,-25]],[[52058,36805],[52,155],[104,-17],[127,37],[41,26],[-48,46],[116,23],[111,-62],[124,53],[45,53],[-75,34],[-11,88],[239,57],[33,88],[70,26],[-46,78],[17,85],[189,48],[-4,69],[86,68],[156,50],[129,-3],[114,144],[-22,108],[-97,94],[141,75],[-282,25],[-118,-124],[-263,61],[10,192],[54,85],[78,23],[-15,30],[32,38],[224,-7],[160,86],[18,58],[-72,74],[26,105],[119,-4],[132,-107],[201,1],[81,161],[409,7],[28,30]],[[54471,38962],[139,150],[-91,198],[138,61],[127,7],[-17,82],[49,54],[-97,8],[-41,66],[-66,-6],[-64,90],[-165,72],[7,41],[-192,110],[-188,69],[-159,-11],[-56,114],[-170,42],[-137,76],[-63,-23],[-56,71],[-148,6],[-102,67],[-74,-41],[-142,6]],[[52903,40271],[-185,-178],[-310,-6],[-256,-58],[-233,53],[-40,-130],[49,-192],[-129,-11],[-33,-70],[-99,-19],[-51,-75],[-48,23],[-116,-55],[-123,-102],[-118,15],[-17,-39],[-32,28],[-99,-123],[-30,25],[-145,-102],[-165,-22],[62,-58],[-2,-67],[-116,4],[25,-72],[-59,-114],[55,-80],[87,21],[34,-33],[-54,-37],[38,-128],[-616,-167],[-342,26],[-207,-47],[-51,36]],[[42350,38322],[405,-232],[-30,-48],[237,-102],[-271,-77],[19,-76],[92,-39],[68,-105],[197,-280],[83,18],[299,-196],[151,-18]],[[40343,39321],[-102,-30],[-134,71],[-105,-48],[-176,73],[-219,30],[-79,122],[-1,103],[-138,49],[-122,-63],[-257,75],[-47,51],[-348,-50],[-104,49],[-113,-70],[-237,-29]],[[38161,39654],[-35,-111],[-186,-46],[111,-140],[-4,-164],[107,-85],[-16,-101],[86,-159],[-48,-70],[96,-77],[156,-38],[-48,1],[-120,-113],[169,-225],[2,-10]],[[38431,38316],[69,-63],[141,0],[60,-49],[21,-110],[148,-152],[-81,-71],[137,-159],[133,4],[46,-176],[-75,-52],[34,-85]],[[39064,37403],[137,-117],[69,14],[5,-119],[174,-11],[82,-101],[104,-26],[53,-157],[38,41],[48,-14],[108,51],[66,81],[211,-12],[84,84],[79,-96],[93,-16],[48,-76],[79,-11],[69,-131],[-144,-63],[84,-90],[-131,-93],[91,-77],[-27,-104],[-85,-40],[70,-203],[99,-12],[250,-230],[87,27],[51,-25],[14,-53],[178,-114],[144,-202],[285,-172],[50,-107],[-41,-137],[41,-78]],[[54931,33946],[193,226],[155,103],[169,42],[116,-26],[86,48],[172,-232],[182,8],[184,-46],[24,-44],[84,-13],[87,-127],[345,-178],[37,-86],[170,165],[148,21],[80,53],[15,100]],[[57178,33960],[-65,51],[14,61],[163,42],[79,220],[3,236],[315,151],[75,181],[370,289],[173,14],[101,101],[2,88],[-63,69],[-176,-15],[-93,99],[-4,58],[82,97],[-132,161],[-11,140],[-126,-80],[-52,6],[37,110],[-113,86],[23,191],[-174,50],[16,39],[98,25],[-134,79],[70,132],[-39,102],[-134,127],[-110,19],[-146,-41],[-41,27],[-5,6],[112,119],[-95,223],[117,93],[-1,62],[-277,180],[-17,148],[-99,11],[-212,172],[-96,23],[-246,234],[-12,63],[-274,234],[-53,311],[-121,-13],[-45,48],[54,66],[-12,176],[74,74],[23,135],[-274,6],[-208,88],[-198,-37],[-105,-77],[-138,-33],[-38,-56],[-87,8],[-193,-155],[-289,-22]],[[49412,42037],[-72,-70],[21,-66],[-133,-31],[-167,-221],[-161,-87],[-97,-7],[-117,-113],[-154,66],[-104,-167]],[[52903,40271],[-49,67],[-245,61],[-87,-28],[-64,38],[-156,-30],[40,128],[-65,99],[53,115],[-39,88]],[[52291,40809],[-61,107],[-208,136],[-45,-17],[-161,62],[-62,-29],[-209,3],[-288,270],[-157,259],[-216,177],[-71,-55],[171,-264],[-123,-25],[-30,-38],[-221,121],[-37,-37],[-160,30],[-144,92],[-208,-93],[-35,85],[-152,84],[-41,215],[-71,32],[-117,-47],[-148,137],[-85,23]],[[53318,40605],[-348,58],[-147,97],[-21,81],[-71,25],[-274,-64],[-17,-55],[-149,62]],[[57178,33960],[140,-84],[-95,-86],[19,-30],[89,-21],[142,55],[102,-46],[142,-260],[252,-132]],[[62393,38046],[-237,86],[-143,133],[-91,-56],[-41,20],[41,133],[-37,41],[197,96],[-32,90],[106,260],[-201,592],[67,51],[-59,109],[23,66],[-89,119],[-318,39],[-155,58],[12,138],[-94,44],[-46,213],[-109,112],[66,112],[-25,143],[66,170],[-15,95],[-390,70],[-444,240],[-11,63],[-502,203],[-82,108],[-146,-16],[-169,-74],[28,-131],[-67,-107],[-215,-31],[-63,-198],[49,-116],[-38,-118],[61,-56],[-108,-121],[24,-56],[-252,-193],[-52,-119],[-27,-655],[35,-260],[67,-98],[-82,-27],[-217,-3],[-204,145],[-144,5],[-56,-49],[-101,5],[-168,136],[-61,180],[38,128],[-224,424],[-218,15],[-209,-39],[-328,51],[-272,-12],[-47,-48],[-97,-8],[-278,70],[-94,-191],[-423,16],[-198,-82],[-276,-20],[-198,-98],[-249,-10],[-212,73],[-396,226],[-365,9],[-94,272],[-426,200],[-60,-8]],[[19624,55481],[26,-209],[172,-21],[100,-96],[-48,-104],[-49,-14],[57,-79],[-69,-126],[-517,-182],[-143,-154]],[[19153,54496],[43,-77],[-45,-157],[-100,-82],[-166,7],[0,-49],[159,-130],[429,-191],[512,-298],[229,-197],[138,-192],[84,-244],[-69,-97],[71,-178],[-41,-129],[-143,-91],[-2,-93],[864,-767],[63,-113],[-9,-186]],[[24399,52959],[-197,201],[-12,110],[-145,108],[-7,81],[-69,68],[188,65],[-65,136],[-51,9],[66,32],[-8,116],[94,79],[-269,39],[-291,-28],[-79,-92],[-14,45],[-239,87],[6,303],[-169,12],[-93,-57],[-29,103],[-123,21],[-27,160]],[[22866,54557],[-100,-120],[-228,-26],[-187,92],[127,104],[-296,70],[-163,91],[-104,-14],[-163,23],[-153,95],[195,282],[-235,79],[-72,79],[28,74],[-46,71],[-359,59],[124,159],[-19,68]],[[21215,55743],[-131,-24],[-106,37],[-96,-62],[-145,-10],[-236,-97],[-336,-26],[-74,-181],[-119,46],[-103,-28],[-172,15],[-73,68]],[[16890,59863],[-157,-71],[-36,-112],[-105,-32],[-131,-121],[21,-45],[-116,-24],[-111,-147],[48,-82],[-271,-45],[35,-178],[-69,-23],[-95,-164],[-50,-21],[-74,50],[-62,-43],[-102,105],[-74,22],[-215,-211],[-554,-212]],[[14772,58509],[150,-202],[15,-94],[-32,-48],[-189,-55],[-20,-38],[598,-407],[53,-131],[146,-237],[421,-294],[25,-71],[184,-103],[582,-298]],[[16705,56531],[255,115],[229,186],[213,23],[131,-232],[520,-35],[25,97],[193,59],[168,321],[92,46],[179,-56],[84,36]],[[18794,57091],[336,48],[119,111],[59,166],[198,62],[138,116],[106,1],[67,38],[-40,54],[-183,18],[-114,-28],[-32,80],[-213,14],[18,106],[-101,143],[-108,38],[52,54],[-36,127],[111,61],[22,163],[516,65],[119,-36],[88,30]],[[19916,58522],[80,142],[-110,189],[-132,-8],[-75,-70],[-194,-40],[-189,15],[-200,-31],[-277,-135]],[[28261,59368],[18,-150],[108,-78],[181,-194],[71,-44],[-26,-158]],[[28613,58744],[540,-115],[212,-177],[284,-82],[86,-63],[187,41],[36,63]],[[29958,58411],[-60,31],[125,84],[-45,96],[262,10],[74,55],[-87,116],[-71,-19],[-129,50],[-121,-28],[-26,98],[145,313],[-142,4],[-196,255],[-210,87],[-56,-27],[-116,156],[-135,32],[72,93],[-138,291],[85,125],[-146,277],[77,91],[-63,0],[-18,65],[74,-10],[34,56],[223,76],[-15,72],[-44,-2],[-63,81],[35,81],[-140,40],[-64,107],[-536,213],[-60,121],[86,110],[-132,49],[-128,132],[-57,269],[-92,118]],[[15823,61845],[-292,113],[-82,107],[-147,50],[-96,106],[-425,57],[-111,-110],[-210,-30],[-63,25],[-138,-144],[-571,-432],[-768,-569]],[[12920,61018],[546,-400],[171,-194]],[[13637,60424],[343,-8],[117,226],[254,-70],[66,136],[80,-9],[39,30],[-23,48],[134,-49],[41,38],[97,-32],[232,-140],[60,-152],[104,-108],[274,-119]],[[23054,56578],[-132,-11],[-62,-44],[-289,37],[-190,-120],[-82,-63],[-93,22],[-154,-108],[19,-131],[-41,-94],[-301,62],[-240,62],[-165,-82],[-69,-115],[-142,34],[-239,-33]],[[20874,55994],[5,-154],[348,-28],[-12,-69]],[[22866,54557],[114,136],[23,169],[178,16],[100,-48],[72,24],[171,189],[125,75],[149,28],[93,101],[4,143],[-37,214],[-160,79],[64,42],[-13,73],[115,109],[26,158],[81,49],[12,66],[-121,61],[-180,-25],[-224,145],[21,27],[-241,45],[-184,145]],[[24261,57144],[6,269],[-132,121],[-31,98],[0,76],[94,60],[-1,100]],[[23290,58490],[-516,-3],[-51,99],[-190,-77],[-139,15],[271,-127],[-194,-63],[-131,-93],[-22,-64],[-127,-68],[-288,-89],[-203,65],[-74,63],[-74,-5],[-36,-178],[-208,-83],[-297,-249]],[[21011,57633],[308,-164],[-206,-169],[-205,-5],[-92,-83],[-205,3],[-91,-54],[-44,-87],[-31,-61],[38,-94],[93,3],[208,-91],[31,-12],[-35,-146],[95,-131],[-270,-109],[83,-120],[-112,-62],[-23,-231],[308,8],[13,-34]],[[23054,56578],[217,75],[97,143],[172,21],[157,89],[29,128],[138,68],[242,35],[99,-32],[56,39]],[[13637,60424],[95,-178],[-14,-108],[154,-280],[-39,-74],[-109,-65],[76,-149],[19,-105],[215,-187],[67,-140],[318,-255],[353,-374]],[[33091,54122],[134,-44],[97,17],[10,38],[80,19],[52,149],[98,10],[33,43],[284,-40],[265,122],[64,-74],[121,-1],[67,136],[136,-24],[67,86],[124,3],[-39,91],[144,91],[53,118],[-28,51],[73,63],[-16,84],[-176,271],[147,257],[-38,69],[-161,119],[-117,-16],[-299,142],[-71,148],[-91,41],[-122,152],[-377,66]],[[33605,56309],[-330,78],[-315,-37],[-124,56],[-519,54],[-153,-89],[-69,-111],[-167,-2],[-174,-78],[-31,35],[-332,12],[-186,-57],[-99,52],[83,130],[-251,198],[68,134],[85,43],[-25,85],[119,149],[-12,61],[-191,58],[-76,-12],[-218,274],[54,47],[-89,153],[-282,52],[-144,100],[-77,84],[-147,10],[-20,66],[250,101],[104,102],[-9,114],[180,39],[4,60],[-51,31],[-242,-64],[-92,54],[-16,104],[-153,16]],[[28613,58744],[26,-118],[175,-139],[30,-133],[-52,-70],[12,-51],[56,-17],[123,-109],[-86,-12],[-27,-54],[34,-151],[86,-112],[-26,-141],[67,-30],[-13,-61],[108,-93],[55,-162],[53,-77],[-57,-38],[-46,-59],[68,-53],[3,-213],[23,-28],[-89,-53],[-43,-33],[-2,-121]],[[29091,56616],[-52,-363]],[[24261,57144],[75,27],[206,-111],[22,40],[213,-256],[141,-7],[21,50],[157,5],[113,-134],[159,51],[324,22],[50,87],[149,16],[78,97],[59,-26],[62,-167],[132,-169],[-20,-42],[169,-6],[118,-167],[95,68],[-16,163],[222,-74],[99,-88],[113,39],[141,-35],[82,110],[101,-43],[207,66],[272,-176],[170,-1],[213,28],[-3,69],[284,118],[11,53],[115,-12],[81,-77],[183,-46],[232,0]],[[19916,58522],[171,-70],[97,-109],[153,-35],[62,-82],[92,-1],[145,-82],[-9,-75],[80,-57],[48,-178],[256,-200]],[[18794,57091],[126,-125],[-11,-178],[75,-86],[-322,-261],[-172,-5],[-338,-209],[-64,1],[31,-137],[131,39],[46,-57],[-53,-19]],[[18243,56054],[192,-15],[-74,-78],[54,-19],[-53,-35],[76,1],[66,-77],[-13,-56],[178,-161],[449,-43],[107,-72],[326,68],[73,-86]],[[16705,56531],[637,-334],[80,-72],[-28,-61],[62,-68],[352,-197]],[[17808,55799],[80,77]],[[17888,55876],[-20,78],[106,116],[133,-23],[136,7]],[[17808,55799],[282,-163]],[[18090,55636],[67,62],[-5,77],[-264,101]],[[18090,55636],[286,-187],[144,-151],[-30,-29],[-50,23],[35,-21],[-56,-34],[38,18],[206,-161],[43,-167],[447,-431]],[[14945,64818],[-212,-78],[-49,-76],[-132,-14],[-65,-49],[-127,41],[-225,-30],[-198,82],[-455,-35],[-173,-112],[-30,-131],[28,-99],[96,-48],[39,-106],[112,26],[54,-33],[-8,-81],[107,-57],[-24,-71],[-101,-8],[-30,-71],[-116,16],[40,-75],[-38,-197],[-128,40],[-132,-7],[-46,-104],[-273,142],[-10,59],[-238,-60],[-184,29],[-132,14],[-92,10]],[[12203,63735],[-71,-68],[-109,-11],[-199,-151],[-286,21],[-155,-55],[-77,-17],[-44,-154],[-132,-87],[-197,-248]],[[10933,62965],[85,-290],[135,-107],[276,-131],[45,-28],[60,-59],[1,-84],[414,-225],[132,-77],[444,-288],[443,-363],[20,-158],[-68,-137]],[[15077,67418],[-27,-56],[138,-102],[-52,-88],[23,-184],[-195,-309],[37,-50],[136,-39],[61,-91],[-271,-210],[-37,-76],[30,-78],[-157,-60],[-118,-96],[-80,-206],[33,-81],[-119,-10],[-176,-130],[-124,-3],[-97,-60],[71,-69],[47,-157],[-658,-133],[-317,-171],[-752,87],[-246,-22],[-170,62],[-71,-102],[27,-72],[93,-56],[56,-7],[-52,-6],[-239,-104],[-17,-137],[91,-20],[-86,-100],[-38,-155],[-2,-31],[-59,-5],[-31,-99],[-7,-30],[-69,-230],[126,-99],[84,18],[340,-116]],[[15722,68025],[-209,-20],[-279,-131],[-209,-31],[-184,51],[-82,123],[-114,-6],[-95,46],[-191,-39],[-360,-235],[-331,26],[-44,-33],[-100,1],[-166,224],[-75,41],[-4,63],[-119,103],[-20,141],[-208,-73],[-346,72],[-71,111],[197,407],[-247,163],[-143,10],[109,93],[-120,33],[49,89],[-26,32],[-212,95],[-105,-4],[-121,-60],[-150,149]],[[11746,69466],[-197,364],[2,80],[80,99],[-186,115],[-49,92],[-140,64],[-26,-68],[-219,-65],[-46,-61],[-59,8]],[[10906,70094],[-645,-144],[-182,5],[-19,-79]],[[10060,69876],[-31,-347],[-103,-151],[30,-54],[-38,-94],[79,-61],[-42,-75],[-227,-24],[32,-133],[-60,-50],[-33,-142],[83,-180]],[[9750,68565],[311,-88],[-419,-307],[-111,-26],[-29,-104],[-372,62],[-919,-223],[-337,-159],[-54,-115],[-99,-39],[176,-87],[-6,-65],[-167,59],[-308,-6],[-286,-172],[-432,-463],[-1167,-1417],[0,-1]],[[5531,65414],[2671,-934],[857,-335],[538,-256],[453,-218],[591,-354],[292,-352]],[[36308,31615],[176,30],[117,44],[88,85],[83,190],[64,-12],[108,76],[78,-31],[58,37],[231,-64],[155,112],[77,12],[111,-44],[283,163],[142,-12],[296,79],[92,116],[-3,77]],[[38464,32473],[-113,16],[-128,-46],[-258,130],[-90,118],[11,78],[-92,59],[47,126],[-189,220],[-180,-55],[-86,-75],[5,-53],[-55,-30],[19,-117],[-111,-90],[3,-88],[-76,-21],[-269,91],[-136,-22],[-108,32],[26,114],[35,76],[156,79],[30,111],[107,29],[125,225],[-9,71],[-185,73],[-129,185],[13,25],[-90,6],[-85,66],[-72,97],[97,63],[-145,86],[-86,5]],[[36446,34057],[-345,-119],[-631,-54],[-448,473],[42,-165],[-66,-21],[-33,-103],[-114,-55],[-237,1],[-54,25]],[[34560,34039],[-78,3],[-147,-145],[-37,27],[-42,-159],[40,-22],[-20,-90],[85,-38],[-24,-194]],[[34337,33421],[282,-96],[766,-346],[128,-170],[37,24],[47,-38],[-10,-36],[134,-49],[89,-125],[93,-53],[-47,-22],[34,-17],[-8,-90],[37,-121],[-77,-22],[-44,-185],[-95,-15],[39,-52],[-61,-33],[56,-23],[-42,-51],[154,-59],[299,-106],[160,-121]],[[35873,32447],[1,0],[-1,0],[-1,1],[-1,0],[-1,0],[-2,-1],[1,0],[1,0],[2,0],[1,0]],[[35746,32077],[-1,0],[0,-1],[0,1],[-1,-1],[0,-1],[3,1],[0,1],[-1,0]],[[35731,32106],[-1,0],[-2,0],[-2,0],[-1,0],[-1,-1],[-1,0],[-1,-1],[0,-1],[-1,0],[0,1],[-1,0],[-1,0],[0,-1],[-1,-1],[0,-1],[-1,-1],[-1,0],[-1,0],[-1,0],[-1,0],[0,-1],[-1,0],[-1,1],[-1,0],[-1,-1],[-1,0],[0,-1],[-1,-2],[0,-1],[-1,0],[0,-1],[-1,0],[0,-1],[1,0],[1,0],[0,-1],[0,-1],[0,-1],[0,-1],[0,-1],[0,-1],[-1,0],[-1,-1],[-1,0],[-1,-1],[0,-1],[0,-1],[0,-1],[1,0],[1,0],[1,-1],[1,0],[0,-1],[0,-1],[0,-1],[0,-1],[1,-1],[1,0],[1,0],[0,-1],[1,0],[1,-1],[0,1],[1,1],[0,-1],[0,-1],[1,-1],[0,-2],[0,-2],[0,-1],[5,1],[0,-1],[1,0],[2,0],[0,-1],[0,-1],[0,-1],[0,-1],[1,0],[3,0],[1,0],[0,1],[1,0],[1,0],[0,1],[-1,0],[-1,1],[-1,0],[0,1],[0,1],[1,1],[3,1],[1,0],[1,1],[1,0],[0,-1],[1,-1],[1,1],[1,-1],[1,0],[1,1],[1,0],[-1,0],[-1,0],[0,1],[-1,0],[-1,0],[0,1],[-1,-1],[-1,2],[1,1],[1,0],[1,0],[1,1],[1,-1],[1,1],[0,1],[0,1],[1,0],[1,0],[0,-1],[1,1],[-1,0],[0,1],[0,1],[1,0],[2,0],[1,0],[0,1],[1,1],[-1,0],[0,1],[-1,0],[-1,0],[0,-1],[-1,0],[-1,0],[0,1],[-1,0],[-1,1],[-1,0],[0,1],[0,1],[-1,1],[-1,1],[1,0],[0,1],[0,1],[1,0],[0,1],[1,1],[2,0],[-1,0],[0,1],[0,1],[-1,0],[-1,0],[-1,0],[1,0],[0,1],[1,0],[0,1],[0,1],[0,1],[-1,0],[-1,-1],[-1,0],[0,-1],[-1,0],[-1,0],[-1,0],[-3,1],[-1,1],[-1,0],[1,1],[1,2],[1,2],[1,1],[0,1],[0,1],[-1,0]],[[34045,34477],[-74,51],[17,68],[-85,103],[21,197]],[[33924,34896],[-252,-87],[-39,132],[-38,-4],[-30,194],[-81,-105],[-88,-70]],[[33492,34483],[312,-14],[184,-29],[57,37]],[[33267,34247],[262,-94],[137,-63],[35,-17]],[[33701,34073],[156,7],[74,40],[133,-25],[6,100],[45,27],[-47,40],[108,46],[-54,31],[11,5]],[[34133,34344],[-83,44],[11,54],[62,-16],[-54,88],[-24,-37]],[[35686,36014],[-228,66],[-267,-20],[-104,83],[-172,19],[-94,-19],[-8,-70],[-140,-62],[-216,122],[-102,-11],[-1,-65],[-182,-24],[-281,64],[-94,142],[138,74],[15,110],[-80,162],[237,207]],[[34107,36792],[-321,190],[-178,32],[-74,-23],[-60,-149],[-165,-84],[-9,-39],[-216,1],[-18,-59],[118,-109],[-87,-2],[-151,-70],[-48,-61],[30,-109],[-218,86],[-109,-65]],[[32601,36331],[206,-223],[-53,-192],[-172,31],[2,-84],[92,-31],[78,-143],[-90,-72]],[[33924,34896],[82,59],[5,68],[227,115],[4,105],[360,198]],[[34602,35441],[53,148],[251,55],[-16,154],[431,-14],[365,230]],[[34133,34344],[31,5]],[[34164,34349],[194,13],[-138,34],[48,43],[-28,26],[103,-3],[157,59],[160,38],[-138,5],[-134,145],[152,224],[148,64]],[[34688,34997],[130,82],[-24,113],[46,94],[116,47],[20,81],[-282,-26],[-92,53]],[[36446,34057],[-60,87],[87,66],[183,10],[61,109],[-53,81],[-202,94],[-124,179],[59,40],[117,35],[124,-19],[284,120],[10,79],[-187,120],[14,40],[-277,176],[-109,21],[-70,71],[-96,-102],[-85,-11],[-332,-177],[-209,0],[-87,-95],[-166,54],[-222,-86],[-315,-49],[-103,97]],[[34164,34349],[84,-18],[-1,-86],[41,-28],[47,37],[49,-30],[97,40],[-28,-79],[107,-146]],[[33701,34073],[83,-55],[133,-101],[22,-95],[-14,-44],[-81,-17],[39,-43],[-48,-31],[43,-101],[-30,-28],[489,-137]],[[36308,31615],[162,-102],[7,-88],[254,-172],[2,-188],[101,-78],[25,-125],[206,-123],[-61,-127],[153,-78],[73,-100],[327,-138],[67,-102],[314,-157],[103,-400],[-1,-128],[-79,-45],[266,-331],[0,-57],[-60,-21],[177,-139],[236,-168],[1525,-1294]],[[42341,29213],[31,172],[-126,167],[6,83],[-246,9],[86,144],[-120,207],[44,95],[171,12],[170,-57],[144,161],[-11,95],[-327,108],[-97,140],[-200,-179],[-186,41],[-123,-59],[-94,2],[-33,33],[-161,-82],[-74,2],[-148,79],[-121,-32],[-29,-153],[-83,-25],[8,-70],[-59,0],[-30,-67],[-95,-24],[-175,224],[-340,140],[-29,170],[-85,33],[-201,-10],[-106,148],[-29,64],[118,166],[-28,157],[119,28],[162,294],[-4,33],[-105,31],[-171,-18],[-132,192],[-92,22],[-54,107],[-91,-45],[-55,30],[-203,-8],[129,77],[114,189],[-21,89],[61,137],[94,4],[33,103],[-140,37],[-96,153],[-4,275]],[[39307,32837],[-210,15],[-40,76],[-64,19],[-289,-306],[-240,-168]],[[31104,41738],[159,-45],[-142,-117],[-25,-84],[-125,-83],[-177,1],[-109,-192],[-153,-39],[-32,-328],[142,-251],[-269,-14],[-374,-73],[-181,227],[-100,66],[-193,29],[-79,71],[-338,-70],[-72,45],[-77,-3],[-346,-114]],[[28613,40764],[201,-152],[143,-178],[-53,-68],[140,-214],[-119,-84],[162,-131],[71,-129],[-40,-55],[72,-72],[-44,-50],[67,-29],[63,-45],[42,-67],[-63,-41],[195,-211],[19,-153],[-76,-115],[-181,-17],[-43,32],[-127,-54],[26,-73],[-48,-52],[77,-169],[-25,-81],[-86,-4],[65,-29],[-19,-34],[1185,-407],[911,-382]],[[31128,37700],[99,177],[122,65],[160,24],[82,71],[31,110],[-102,115],[84,147],[148,236],[138,-1],[131,-106],[202,-49],[98,-63],[48,-149],[176,-14],[107,-100],[206,-19],[32,117],[112,14],[109,238],[161,87],[258,29],[99,172],[68,82],[-59,126],[36,68],[-198,57],[-24,180],[72,130],[15,195],[198,-20],[-37,-118],[81,-115],[124,32],[85,-15],[247,173],[342,124],[297,-36],[255,24],[365,-111],[112,26],[11,58],[159,64],[86,167],[139,59],[84,-28],[81,22],[24,-162],[163,74],[120,-18],[167,49],[97,-41],[117,113],[182,-27],[34,76],[84,-26],[142,53],[187,16]],[[37485,40052],[-37,172],[131,115],[-183,649]],[[37396,40988],[-141,-37],[-74,-73],[-306,-92],[-323,15],[-93,-51],[-201,-130],[-88,-124],[-228,9],[-75,40],[-97,21],[-425,269],[-223,73],[-124,89],[-79,-11],[-102,-78],[-72,39],[-241,-50],[-112,-12],[-31,-65],[-156,-185],[-139,-25],[-134,-98],[-282,-322],[-167,-135],[-125,72],[-145,26],[-49,-57],[-112,-15],[-185,112],[-66,-2],[-77,163],[-109,20],[0,150],[207,63],[24,250],[70,97],[-138,253],[-115,21],[83,140],[84,12],[53,65],[308,79],[196,13],[81,-29],[42,52],[149,0],[213,61],[90,145],[99,5],[-1,51]],[[34060,41802],[-111,96],[-178,-5],[-69,-70],[-221,138],[-163,-30],[-165,139],[-93,0],[-117,-111],[-167,-14],[-185,-93],[-143,53],[-263,-32],[-96,58],[-310,69],[-232,228],[-120,55]],[[38161,39654],[-280,209],[-50,93],[-244,61],[-42,51],[-60,-16]],[[31128,37700],[314,-148],[4,-70],[296,-137],[70,-137],[194,-190],[-3,-67],[-87,-13],[273,-151],[319,-184],[117,-178],[1,-46],[-57,-23],[32,-25]],[[34107,36792],[42,84],[149,5],[273,101],[68,155],[109,-46],[219,129],[168,-15],[120,184],[-258,65],[-11,168],[296,-35],[339,129],[59,59],[269,72],[380,-79],[137,60],[90,-30],[49,62],[81,117],[85,39],[-5,236],[217,11],[74,-53],[222,29],[38,119],[145,77],[92,-35],[186,14],[93,-93],[189,29],[200,-89],[209,55]],[[34060,41802],[138,83],[263,-37],[58,-54],[370,164],[82,6],[45,71],[94,-8],[115,180],[31,143],[-44,61],[56,95],[-63,64],[89,43],[-20,295],[130,108],[55,-49],[86,-2],[-49,289],[230,60]],[[35686,36014],[417,138],[19,102],[85,80],[248,33],[132,103],[89,8],[121,70],[148,-11],[232,40],[106,78],[221,33],[-6,62],[135,52],[-12,95],[183,181],[-67,212],[123,58],[28,86],[111,44],[71,118],[116,48],[100,-53],[48,36],[113,-12],[142,-134],[180,-28],[107,-81],[71,44],[117,-13]],[[42090,34710],[-62,-19],[27,-108],[-95,-31],[-84,-220],[-107,-33],[-81,-79],[-136,-22],[-88,-112],[124,-130],[-232,-151],[153,-165],[-30,-97],[-226,6],[-106,-100],[-319,-79],[-142,-105],[-350,-19],[-39,-69],[-220,-128],[-175,-26],[-161,127],[-2,64],[-73,61],[-22,-85],[-154,-93],[-46,-125],[-137,-135]],[[37396,40988],[-106,159],[-103,-5],[-54,40],[-95,140],[45,98],[-155,191],[-94,235],[-91,56],[120,169]],[[36863,42071],[-157,138],[23,63],[-104,155],[-140,-39],[-52,262],[-158,176],[41,124],[-33,36]],[[27155,42261],[291,-276],[259,-170],[66,-55],[29,-118],[84,-56],[172,-85],[84,-74],[-28,-39],[111,-59],[54,-70],[-83,-45],[49,-47],[-20,-35],[354,-191],[-20,-92],[61,-35],[-5,-50]],[[62271,75930],[91,-84],[207,-78],[69,-114],[209,-142],[312,-335],[262,-133],[213,-201],[357,-156],[263,-58],[186,-130],[244,71]],[[64684,74570],[521,141],[222,203],[1,428],[73,134],[150,118],[569,223],[229,-6],[186,-103],[174,6],[295,-66],[274,31],[175,253],[72,346],[666,-87],[311,4],[235,233],[-202,281],[377,1],[149,48],[174,5],[330,-140],[128,143],[741,463],[-325,157],[-60,100],[86,231],[132,99],[-16,55],[219,263],[222,113],[55,88],[364,79],[389,283],[-238,573],[35,509],[-89,61],[-109,235],[180,47],[468,278],[372,128],[151,149],[-9,161],[65,104],[243,153],[-588,276],[-49,49],[-4,201],[-155,136],[-441,254],[-153,218],[-350,57],[-89,42],[-107,147],[-347,83],[-64,100],[50,81],[-75,120],[-99,18],[-189,229],[-92,1],[-67,49],[-36,133],[-155,76],[-426,95],[-42,100],[31,223],[-152,330],[21,311]],[[69091,84424],[-705,3],[-837,-136],[-535,10],[-451,-16],[-477,301],[-927,451],[-438,27],[-76,84],[-21,200],[-70,73],[-497,54],[-529,335],[-415,77],[-250,101],[-224,248],[-58,130],[59,108],[149,124],[-29,149],[-546,260],[-311,43],[-275,172],[-296,42],[-94,54],[-64,101],[-469,232],[-263,57],[-214,-69],[-148,40],[-147,308],[-155,66],[-43,73],[155,306],[-398,189],[-157,513],[-448,49],[-163,118],[-214,26],[-83,45],[20,40],[160,45],[78,146],[67,38],[47,92],[-36,132],[332,237],[-36,146],[184,333],[-6,236],[-37,130],[-100,53],[-150,36],[-242,-16],[-71,80],[-91,67],[-135,225],[-134,64],[4,84],[-274,25],[-158,164],[-27,124],[-52,34],[-210,-19],[-437,39],[-261,96],[-244,172],[-181,28],[-170,101],[-99,11],[-111,-52],[-487,117],[-155,-22],[-147,88],[-641,150],[-81,-18],[-111,40],[-35,-38],[-85,-3],[-153,115],[-246,-8],[-173,145],[-211,37],[-47,98],[-128,12],[-186,97],[14,158],[-126,125],[-303,123],[-25,87],[-522,353],[-74,216],[-136,39],[-176,269],[-196,34],[-81,76],[-419,81],[-287,329],[-25,226],[-178,-1],[-134,117],[-215,57],[-260,376],[-305,93],[-21,34],[-125,-21],[-112,101],[-205,-13],[-155,32],[-185,78],[-47,34],[18,38],[-74,-17],[-412,91],[-52,82],[140,53],[-219,39],[-175,95],[23,84],[-97,85],[74,51]],[[48099,96677],[-104,42],[-25,-44],[-68,22],[-11,-64],[-106,-46],[15,-62],[167,-116],[-189,-97],[-9,-82],[57,-127],[120,-56],[-103,-81],[0,-56],[183,-81],[-71,-176],[213,-198],[13,-167],[-97,-112],[36,-106],[320,-157],[-117,-30],[-65,33],[-497,0],[-111,-88],[-92,-7],[-640,345],[-286,-683],[-951,-2358],[-98,-116],[-56,-314],[-48,-18],[-150,83],[-1544,-1346]],[[43785,90414],[-5,-304],[261,-443],[361,-16],[391,-66],[315,-129],[311,31],[276,-179],[557,-56],[218,-163],[212,41],[167,77],[247,16],[166,49],[306,-1],[85,-29],[150,-191],[18,-110],[108,-85],[-22,-63],[99,-52],[-44,-86],[21,-96],[175,-133],[249,-42],[186,-114],[-26,-178],[134,-87],[149,-277],[198,-87],[58,66],[163,-21],[521,-318],[286,-87],[125,11],[52,-33],[-29,-71],[99,-404],[-35,-238],[-214,-24],[-94,-95],[107,-171],[139,-82],[32,-242],[-125,-251],[-285,-131],[-4,-446],[-93,-132],[-31,-219],[-261,-718],[19,-97],[161,-100],[78,-341],[98,-81],[-49,-132],[76,-58],[-57,-104],[138,-184],[0,-61],[78,-91],[182,-34],[360,0],[228,-70],[147,50],[110,-48],[41,-76],[98,31],[212,-109],[18,-33],[-119,-83],[-34,-119],[107,-34],[63,-87],[234,-71],[13,-58],[211,-48],[25,-111],[148,-72],[64,-248],[84,-119],[-61,-98],[41,-33],[176,53],[105,-84],[-45,-177],[168,-156],[863,-582],[419,-358],[71,-13],[161,93],[106,-116],[222,-11],[145,-59],[21,25],[306,-13],[188,-241],[258,-77],[108,-155],[235,-186],[97,-60],[147,20],[163,-54],[260,-205],[-22,-45],[305,-374],[31,-137],[87,-34],[-1,-340],[266,-629],[127,-189],[212,-196],[895,-420],[65,-259],[175,-69],[247,-21],[287,-220],[197,-76],[592,-36],[436,51],[782,317],[380,239],[483,90],[88,80],[32,120],[242,87],[293,166],[171,-102],[-367,-177],[-195,-165],[208,-232],[26,-96],[-4,-248],[-114,-115]],[[42694,66677],[164,48],[294,-56],[162,10],[-55,37],[-51,174],[132,-28],[56,46],[228,-34],[124,-101],[21,29],[44,-13],[56,-40],[1,-46],[-57,-25],[28,-38],[105,34],[44,-27],[203,13],[120,47],[19,55],[229,164],[223,-15],[178,82],[64,292],[411,159]],[[45437,67444],[15,229],[161,122],[99,185],[172,202],[-193,277],[-21,108],[254,225],[77,139]],[[46001,68931],[340,840],[-339,-76],[-165,5],[-714,134],[-23,43],[90,110],[-238,109],[-72,97],[169,232],[-270,287],[-3,206],[234,242],[-85,150],[10,89],[293,9],[52,124],[-32,85],[-197,147],[11,60],[828,465],[186,207],[145,96],[248,56],[415,-41],[-112,188],[-191,177],[-431,173],[-328,85],[-481,10],[-181,90],[-301,-46],[-246,33],[-92,97],[-19,97],[183,263],[-485,153],[33,128],[-148,284],[-811,276],[-72,156],[53,179],[-50,141],[-314,86],[114,219],[-13,294],[123,192],[-36,138],[-667,299],[-178,17],[-396,266],[-40,145],[163,125],[1,87],[-98,205],[-382,222],[71,314],[-33,181],[-111,78],[8,139],[-327,75],[-148,180],[-46,239],[-471,191],[18,124],[-67,91],[-11,273],[-34,69],[-248,186],[-10,235],[-67,7],[-146,-99],[-35,80],[59,90],[-76,52],[-49,124],[-200,15],[-88,77]],[[39471,80107],[-82,-216],[35,-220],[-131,-88],[-184,0],[-120,-45],[40,-180],[-77,-166],[-210,-109],[-41,-308],[61,-173],[160,-150],[22,-90],[326,-227],[150,-388],[302,-114],[-138,-122],[242,-20],[154,-91],[183,-45],[-69,-58],[13,-127],[125,-127],[-15,-122],[-147,-116],[-389,-189],[12,-112],[-189,-102],[103,-165],[-212,-118],[-33,-115],[329,-462],[222,-35],[93,-118],[225,-55],[-143,-32],[229,-255],[155,-84],[-60,-267],[80,-60],[170,-34],[85,-82],[-84,-250],[45,-153],[210,-105],[315,45],[246,-241],[353,101],[148,-202],[337,-115],[310,-208],[447,-147],[307,-210],[281,-27],[372,-172],[-15,-139],[-321,111],[-115,-2],[-368,-53],[-304,-110],[-237,147]],[[42674,72790],[-2,-345],[-310,24],[-331,-113],[-247,7],[-358,104],[-603,279],[-275,70],[-1438,-87],[-288,-102],[-109,-6],[-60,33],[-10,162],[-188,164]],[[38455,72980],[-25,-64],[70,-122],[11,-238],[-266,-136],[-108,-88],[-22,-88],[-126,-54],[64,-191],[-146,-55],[-39,-55],[154,-272],[-106,-21],[-316,31],[-181,117],[-160,-81],[9,-112],[70,-17],[19,-114],[84,-38],[-42,-187],[81,-58],[13,-66],[-100,-42],[-124,49],[-167,-178],[-72,-285],[63,-89],[-118,-66],[9,-80],[-152,26],[-341,-186],[-184,105],[-118,142],[-143,-44],[32,70],[-35,32],[-572,-340],[-16,-74],[-88,-21],[-43,-89],[125,-194],[189,-147],[-44,-40],[-212,-31],[-21,-48],[49,-29],[-43,-94],[234,6],[24,-95],[-90,-36],[-14,-60],[123,-86],[-89,-38],[-204,33],[-122,-29],[-53,-48],[24,-120],[-185,-59],[-36,-54]],[[34979,68832],[258,35],[140,-15],[154,-81],[-38,-109],[103,-165],[-79,-56],[58,-90],[-14,-129],[340,-233],[103,-251],[141,-41],[9,-114],[-69,-128]],[[36085,67455],[301,-82],[323,6],[278,53],[282,-80],[326,85],[111,-61],[100,-2],[144,53],[221,-59],[440,50],[75,51],[101,183],[92,47],[216,-110],[306,-373],[148,-65],[-36,-142],[129,-107],[145,-23],[300,-122],[797,-112],[454,213],[261,31],[223,34],[108,66],[61,-63],[367,-15],[211,-183],[125,-51]],[[28656,70662],[190,12],[94,-86],[418,-131],[96,-85],[121,24],[169,187],[315,-218],[140,-272],[64,-24],[4,-53],[-103,-66],[-20,-61],[136,-54],[137,42],[85,-74],[9,-89],[186,-42],[42,51],[169,-37],[50,84],[256,40],[54,-72],[151,-42],[69,-88],[451,16],[111,-70],[128,80],[69,-17],[70,38],[235,-213],[83,6],[102,-44],[133,92],[153,-4],[42,-102],[81,-38],[134,17],[54,-43],[89,8],[234,-73],[48,28],[179,-3]],[[33884,69286],[7,46],[-166,120],[-53,168],[-125,47],[17,101],[-109,9],[1,73],[-240,174],[-230,104],[35,44],[-26,70],[122,129],[85,37],[81,-26],[53,19],[341,199],[105,145],[-269,62],[-228,123],[-339,67],[-382,175],[-534,181],[257,328],[222,29],[92,151],[142,51],[-78,75],[3,112],[-104,184],[110,193],[217,143],[337,131],[482,104],[221,-15],[225,66],[78,159],[224,113],[-89,121],[103,46],[237,34],[557,-293],[337,195],[238,34],[-4,204],[225,34],[237,107],[290,-51],[228,12],[267,120],[342,-118],[-13,-307],[95,-99],[131,-41],[225,-2],[468,-110],[123,-83]],[[42674,72790],[-332,-28],[-334,-172],[-645,244],[-351,58],[-156,134],[-36,88],[69,162],[-421,-87],[-253,67],[-220,124],[-187,-149],[-166,-51],[-32,-204],[-180,-103],[-145,16],[-124,175],[-336,31],[-29,69],[48,193],[-162,161],[-303,205],[-227,39],[-389,254],[-301,258],[-341,96],[-214,275],[-585,247],[-204,159],[-91,288],[-413,260],[-104,119],[-565,110],[-209,125],[-35,184],[-105,178],[-142,105],[-97,242],[-167,105],[-130,2],[-450,166],[-305,-221],[-267,-259],[11,-217],[113,-253],[-122,-199],[476,-475],[91,-167],[90,-425],[115,-193],[264,-244],[631,-299],[-8,-122],[-50,-37],[-168,-15],[-620,172],[-194,-116],[-513,-141],[-334,-18],[-70,28],[-41,78],[-696,-197],[-337,-40],[-149,-156],[-121,-223],[-128,-47],[-165,123],[-35,328],[-81,16],[-347,-272],[-212,-90],[-115,37],[-84,-72],[-1,-72],[-93,-49],[0,-138],[-90,-37],[37,-82],[-225,-81],[-199,39],[-132,-137],[-318,-190],[-93,0],[-58,-45],[-126,78],[-74,-21],[-53,-62],[12,-177],[-172,-146],[-95,-16]],[[43785,90414],[-2091,-1819],[-2122,-1149],[-1751,-954]],[[37821,86492],[245,-109],[-25,-276],[59,-56],[112,-5],[112,-57],[107,-140],[171,-86],[-15,-35],[126,-66],[104,-129],[171,-53],[16,-105],[-88,-50],[238,-77],[167,-328],[208,-41],[83,-149],[-76,-342],[-129,-34],[-55,-53],[-86,-180],[22,-170],[82,-60],[-115,-178],[30,-211],[-38,-167],[-282,-204],[320,-212],[-120,-79],[-1,-67],[97,-69],[-122,-65],[102,-102],[134,96],[74,-2],[-77,-176],[92,-36],[-4,-91],[99,-62],[26,-105],[131,-125],[94,-28],[96,-151],[20,-117],[-54,-95],[84,-17],[55,-180],[-38,-215],[100,-8],[192,-215],[145,-65],[-125,-140],[-304,-105],[103,-137],[79,-24],[26,-177],[-718,-255]],[[46001,68931],[659,43],[238,171],[455,-27],[312,105],[210,122],[306,111],[103,81],[209,-33],[557,449],[355,227],[367,13],[230,-93],[239,-32],[247,184],[210,87],[577,90],[1507,545],[180,271],[333,219],[913,264],[307,49],[534,292],[213,6],[286,102],[330,-14],[103,102],[242,68],[194,119],[26,264],[337,109],[330,250],[335,115],[250,-22],[447,-142],[200,-178],[258,216],[61,95],[-55,27],[-16,110],[216,251],[196,31],[120,136],[190,49],[143,161],[216,89],[247,236],[161,93],[340,28],[203,98],[491,521],[415,188],[147,177],[164,114],[179,67],[70,296],[183,99]],[[85602,81512],[-407,156],[-477,-124],[-318,5],[-190,59],[-166,181],[-120,38],[-189,14],[-518,-60],[-277,17],[-840,213],[-372,186],[-73,113],[-264,105],[-349,70],[-29,122],[-67,61],[-679,9],[-258,-40],[-322,4],[-107,-39],[-67,71],[-193,68],[-174,-10],[-114,106],[-341,52],[-152,-47],[-49,-70],[-465,-36],[-61,47],[13,140],[-257,81],[-183,212],[-108,57],[-404,72],[-273,114],[-231,19],[-246,124],[-437,-19],[-332,88],[-143,109],[-93,153],[5,279],[-156,101],[-358,0],[-242,72],[-397,24],[-375,88],[-159,83],[-172,212],[-80,41],[-362,-129],[-203,6],[-162,50],[-231,129],[-212,33],[-521,-217],[-476,39],[-280,-49],[-165,8],[-197,-82],[-344,71],[-770,-227],[-322,-41]],[[64684,74570],[214,-515],[-154,-102],[-336,-391],[-567,-495],[523,-149],[567,-16],[348,-198],[400,-112],[145,28],[303,-234],[266,-134],[235,-12],[221,-91]],[[66849,72149],[50,12],[-7,-51],[125,40],[75,-31],[14,69],[55,-41],[-15,202],[129,-51],[82,31],[37,-41],[53,62],[-40,47],[128,-32],[91,124],[131,-66],[14,72],[64,6],[-60,72],[90,-3],[-11,53],[97,-30],[49,49],[131,-68],[171,75],[38,-65],[67,25],[0,-50],[122,102],[5,-98],[102,66],[-3,68],[60,-73],[32,86],[86,28],[-47,78],[79,27],[29,64],[-89,22],[95,6],[-2,60],[68,-10],[37,-67],[13,90],[119,-12],[127,153],[118,11],[-15,-57],[91,58],[40,-36],[8,148],[129,-16],[-15,-50],[78,-27],[72,90],[-2,-92],[47,-3],[64,57],[2,87],[120,2],[56,46],[-86,33],[-7,38],[-48,-14],[-9,77],[125,-2],[-1,-50],[92,14],[73,-69],[43,51],[99,2],[-49,137],[75,-2],[50,-67],[54,81],[69,28],[72,-18],[-66,55],[75,19],[-27,48],[66,66],[-109,23],[133,5],[-78,33],[56,24],[128,-8],[-94,102],[205,-11],[45,74],[3,-62],[106,16],[20,-55],[24,126],[-67,12],[10,35],[129,31],[-21,-62],[53,-26],[40,82],[143,-43],[42,67],[11,-97],[-58,-37],[100,-15],[46,66],[90,-28],[-58,58],[45,83],[96,-86],[113,31],[5,37],[51,-18],[55,28],[20,42],[-74,23],[100,42],[78,-58],[54,10],[1,-36],[39,67],[-45,26],[168,65],[99,-8],[-17,36],[117,27],[49,67],[104,-60],[-46,-59],[63,-1],[36,39],[-33,58],[95,21],[-4,33],[94,2],[94,133],[94,0],[-23,68],[75,32],[46,-72],[42,14],[-67,78],[80,53],[92,-26],[4,54],[63,8],[-36,109],[213,-45],[75,-77],[30,88],[165,17],[-35,70],[-65,-5],[2,28],[77,30],[56,-43],[136,35],[103,-15],[-31,47],[62,24],[-59,79],[123,11],[57,44],[-26,46],[90,-9],[-61,88],[67,41],[1,59],[163,-1],[59,-54],[43,11],[-71,79],[-112,15],[18,27],[109,0],[51,-38],[46,36],[114,-62],[66,83],[138,38],[71,-54],[-15,101],[202,-47],[-30,63],[130,50],[11,-63],[71,-7],[-15,78],[110,-35],[29,-82],[147,68],[-13,130],[53,-24],[56,-130],[116,-13],[121,-65],[147,71],[128,-48],[111,26],[31,73],[-52,70],[49,20],[61,-52],[-10,-121],[183,76],[-20,70],[87,49],[43,-20],[-14,-66],[-63,-101],[-103,-60],[116,-80],[127,-8],[283,124],[128,110],[-61,44],[175,-23],[-9,102],[157,10],[10,-57],[175,-74],[9,59],[-108,91],[-3,112],[192,-106],[44,36],[-5,90],[127,-31],[84,41],[-2,-75],[102,-20],[41,29],[-26,88],[108,-52],[82,10],[-147,-62],[-15,-65],[53,-41],[-93,-25],[34,-29],[339,267],[95,16],[141,-51],[116,44],[45,-80],[211,-14],[42,-107],[57,98],[-144,99],[1,46],[113,4],[128,-126],[108,9],[110,73],[-54,88],[56,81],[-150,-15],[83,72],[183,-37],[123,41],[40,-32],[-17,-85],[40,-10],[55,152],[110,1],[27,-44],[-64,-73],[98,-128],[60,36],[33,124],[190,14],[14,-60],[50,0],[17,117],[143,-45],[114,-104],[70,48],[-15,113],[134,33],[108,-9],[-41,-89],[33,-21],[169,47],[49,100],[57,-29],[-19,-100],[47,-44],[114,40],[60,65],[169,-32],[68,50],[-3,80],[-81,70],[32,24],[150,-66],[51,-113],[163,8],[81,-38],[36,147],[143,-21],[121,186],[186,23],[-1,165],[239,66],[-5,39],[-119,59],[-15,59],[102,20],[131,-39],[139,135],[-6,37],[-68,18],[-146,-63],[11,75],[139,28],[52,73],[116,30],[26,62],[113,-20],[228,147],[85,-15],[183,-135],[264,-12],[64,-102],[81,68],[41,132],[-24,141],[73,-2],[82,-106],[0,150],[44,54],[215,-13],[-141,-242],[104,-101],[283,37],[103,64],[68,-3],[7,-69],[-90,-88],[25,-46],[130,53],[-18,198],[132,57],[-80,101],[122,-49],[96,49],[120,-81],[37,-96],[-83,-120],[67,-46],[102,41],[59,169],[72,-4],[88,-79],[84,93],[153,-21],[12,53],[-72,74],[76,45],[442,-21],[81,-42],[91,-132],[130,-66],[86,59],[-5,125],[68,11],[268,-148],[-18,-138],[69,-202],[-239,-101],[36,-54],[163,-62],[-52,-81],[259,85],[76,-6],[21,-65],[-172,-55],[16,-46],[316,-75],[92,101],[107,-319],[85,-22],[68,30],[48,112],[175,27],[4,47],[-146,88],[112,167],[89,10],[190,-69],[61,44],[-14,96],[66,17],[84,-170],[165,14],[108,-52],[167,0],[-66,-56],[-194,6],[-46,-45],[39,-46],[246,-63],[21,-81],[-88,-90],[55,-56],[86,-4],[146,131],[182,12],[139,84],[195,292],[0,295],[-48,97],[-618,400],[-179,214],[-87,105],[-368,144],[-277,233],[-197,204],[-96,280],[-527,184],[-180,256],[-227,133],[-401,74],[-250,-157],[-207,36],[-284,-190],[-419,-104],[-300,70],[-287,191],[-329,-66],[-64,44],[-200,17],[-258,194],[-220,-17],[1855,2033]],[[45437,67444],[31,-137],[254,-383],[27,-145]],[[45749,66779],[471,70],[604,151],[575,-99],[500,78],[212,72],[357,0],[367,207],[766,163],[320,249],[307,314],[366,150],[226,44],[323,-143],[83,-152],[202,-18],[-12,-81],[-143,-109],[177,-84],[51,-145],[106,-71],[118,-6],[88,81],[-188,260],[9,104],[65,44],[110,-8],[236,-117],[293,-19],[41,-52],[-86,-310],[60,-92],[-124,9],[-105,-103],[-61,-161],[-368,-133],[-91,-115],[-48,-193],[-601,-351],[35,-257],[-225,-357],[-38,-372],[-108,-161],[-312,-255],[-154,-185],[-21,-351],[141,-572],[431,-259],[93,-654],[196,-152],[129,-208],[236,-155],[157,-182],[-246,-306],[-54,-193],[-318,-260],[173,-102],[20,-110],[-66,-144],[-122,-115],[0,-143],[-40,-14],[86,-18],[231,-187],[52,-117],[266,-63],[452,-21],[187,-72],[196,17],[356,78],[195,185],[9,130],[-196,38],[60,295],[180,64],[166,-20],[371,63],[98,-70],[-11,-126],[196,-86],[19,-137],[95,-105]],[[53870,60554],[221,-73],[67,-126],[77,1],[74,-48],[103,30],[139,-72],[343,-14],[68,-105],[137,-44],[476,-52],[239,57],[157,-89],[417,7],[310,-104],[7,-82],[62,-44],[740,-262],[20,-177],[143,-55],[50,-123],[229,-112]],[[57949,59067],[227,27],[99,-22],[92,119],[93,42],[-43,131],[110,38],[-121,245],[27,45],[-135,64],[-133,204],[35,73],[128,-108],[104,84],[119,-63],[22,-67],[131,37],[188,-56],[77,190],[187,14],[71,72],[253,-50],[60,50],[156,9],[69,-19],[-14,-73],[218,51],[127,119],[83,1],[43,128],[-166,139],[54,149],[-95,51],[36,51],[-139,55],[-57,-15],[-8,53],[-76,23],[31,28],[-62,30],[-1,118],[-108,28],[7,77],[-161,57],[53,76],[-94,3],[-30,93],[113,51],[-24,73],[199,152],[37,86],[-45,67],[54,106],[-56,41],[43,56],[-29,107],[138,74],[-134,155],[99,87],[7,59],[198,133],[93,243],[115,1],[110,140],[123,48],[111,142],[63,22],[48,116],[109,8],[2,42],[293,118],[199,8],[60,100],[113,53],[-4,43],[146,55],[47,-22],[112,47],[130,-16],[104,55],[64,-26],[187,94],[121,-17],[78,66],[277,39],[-19,78],[76,74],[29,-32],[90,54],[38,58],[58,-25],[-24,23],[40,12],[80,-11],[29,-38],[108,53],[149,-35],[37,52],[134,15],[56,-47],[5,32],[134,36],[89,-64],[-19,50],[113,-28],[-21,84],[66,49],[119,-69],[83,77],[-54,53],[77,-5],[-49,41],[46,24],[18,-38],[76,18],[-44,28],[91,34],[-92,28],[-5,35],[119,-26],[21,54],[54,-73],[22,31],[73,-6],[75,117],[1,-52],[52,23],[25,75],[-83,33],[115,76],[-14,72],[88,9],[-10,-33],[68,79],[-79,120],[42,54],[80,13],[9,69],[-110,98],[-74,-24],[-15,99],[-45,-29],[23,43],[-38,19],[43,34],[-70,22],[-17,131],[-59,-20],[25,84],[-41,-34],[-42,36],[-22,251],[-157,106],[-48,-26],[-173,232],[-33,-36],[-59,36],[71,98],[-102,39],[68,11],[-6,51],[-239,183],[-13,227],[99,40],[-15,55],[51,-4],[-67,76],[96,4],[-56,72],[45,54],[-52,13],[63,42],[-85,-2],[15,45],[61,-9],[3,40],[81,13],[-34,30],[102,0],[-72,12],[75,62],[175,19],[-14,72],[-45,7],[34,34],[22,-23],[78,97],[-76,143],[53,22],[5,76],[59,-18],[34,123],[52,-2],[-48,59],[108,56],[-20,33],[-40,-25],[72,95],[135,-9],[-7,34],[60,-39],[46,70],[42,-36],[41,36],[-18,134],[101,41],[97,-25],[11,55],[-61,-6],[65,37],[84,-10],[8,36],[-73,-9],[39,56],[54,-22],[16,47],[29,-31],[39,47],[73,-9],[32,69],[-44,38],[94,1],[-30,88],[215,103],[-65,39],[176,6],[-22,44],[59,-23],[-22,45],[64,24],[-70,40],[44,43],[61,-31],[-18,54],[69,16],[-13,57],[47,25],[-76,21],[31,73],[122,26],[49,-31],[38,29],[-115,240],[77,119],[97,46],[-72,15],[61,13],[-65,24],[88,52],[-57,30],[148,92],[-113,-20],[-12,117],[-49,8],[-8,146],[100,84],[-74,-5],[31,77],[-35,4],[102,67],[4,36],[-58,13],[163,98],[-52,45],[115,60],[-23,52],[81,75],[-28,46],[104,27],[15,35],[-42,14],[53,50],[107,11],[-46,100],[-58,-41],[-6,34],[127,56],[-29,32],[49,-8],[25,47],[-49,20],[112,17],[31,54],[-47,26],[69,-9],[-1,89],[58,18],[-84,42],[25,76],[46,11],[-88,-7],[74,81],[-42,84],[34,60],[-85,21],[50,16],[-58,68],[61,51],[-54,13],[18,-35],[-51,-21],[22,70],[-55,-6],[-29,51],[168,77],[-14,41],[106,30]],[[45749,66779],[30,-235],[249,-132],[54,-77],[-1,-278],[-71,-146],[-424,-364],[108,-239],[-55,-84],[76,-51],[-42,-103],[73,-27],[76,-135],[-32,-59],[110,-79],[11,-193],[46,-146],[-49,-169],[71,-313],[-47,-310],[31,-396],[-93,-96],[-377,-78],[-97,-40],[-7,-58],[-82,-7],[-79,-66],[-299,-56],[-60,49],[-11,100],[-137,-19],[-66,-39],[-38,-98],[-110,-9],[-25,-83],[-85,-43],[-190,99],[-108,5],[-60,-35],[-271,44],[-108,147],[-156,-22],[1,45],[-237,109],[-265,-27],[-299,64],[-218,-24],[-169,36],[-124,-64],[-32,35],[-203,-34],[-13,-33],[-310,-27]],[[41635,63018],[16,-106],[108,-104],[1,-86],[193,-148],[-41,-118],[-228,-55],[-45,-46],[116,-332],[120,18],[97,-68],[19,-153],[-52,-40],[-19,-153],[32,-70],[-76,-159],[-23,-37],[-184,-39],[-105,-218],[-214,-98],[-196,-21],[-250,-114]],[[40904,60871],[-17,-76],[-107,-69],[35,-15],[-94,-187],[-366,-232],[136,-133],[-149,-353],[82,-176],[292,-337],[200,-67],[78,-92],[81,-21],[58,-207],[182,19],[33,-111],[60,-20],[-41,-113],[-71,-25],[86,-55],[4,-67],[-149,-101],[-2,-394],[117,-36],[18,-182],[137,-37],[51,-101],[133,-24],[51,-135],[227,-213],[20,-189],[140,-10],[99,-91],[-80,-44],[4,-109],[-64,-90],[209,-37],[217,78],[92,-61],[257,127],[103,0],[184,70],[231,-286],[-75,-146],[-46,-324],[-335,-84],[-265,10],[-67,-88],[-176,-66],[88,-50],[52,-131],[-57,-282],[119,-115],[15,-142],[89,-125],[-44,-44],[33,-102],[-51,-92],[-111,-65],[-401,-58]],[[42462,52619],[273,199],[83,6],[76,95],[298,60],[65,-31],[91,15],[134,88],[-7,102],[178,133],[132,255],[-30,114],[-134,72],[124,39],[-9,59],[114,-21],[74,59],[349,2],[73,236],[157,112],[333,78],[213,4],[161,-25],[112,-155],[89,-19],[204,67],[108,-4],[43,-37],[130,43],[266,-18],[154,-79],[299,-9],[2,45],[-238,121],[-22,49],[-61,14],[-29,86],[-106,40],[-43,224],[-128,-3],[-89,61],[123,30],[28,72],[-83,163],[104,121],[131,63],[-12,45],[114,76],[46,111]],[[46352,55377],[121,82],[6,127],[58,29],[112,-22],[167,26],[143,147],[253,53],[162,-55],[280,75],[321,-160],[94,24],[-3,56],[184,89],[-1,128],[183,117],[-52,144],[76,92],[5,95],[138,70],[148,21],[42,123],[409,30],[171,72],[294,57],[219,-110],[183,7],[228,-239],[450,-375],[67,-15],[174,39],[201,101],[166,5],[318,83],[403,335],[131,11],[160,94],[179,88],[319,32],[141,141],[94,269],[225,266],[426,206],[-30,94],[-303,69],[-106,114],[-100,159],[10,84],[94,80],[-43,171],[-257,155],[-271,254],[2,339],[97,101],[114,255],[289,137],[107,274],[247,227],[-7,133],[280,173]],[[85602,81512],[3190,3459],[107,174],[-89,189],[42,220],[-125,175],[-71,27],[-58,-20],[-159,-262],[-134,-22],[-211,81],[62,169],[-94,112],[-127,10],[-111,-133],[-162,57],[-112,422],[-113,114],[-178,37],[-158,-107],[-236,-84],[-132,3],[-137,52],[-55,47],[35,79],[333,60],[113,60],[19,68],[-63,52],[-129,-15],[-332,78],[-115,-28],[-246,-154],[-165,-9],[-139,77],[-41,159],[-141,141],[-223,-88],[-103,1],[-104,51],[-165,184],[-232,62],[-149,-9],[-26,-38],[306,-93],[49,-72],[-23,-63],[-355,-91],[-220,44],[-113,114],[104,185],[3,145],[-292,-84],[-106,45],[8,88],[115,122],[-25,54],[-221,79],[-452,60],[-124,154],[-86,39],[-459,12],[-150,294],[-192,88],[-185,-34],[-141,-126],[-131,-24],[-145,63],[-134,158],[-288,19],[-65,-61],[-8,-85],[221,-272],[-17,-79],[-156,16],[-142,118],[-181,36],[-634,-80],[-75,-106],[76,-73],[25,-107],[-60,-31],[-123,53],[-105,-23],[-41,-192],[-59,-39],[-201,51],[-206,181],[-139,-8],[-90,-97],[-63,-6],[14,117],[-46,16],[-275,-76],[-108,-166],[-292,-26],[-292,-133],[-93,102],[80,225],[-256,144],[-163,211],[-166,69],[-191,-47],[-11,-83],[132,-232],[-34,-83],[-76,-17],[-150,104],[-64,207],[13,263],[-539,58],[-478,209],[-219,-40],[-260,-109],[-115,4],[-64,137],[97,227],[-56,97],[-52,11],[-271,-100],[-27,-67],[-152,-63],[-75,-121],[-84,1],[-103,88],[-79,-12],[-180,-231],[-133,-343],[-97,-88],[-318,21],[-77,-25],[-27,-88],[155,-214],[-61,-72],[-86,18],[-22,83],[-77,32],[-274,-67],[-202,-2],[-214,169],[-90,17],[-264,-180],[-124,-13],[-129,-99],[-245,-97],[3,-140],[61,-96],[-74,-105],[-157,23],[18,147],[-83,42],[-361,-101],[-222,96],[-108,-26],[21,-126],[-211,24],[-88,-106],[-189,1],[-368,-88],[-89,37],[0,152],[-231,221],[-154,-125],[-343,95],[-208,9],[-150,-44],[-144,114],[-265,43],[-210,169],[-191,57],[-167,-39],[28,-139],[-165,-100],[-70,-180],[-112,-63],[-77,17],[15,190],[-147,134],[-75,20],[-76,-29],[-54,-157],[-95,-39],[-75,38],[-38,131],[-129,62],[-208,-144],[-187,-37],[-199,-100],[-342,12],[-305,-116],[-29,57],[117,136],[-229,101],[-117,338],[-95,3],[-123,-101],[-85,-3],[-86,65],[-65,147],[-95,21],[-63,-82],[-1,-124],[-64,-45],[-69,7],[-71,79],[26,155],[-122,31],[-140,-73],[-167,-5],[-31,56],[80,121],[-71,77],[-177,80],[-169,193],[-22,204],[304,44],[141,287],[295,124],[51,64],[-12,79],[-165,-12],[-106,44],[-3,85],[101,137],[-225,151],[-9,146],[88,191],[-49,186],[90,120],[-27,80],[-293,58],[-43,74],[70,139],[-17,120],[-168,11],[-145,-33],[-123,219],[-109,100],[-120,-33],[14,-171],[-43,-81],[-105,-26],[-72,22],[99,77],[-45,43],[-353,22],[-112,-63],[41,-164],[-94,-47],[-60,25],[-30,94],[-218,54],[-226,111],[-382,-77],[-32,143],[-186,143],[-320,28],[-207,110],[-74,152],[149,112],[102,219],[303,172],[63,92],[-51,38],[-125,-45],[-85,34],[-4,71],[98,142],[-1,45],[-131,66],[75,67],[-14,66],[-186,19],[-121,77],[-28,153],[-69,51],[-369,42],[32,50],[217,-16],[29,54],[-89,162],[-140,96],[74,203],[-53,24],[-152,-58],[-118,53],[-82,324],[-204,-41],[-267,159],[-217,-75],[-189,34],[-69,62],[-32,189],[-68,-35],[-2,-177],[-160,-113],[-76,8],[-34,98],[-169,-51],[-110,69],[-264,25],[-83,47],[-30,142],[-190,156],[-13,172],[-98,85],[-140,5],[-162,-62],[-110,16],[-38,62],[126,108],[-88,84],[-207,-112],[-93,3],[-89,53],[-92,164],[59,244],[-60,72],[-122,-47],[-62,-171],[-140,-44],[-240,27],[-584,228],[-396,-17],[-384,147],[-32,84],[64,125],[-119,242],[-72,35],[-201,-11],[-56,87],[114,78],[226,-87],[60,10],[8,177],[170,108],[11,48],[-49,17],[-188,-68],[-76,16],[-59,63],[96,142],[-24,51],[-54,16],[-105,-95],[-104,-4],[32,201],[-250,-15],[-223,132],[-24,97],[238,64],[62,123],[-278,164],[94,158],[-44,74],[-168,107],[-3,206],[-50,60],[-48,11],[-141,-99],[-67,93],[44,200],[-30,41],[-315,50],[-89,75],[-168,-78],[-36,24],[48,75],[-23,47],[-228,-28],[-199,251],[-160,56],[-22,100],[-307,80],[46,143],[-274,-54],[-136,-71],[-96,16],[-82,66],[49,105],[-34,53],[-60,6],[-166,-114],[-127,36],[-46,47],[8,245],[-102,110],[-28,107],[-272,267],[-209,68],[-180,-94],[-129,-150],[-154,-31],[-195,13],[-145,183],[-52,5],[-7,-70],[-80,-27],[-80,91],[-159,54],[-87,75],[-25,145],[-348,42],[-175,161],[-131,46],[-171,129],[-470,86],[-338,162],[-281,-54],[-33,-152],[-178,-153],[-105,-38],[-26,-86],[-141,-38],[-89,-108],[-62,32],[-129,-66],[-217,26],[-99,-46],[-54,32],[49,59],[-88,6],[-33,-93],[-301,-38],[-195,89],[-234,11],[-50,60],[-142,58],[-93,-10],[-69,77],[-83,19],[-73,-28],[-75,25],[-18,-35],[-41,31],[-81,-82],[-128,-2],[-73,58],[-90,-13],[-89,69],[-53,-3],[-25,-446],[159,10],[92,67],[80,-38],[163,39],[136,-15],[131,-90],[27,-80],[89,-20],[136,-116],[24,-170],[62,-58],[-18,-99],[73,-10],[13,-108],[153,-128],[11,-64],[129,-99],[84,-134],[110,-19],[89,-84],[14,-104],[248,-69],[59,-91],[191,57],[-12,-42],[70,-12],[51,-63],[-14,-108],[95,8],[48,-71],[61,7],[7,39],[129,-29],[28,-35],[-42,-47],[62,-36],[-5,-50],[112,85],[68,-32],[27,-83],[-48,-44],[131,-21],[24,-108],[-119,-55],[-3,-114],[110,-23],[-54,-10],[5,-37],[72,-53],[-82,-54],[15,-72]],[[33884,69286],[153,-42],[145,20],[179,-174],[303,-69],[315,-189]],[[37821,86492],[-770,-423],[-4279,-1003],[-5004,-1162]],[[72193,39920],[-85,-8],[-37,-41],[83,-45],[-35,-59],[29,-131],[35,-27],[242,53],[137,-86],[60,0],[24,-79],[-119,-96],[-251,-36],[-75,-92],[-61,20],[-28,-45],[-48,38],[-102,-85],[86,-9],[75,-60],[-102,-70],[18,-165],[-64,-65],[46,-133],[-55,-17],[-99,-161],[113,-276]],[[71980,38245],[111,-43],[46,23],[21,132],[179,37],[386,-68],[58,-64],[-89,-63],[12,-56],[125,-63],[235,-29],[102,50],[144,-51],[93,74],[120,-27],[61,30],[192,-110],[294,31],[271,176],[265,-86],[141,-7],[78,93],[-15,43],[156,154],[215,-32],[68,26],[208,-134],[60,1],[48,58],[130,-71],[95,21],[177,-88],[73,-105],[236,120],[100,-176],[-48,-72],[-93,-40],[19,-87],[133,-45],[140,30],[81,-62],[212,23],[98,-210],[192,-96],[221,36],[178,-60],[74,16],[270,-131],[131,57],[153,-8],[73,-148],[128,-122],[-97,-145],[203,17],[128,-112],[-61,-23],[73,-70],[228,-86],[-27,-96],[89,-45],[112,13],[-8,-172],[348,-51],[207,-80],[114,-142],[281,-158],[93,-19],[116,38],[48,58],[99,8],[113,-47],[90,18],[129,-51],[18,-47],[28,32],[208,-54],[20,-79],[29,14],[75,-56],[-43,-3],[61,-43],[-37,-19],[91,-142],[-35,-20],[78,-4],[-33,-33],[57,-39],[-43,-31],[38,-77],[69,-7],[42,60],[79,-13],[-38,-126],[69,-49],[68,23],[-25,-39],[60,19],[100,-93],[144,-8],[10,-46],[122,43],[28,-71],[40,57],[102,-47],[8,37],[52,-16],[-6,36],[88,-43],[62,47],[94,1],[-9,-39],[67,-9],[-11,-25],[39,18],[-40,-38],[57,-55],[63,21],[67,-88],[71,-5],[-15,-50],[65,-10],[40,32],[168,-25],[65,-83],[56,21],[23,-51],[81,23],[5,-35],[127,-5],[10,-48],[49,58],[84,-64],[65,1],[-22,26],[88,-18],[-16,39],[77,-4],[35,43],[59,-41],[77,23],[55,-40],[30,25],[-4,-52],[164,4],[14,-49],[75,74],[66,-31],[28,24],[45,-47],[85,10],[-16,-59],[83,-24],[-26,-43],[53,-46],[-51,-23],[81,-25],[22,36],[48,-89],[125,79],[-45,-75],[86,-3],[26,-37],[-43,-20],[71,-20],[-40,-20],[67,16],[28,-67],[79,32],[35,-58],[59,8],[-31,-58],[52,1],[8,-40],[47,16],[-8,-39],[48,26],[57,-20],[48,-58],[15,-31],[91,45],[70,-18],[-25,37],[37,14],[21,-61],[128,49],[59,-86],[100,29],[-24,-80],[86,29],[36,-82],[98,33],[18,-48],[52,-7],[-10,36],[33,-80],[52,-2],[36,43],[28,-34],[67,30],[80,-19],[63,-23],[8,-65],[46,26],[45,-54],[69,23],[-53,-62],[71,-11],[-14,-68],[87,-13],[36,27],[28,-57],[59,17],[66,-177],[26,58],[73,-50],[77,4],[-24,-138],[63,6],[2,-58],[42,28],[96,-211],[105,19],[-29,-52],[66,-51],[-18,-100],[68,-5],[13,-44],[-51,-27],[89,8],[48,-96],[65,-6],[-72,-54],[75,-26],[-40,-34],[49,-15],[-36,-24],[31,-32],[-57,-24],[-8,-112],[-62,-17],[106,-27],[2,-107],[108,-55],[30,33],[16,-74],[91,-38],[10,48],[58,-8],[22,-72],[48,40],[89,-3],[-5,-44],[135,-19],[4,-48],[97,24],[146,-69],[48,13],[50,-22],[-15,-49],[50,27],[0,-42],[50,11],[-13,38],[129,-14],[45,-144],[62,-17],[-46,-69],[47,23],[94,-21],[-102,0],[-7,-46],[87,17],[-1,-65],[79,-16],[-2,-38],[258,-81],[8,-97],[-193,-57],[-173,-144],[-384,-74],[-94,-73],[-108,-24],[-291,-241],[-404,-101],[-77,-237],[-193,-171],[-80,-163],[-260,-87],[-243,-316],[-38,-516],[-153,-160],[-185,-397]],[[86194,28596],[2320,-474],[3621,-768]],[[92135,27354],[19,3]],[[92154,27357],[6119,1842]],[[98273,29199],[27,74],[-66,17],[115,32],[-22,51],[-87,-33],[0,98],[-48,14],[59,50],[-36,36],[150,-33],[-104,44],[58,46],[-83,15],[120,11],[-107,41],[56,83],[-38,22],[52,24],[-51,44],[66,69],[-50,26],[95,61],[59,-41],[53,47],[74,0],[-55,78],[86,10],[-66,66],[80,6],[-81,25],[53,75],[61,-16],[5,45],[132,-21],[-82,98],[105,39],[-32,34],[37,113],[119,-6],[67,140],[107,-55],[170,72],[38,62],[100,23],[-94,0],[-21,30],[137,58],[-9,35],[-46,-31],[-19,25],[178,65],[-63,72],[-66,-24],[69,55],[-113,-33],[-20,60],[42,30],[-75,98],[69,126],[60,43],[82,-12],[98,137],[59,-41],[-42,79],[61,81],[134,23],[3,112],[-57,39],[131,7],[29,-61],[44,4],[-39,83],[58,53],[-11,53],[-2492,3205]],[[97496,35156],[-89,28],[-97,-38],[-145,13],[-51,-40],[-62,35],[-108,-25],[-124,18],[-35,42],[-170,5],[-76,-18],[-47,-82],[-52,13],[-91,-53],[-142,89],[-447,22],[-22,53],[-157,47],[-34,-32],[-145,89],[-69,0],[-63,-76],[-47,20],[-184,-66],[-67,37],[-167,-67],[-98,53],[-96,-40],[-116,47],[-48,-16],[-143,91],[-276,64],[-32,39],[-152,-31],[-58,25],[-87,-40],[-124,16],[-218,150],[-254,17],[2,79],[-173,38],[16,36],[-88,74],[-208,25],[-27,100],[-192,18],[1,36],[-115,40],[-166,-57],[-60,64],[-99,2],[-67,-63],[-13,27],[-129,-25],[-17,-60],[-86,-18],[-25,-59],[-82,23],[-33,-86],[-115,54],[-151,-59],[-114,60],[-237,3],[-85,70],[-114,-40],[-100,49],[-154,10],[-100,70],[-50,-15],[-146,52],[-85,78],[7,45],[-102,-12],[-15,68],[-107,-45],[-192,140],[-182,-18],[-93,63],[-279,-47],[-195,136],[-129,22],[-42,59],[-102,-29],[-201,49],[-132,59],[-21,63],[-338,97],[-107,132],[-180,93],[-27,75],[-175,72],[-8,84],[-123,66],[-37,111],[-102,79],[-40,116],[-83,74],[-115,51],[-196,-4],[-97,39],[-128,-45],[-118,91],[-331,40],[-161,143],[-132,40],[-43,157],[-198,88],[-2065,-165],[-47,38],[18,-49],[-69,24],[-106,-25],[-29,95],[-172,142],[-40,-13],[58,-34],[-3,-65],[-82,69],[-111,-1],[42,132],[-88,31],[-64,-49],[-114,3],[-50,47],[-175,27],[95,116],[-16,101],[-114,-2],[9,-74],[-196,22],[-63,-58],[29,95],[-130,-74],[-1,65],[-60,16],[-84,-84],[-38,60],[-104,22],[-34,43],[-122,-5],[-136,40],[-32,43],[-47,-55],[-60,-2],[-29,101],[-69,10],[-19,-72],[-57,-17],[22,81],[-112,-26],[-81,67],[-76,-75],[-4,88],[-179,30],[-31,-60],[-81,50],[38,63],[-158,-104],[-98,100],[-179,-31],[-42,93],[-99,-29],[-26,-78],[-113,92],[-209,13],[-18,53],[-127,-100],[27,100],[-86,25],[-25,84],[-48,-60],[-72,-11],[-128,74],[-63,-38],[-114,37],[-81,-32],[-34,26],[43,66],[-169,-12],[-36,88],[-91,-51],[-194,-1],[-29,-25],[50,-31],[-42,-20],[-52,36],[51,54],[-71,73],[-109,-17],[-174,81],[-140,-13],[28,50],[-45,39],[-91,-51],[-6,34],[65,2],[-15,55],[76,20],[-51,48],[-54,-41],[-75,33],[-125,-9],[-140,88],[-49,-7],[14,-83],[-244,115],[-64,-8],[-29,-70],[-52,100],[-94,-64],[-90,54],[-76,-34],[-39,-79],[-89,76],[-116,-40],[-100,28],[-58,-72],[-3,58],[-59,33],[-65,-51],[-54,32],[-146,-7],[-67,-73],[-4,38],[-56,-9],[-47,50],[-114,19],[-56,43],[18,61],[-76,-10],[-13,41],[-225,-121],[-28,74],[-277,-28],[-43,50],[-85,-16],[-21,42],[-78,-13],[-26,40],[-66,3],[-18,62],[-71,-32],[-64,56],[-33,-28],[2,33],[-112,47],[76,-75],[-18,-34],[-107,18],[-2,-46],[-126,-8],[-51,-37],[-31,15],[43,15],[-63,11],[38,69],[-45,18],[-45,-36],[-11,50],[-34,-52],[-51,22],[-136,-32],[-4,-53],[-111,53],[-49,-38],[-134,36],[-27,-47],[0,35],[-125,-19],[-17,22],[-110,-14],[-34,-38],[-209,18],[-66,-59],[-15,53],[-97,-25],[-93,62],[-143,-158],[-81,28],[-247,-28],[-169,103],[-3,75],[-136,57]],[[86308,28170],[42,50],[-19,88],[-123,76],[90,118],[-152,-40],[-69,31],[105,39],[12,64]],[[71980,38245],[-274,12]],[[84530,46294],[-203,-60],[48,-80],[-137,-180],[18,-107],[-150,-104],[84,-159],[-71,-32],[-50,-95],[159,-93],[-62,-63],[122,-93],[-68,-38],[25,-21],[-245,-127],[-23,-54],[-113,-30],[-79,-102],[15,-135],[-221,-131],[-129,-30],[-414,-329],[-503,-10],[-109,-49],[-14,-76],[67,-135],[-122,-188],[-241,24],[-378,-27],[-21,-57],[97,-238],[-368,-225],[35,-62],[-189,-197],[-426,-126],[-168,-1],[-68,-34],[-65,35],[-93,-18],[-145,-144],[-140,-2],[-6,-209],[-244,-56],[-194,-310],[115,-85],[-52,-88],[-145,-92],[27,-96],[97,-66],[-72,-86],[47,-162],[-81,-26],[58,-64],[-185,1],[-108,-45],[-101,-187],[-9,-184],[-174,-129],[-107,-8],[-71,-173],[-148,-40],[-141,-180],[-124,14],[-66,-34],[-122,34],[-153,-59],[-470,24],[-107,-55],[-174,-13],[-150,24],[-39,52],[-212,-69],[-729,-66],[-82,-34],[-150,63],[-102,-44],[-64,32],[-94,-61],[-18,-70],[-105,77],[-172,-55],[-230,33],[-227,-33],[-154,-99],[-146,88],[-240,-23],[-362,21],[-18,-35],[-101,-7],[-303,74],[-77,-29],[-191,43],[-150,-56],[-110,6],[-84,-78],[-303,52],[-94,48],[-160,-15],[-23,86],[-197,-78],[-29,-57],[-134,49],[-92,-73]],[[72133,40093],[83,-102],[-23,-71]],[[97496,35156],[-1050,1265],[-985,992],[-854,937],[-1786,1973],[-46,103],[-43,-12],[-36,52],[-74,0],[37,-40],[-112,34],[-91,-22],[-10,-65],[-78,41],[-105,-39],[-198,26],[-73,-52],[-178,-8],[-53,-49],[-25,38],[-130,-56],[-42,61],[-121,-57],[-176,194],[-104,-2],[28,55],[-195,-23],[-47,40],[-86,4],[-162,-43],[-6,30],[-148,21],[-56,-53],[-35,41],[-84,-24],[-40,36],[-180,21],[-121,-26],[-33,-46],[-25,48],[-74,16],[-163,-35],[-9,-47],[-50,7],[27,-27],[-128,-46],[-61,34],[-20,-69],[-78,27],[-35,-79],[-68,14],[-157,-83],[-75,37],[-2,-49],[-207,-41],[-10,-35],[-118,11],[-10,38],[-35,-26],[-59,14],[-16,-49],[-78,-4],[-22,-60],[-65,11],[-196,-130],[-123,-21],[-17,-46],[-141,10],[-181,-76],[-335,38],[-176,-25],[-59,-42],[-89,15],[-203,-77],[-267,18],[-93,44],[-156,-6],[-95,69],[-410,49],[-110,229],[-416,255],[-86,16],[-50,71],[-727,-360],[0,6153]],[[78004,6003],[77,-53],[362,-21],[-113,-86],[33,-129],[231,-54],[-79,-201],[222,-138],[26,-64],[123,11],[74,-32],[-86,-32],[119,-121],[33,-161],[278,123],[149,-75],[327,33],[143,-69],[191,-33],[126,1],[69,82],[52,2],[208,-202],[331,-69],[11,-209],[274,-161],[118,-232],[224,-133],[379,-59],[222,-91],[83,13]],[[82211,3843],[219,499],[286,170],[442,351],[261,124],[27,83],[123,91],[-132,138],[45,159],[101,154],[222,175],[-80,95],[91,36],[160,234],[260,83],[166,-27],[99,29],[59,-31],[296,111]],[[84856,6317],[138,-20],[40,65],[175,96],[258,317],[43,119],[323,42],[75,166],[-111,177],[-68,29],[8,80],[139,184],[-169,102],[86,87],[-43,38],[59,53],[-1,71],[81,42],[-66,62],[-8,105],[81,119],[252,54],[415,217],[89,-6],[265,99],[153,-44],[186,60],[166,-175],[191,-43],[150,11],[77,-54],[102,1],[-22,-91],[-105,-39],[-112,5],[-90,-83],[-116,7],[-48,-30],[-123,-237],[76,-249],[195,-51],[56,67],[171,18],[118,60],[60,108],[200,-52],[-28,-62],[42,-30]],[[88216,7712],[225,81],[99,145],[89,35],[31,437],[257,126],[5,96],[197,94],[-26,55],[199,9],[115,63],[-10,106],[-104,54],[-13,65],[105,73],[-24,101],[-182,139]],[[89179,9391],[-55,-19],[-145,36],[-48,-57],[-107,-4],[-144,-87],[-394,145],[-87,73],[-134,11],[-82,104],[5,179],[-78,132],[-119,-13],[-223,183],[-572,150],[-96,57],[4,36]],[[86904,10317],[-135,-3],[-234,-84],[-34,-91],[-257,-162],[-181,-38],[-92,28],[-322,-165],[-185,20],[-194,-42],[-141,36],[-304,-68],[-128,32],[-84,65],[-240,-53],[-82,39],[-289,23],[-149,-125],[-222,-19],[194,-141],[-206,-149],[-95,-14],[-49,29],[-127,-60],[-123,-450],[-77,-112],[-215,-49],[-66,-75],[-428,-83],[-119,23],[-64,-38],[-341,29],[-161,-29],[-180,69],[-169,-23],[-79,41],[-120,46],[-210,-31],[-37,-76],[-89,-8],[-40,-98],[-238,-142],[-33,-66],[-224,-154],[-183,-262],[-204,22],[-188,-125],[-172,-6],[-112,-58],[-247,-31],[-142,-84],[-121,55],[-171,21],[-67,-26],[35,-93],[-82,-63],[-176,20],[-106,-35]],[[86904,10317],[52,79],[-82,15],[6,70],[-72,77],[-61,33],[-125,-24],[-101,30]],[[86521,10597],[-78,-46],[-238,-18],[-105,58],[-122,-7],[-320,179],[-79,123],[-166,62],[-69,-38],[-110,30],[-39,66],[-105,49],[201,332],[-227,140],[-30,105],[-177,-26],[-79,-75],[-125,55],[-288,261],[0,70],[-94,80],[-86,-89],[-45,1],[32,97],[-88,101],[8,91],[-56,81],[133,204],[28,141],[-72,35],[-32,103]],[[84093,12762],[-285,-98],[-150,-10],[-133,95],[-274,16],[-153,114],[13,50],[-50,40],[-59,-66],[-100,52]],[[80384,2891],[142,99],[-1,97],[145,165],[16,87],[54,34],[95,-7],[-15,72],[83,41],[124,-23],[67,50],[177,27],[77,-29],[109,139],[82,26],[77,-30],[212,47],[197,-64],[149,1],[37,220]],[[77611,5821],[145,-67],[-35,-140],[55,22],[93,-74],[102,2],[64,-36],[34,-153],[64,16],[46,-75],[172,-50],[96,-123],[-18,-117],[194,-329],[11,-102],[-53,-63],[57,-101],[-38,-32],[62,-127],[-5,-113],[123,-174],[0,-107],[-68,-23],[11,-38],[-176,-163],[13,-53],[-86,-86],[104,6],[38,73],[112,-4],[1247,-458],[91,-45],[86,-130],[232,-66]],[[84932,12933],[-489,-112],[-126,85],[-224,-144]],[[86521,10597],[38,55],[-203,81],[93,92],[110,5],[135,225],[-65,193],[59,115],[-36,83],[135,110],[29,83],[-59,92],[-208,-33],[-82,49],[-33,120],[-232,157],[-50,154],[57,95],[-45,9],[15,96],[-233,122],[-69,149],[-179,-86],[-133,59],[-195,8],[-23,44],[-59,-19],[-66,37],[-31,67],[-259,174]],[[39836,40560],[-22,52],[92,-14],[62,41],[-29,-61],[129,-24],[160,49],[144,-16],[24,-134],[152,-93],[163,35],[1,33],[180,9],[178,-35],[-3,-56]],[[45733,41544],[115,81],[43,239],[-78,36],[-84,-26],[-131,53],[80,73],[-9,102],[-136,22],[-41,-41],[-152,-25],[-112,116],[-45,-20],[-89,60],[-68,-42],[-97,46],[-53,-55],[-102,-4],[-10,35],[-190,67],[28,70],[62,113],[-30,66],[77,77],[-122,185],[91,250],[-33,82],[-188,44],[5,44],[-144,54],[-124,12],[-149,-60],[-108,41],[-153,-47],[-76,36],[-80,-14],[-80,-109],[-71,29],[-16,68],[-261,-22],[-134,-67],[83,78],[26,195],[-52,279],[48,115],[-30,169]],[[39623,43352],[186,-180],[-8,-39],[127,-29],[175,-127],[-67,-96],[30,-63],[97,-33],[-6,-120],[-261,-123],[-14,-96],[-78,-21],[-112,-115],[-93,87],[-191,-16],[-101,-31],[-128,-171],[-45,23],[-133,-17],[-275,-149],[-312,19],[-90,-95],[-38,-149],[-158,-90],[-98,-196],[-99,49],[-143,182],[-272,-25],[-168,175],[-169,37],[-163,127],[-153,1]],[[49412,42037],[-24,84],[23,62],[79,33],[7,116],[145,18],[289,174],[-24,130],[41,47],[-106,115],[137,174],[-82,128],[-14,208],[-105,124],[-85,280],[50,178],[-134,168],[30,64],[-104,27],[-97,175],[28,42],[-292,159],[-106,227],[-64,58],[-65,-7],[-134,120],[-24,219],[466,-21],[202,-79],[122,28],[564,412],[-145,79],[127,-28],[34,67],[71,-50],[101,-7],[-55,-173],[102,31],[-17,47],[60,-9],[65,58],[69,-54],[127,7],[35,-83],[66,96],[53,-137],[48,106],[90,-49],[138,5],[12,33],[-70,14],[-38,55],[75,-13],[-24,77],[157,61],[228,-171],[-44,-120],[159,-55],[61,46],[64,169],[65,36],[114,-64],[146,39],[177,-23],[114,93],[-8,63],[86,26],[77,-5],[240,-205],[207,26],[176,-37],[-6,57],[181,156],[-4,119],[264,80],[45,108],[90,34],[323,-14],[26,-102],[176,-24],[62,-56],[218,0],[109,45]],[[54562,45854],[-19,288],[-163,151],[-117,19],[-24,36],[48,471],[-65,171],[-147,87],[-126,245],[-36,158],[40,23],[-61,79],[52,102],[-25,146],[-299,0],[-46,39],[-294,67],[3,147],[-150,210],[81,49],[17,119],[-749,162]],[[53318,40605],[6,61],[168,71],[326,-46],[154,57],[21,181],[-59,62],[73,50],[121,-7],[286,129],[350,0],[97,133],[-85,132],[10,93],[191,-65],[74,25],[8,50],[97,64],[163,44],[-6,57],[49,3],[184,167],[6,76],[221,-55],[-8,60],[56,54],[199,42],[-17,94],[205,25],[86,-50],[260,-7],[25,-52],[128,-37],[39,-80],[36,92],[-68,216],[54,55],[-391,555],[28,81],[-288,192],[-77,11],[-6,41],[-107,14],[-44,100],[-63,32],[69,37],[17,148],[-86,24],[-77,83],[203,230],[-105,39],[-16,51],[49,43],[92,10],[38,72],[44,142],[-40,28],[21,112],[-69,67],[62,106],[-26,68],[-117,53],[-454,65],[-95,282],[-129,25],[-191,-56],[-117,50],[-77,116],[19,85],[-96,118],[-114,3],[-114,136],[51,96],[-97,125],[97,171]],[[7688,72142],[-349,-40],[-381,15],[102,330],[98,145],[-643,411],[-9,-96],[-383,22],[-9,94],[-70,60],[-106,-70],[-57,82],[-157,-52],[-216,1]],[[5508,73044],[-120,-20],[-92,-246],[-342,33],[-326,-579],[-207,-153],[-294,-384]],[[4127,71695],[157,0],[293,-408],[179,-72],[132,64],[59,-15],[12,-62],[96,-70],[-66,-16],[67,-58],[-15,-58],[96,-26],[-6,-106],[148,-31],[-29,-35],[106,-63],[233,-18],[58,-63],[60,0],[-20,-40],[57,-54],[156,79],[-3,-34],[435,-2],[-153,-136],[-28,-89],[-143,-75],[-7,-59]],[[6001,70248],[118,-30],[142,-596],[1673,-428],[224,13],[322,-92],[83,-86],[278,-64],[280,-157],[629,-243]],[[10060,69876],[-235,-29],[-188,226],[-159,44],[-1048,988],[-557,250],[-167,133],[37,145],[-138,4],[94,320],[-11,185]],[[7688,72142],[123,16],[21,84],[165,141],[151,38],[66,112],[259,-4],[252,86],[8,123],[-100,44],[11,66],[-82,38],[-127,0],[243,77],[134,-26],[56,-49],[141,93],[80,-9],[138,176],[335,126],[45,111],[-9,62],[-81,52],[204,158],[21,108],[-84,41],[10,74],[-95,92],[234,58],[62,95]],[[9869,74125],[-142,128],[6,50],[115,64],[377,48],[98,131],[74,29],[3,103],[-215,109],[-487,-39],[-111,-81],[-74,21],[-151,175],[-94,205],[80,23],[85,130],[85,18],[439,-82],[144,43],[180,-6],[49,90],[202,-57],[135,41],[376,-79],[126,-75],[107,18],[325,50],[130,117],[27,84],[-316,116],[-3,116],[28,131],[145,91],[26,66]],[[11638,75903],[-8,92],[-130,116],[-385,152],[-153,-62],[-101,33],[-90,-21],[-103,75],[-125,5],[-134,63],[-42,63],[-160,44],[-45,70],[-112,44],[-56,97],[-337,105],[-35,-39],[-208,10],[-11,60],[-56,-5],[-94,-99],[-82,20],[8,59],[-114,-42],[-61,-205],[-147,-20],[72,-65],[-92,-5],[-26,-42],[-55,31],[-17,-134],[-89,29],[-23,-78],[-100,-23],[-12,-54],[-72,-4],[-32,-47],[-118,35],[-146,-109],[45,-50]],[[8192,76002],[48,40],[91,-70],[64,52],[182,-77],[-3,42],[45,-8],[77,-49],[-9,-45],[118,-49],[-102,-70],[85,-46],[13,-118],[-90,-46],[5,-97],[65,-74],[54,1],[53,-154],[-156,-118],[-43,35],[-184,21],[-683,-234],[-94,-165],[-314,-47],[-97,-183],[-47,-2],[198,-288],[204,-96],[-38,-35],[103,-81],[-113,-47],[-152,12],[-39,-46],[-137,-21],[-128,-101],[-182,20],[-92,-37],[-171,37],[-104,-29],[-140,42],[-119,-15],[-185,-112],[-71,-90],[12,-67],[-150,-49],[-10,-82],[-174,-34],[-79,-67],[-195,-311]],[[4127,71695],[-132,28],[-56,-54],[-59,-119],[12,-91],[-112,-153],[-82,68]],[[3698,71374],[-369,102],[-248,132],[-260,-19],[-284,47],[-118,-33],[35,-152],[172,-55],[265,-183],[5,-220]],[[2896,70993],[869,-303],[622,31],[160,-13],[-34,-34],[55,-26],[89,46],[118,-35],[16,-44],[135,-28],[470,-65],[-7,-275],[344,43],[268,-42]],[[2896,70993],[-87,-12],[-172,-196]],[[2637,70785],[503,-377],[376,-493],[216,-422],[39,-210],[-76,-447],[-250,-351],[-240,-148],[-254,-51],[-276,44],[-23,29],[-90,-17],[-79,44],[-82,-11],[-349,241],[-122,-33],[-14,-131],[-96,-122],[-74,-35],[-131,8],[-39,-117],[-165,-137],[37,-107],[-33,-401],[93,-169],[155,-144],[47,-120],[157,-110],[1555,-662],[873,-523],[1236,-399]],[[12147,72957],[268,-186],[182,39],[16,-180],[185,-87],[246,-158],[81,-13],[124,40],[-12,-68],[65,-23]],[[13302,72321],[185,44],[147,81],[38,151],[127,-21],[28,-65],[69,16],[265,-53],[28,-34],[91,4],[240,-142],[-69,73],[170,243],[-55,171],[133,185],[85,-5],[9,97],[257,65],[124,77],[-39,83],[28,111],[-86,134],[97,199],[90,66]],[[15264,73801],[-344,582],[-161,148],[-52,276],[-194,146],[-44,238],[139,66],[-69,175],[-90,89],[-123,21],[-105,-66],[-137,13],[-61,66],[-83,-1],[-154,88],[-2,78],[-152,155],[-64,-5],[-66,63],[-219,66],[-301,-79],[-187,-128],[-153,12],[-186,-75],[-322,-52],[-91,22],[-98,-10],[-307,214]],[[9869,74125],[132,-81],[-16,-148],[64,-118],[188,-59],[127,2],[101,-54],[119,7],[148,-52],[84,59],[67,-31],[239,151],[109,7],[159,-33],[-11,-148],[54,-67],[187,15],[102,-99],[152,-50],[3,-41],[141,-13],[39,-49],[-64,-60],[55,-38],[-25,-70],[67,-48],[57,-150]],[[16711,73093],[-440,-8],[-179,134],[-146,243],[-105,-14],[-107,91],[-66,-15],[-80,36],[-124,246],[-200,-5]],[[13302,72321],[-11,-46],[-90,-32],[63,-92],[-137,-78],[11,142],[-66,19],[-97,130],[-38,7],[-209,-156],[19,-160],[-62,-143],[109,-46],[52,-70],[-158,-65],[96,-59],[105,-175],[204,-210],[-9,-113],[177,-103],[-99,-68],[-23,-111],[-106,-66],[-181,-25],[-105,49],[-154,-2],[-252,-139],[-37,-123],[147,-117],[129,13],[114,-58],[223,-24],[173,-69],[113,9],[80,-27],[16,-56]],[[13299,70257],[356,29],[517,220],[83,81],[61,71],[358,-4],[-102,73],[-78,141],[-254,64],[-118,129],[-84,158],[119,59],[357,-73],[304,57],[105,64],[38,-136],[180,-246],[-25,-87],[45,-68],[-94,-52],[29,-94],[-42,-119],[89,-70],[-1,-174],[81,-74],[-40,-162],[-6,-41],[46,-10]],[[10906,70094],[-84,47],[-9,106],[119,155],[-41,144],[49,36],[22,254],[-90,22],[-82,140],[-94,23],[-136,213],[-182,164],[113,198],[-60,73],[-99,19],[12,87],[-1,-48],[222,-13],[34,30],[196,-5],[125,81],[109,18],[47,124],[76,40],[-94,35],[4,61],[32,28],[-107,132],[-89,-24],[-171,24],[-98,110],[-171,-21],[51,174],[-48,63],[101,38],[90,140],[169,-55],[247,94],[127,0],[71,60],[6,81],[280,98],[56,119],[41,-4],[16,-97],[89,-18],[59,-102],[79,14],[114,-34],[96,29],[45,10]],[[11746,69466],[60,151],[245,219],[187,2],[148,115],[9,55],[154,116],[65,198],[370,-314],[164,-7],[88,53],[-9,120],[72,83]],[[3698,71374],[89,1024],[-21,779],[182,62],[-5,191],[-77,14],[-113,-42],[-41,73],[-525,14],[-108,57],[-1,86],[-66,-13],[-58,35],[106,92],[67,226],[-288,181]],[[2839,74153],[-67,-8],[-523,-66],[-1321,-170]],[[928,73909],[474,-411],[552,-467],[143,-237],[13,-133],[-41,-40],[-75,-95],[-120,-65],[-170,-14],[-159,79],[-130,-53],[-88,37],[-62,-46],[-29,-43],[65,-67],[22,-121],[-151,-52],[97,-187],[-47,-92],[-124,-55],[-46,-95],[359,-259],[89,-26],[239,-281],[126,37],[107,-27],[665,-411]],[[8192,76002],[-363,-187],[-205,-69],[-147,18],[-71,-51],[-215,142],[-22,-37],[-233,105],[27,49],[-51,43],[-14,127],[62,76],[-62,35],[64,106],[84,36],[91,165],[259,192],[186,75],[0,67],[454,351],[-28,40],[-128,-89],[-82,34],[-102,-68],[-119,128],[-114,-54],[-48,26],[-165,-88],[-172,123],[-144,-72],[18,481],[-158,-37],[26,66],[-186,179]],[[6634,77914],[-280,-119],[-31,-89],[-49,-3],[-60,-105],[-145,-110],[-19,-85],[-98,-30],[-25,-73],[-79,-19],[-26,-84],[-112,20],[-54,-80],[-92,-36],[-176,13],[-168,79]],[[5220,77193],[-258,149],[-121,-31],[-162,85],[-76,-35],[-31,38],[-172,17],[-93,-34],[-169,25],[-313,-69],[-311,-23],[-348,131],[-75,-51]],[[3091,77395],[-5,-62],[65,-9],[39,-100],[118,-82],[-143,-119],[-82,-232],[19,-55],[94,-50],[62,-54],[78,55],[102,-61],[198,13],[-12,-103],[-91,-84],[25,-76],[211,-106],[173,-2],[-34,-66],[-144,-68],[44,-74],[-102,-73],[64,-111],[-172,-47],[-13,-139],[-360,-164],[-1,-133],[50,-42],[80,10],[76,-135],[61,-25],[-22,-66],[-130,-49],[-69,-78],[-179,-16],[13,-28],[302,-276],[189,-80],[192,-327],[-948,-128]],[[5171,73560],[42,-92],[-39,92],[-79,-72],[76,72]],[[3091,77395],[-61,52],[-185,-22],[-25,31],[71,102],[-75,116],[-227,85],[-152,-7],[-178,163]],[[2259,77915],[-119,-123],[-339,-124],[-238,-259],[-126,-22],[-223,-196],[-217,-64],[-135,-101],[-159,-35],[-111,-123],[-56,-181],[84,-217],[-24,-259],[-166,-280],[-211,-70],[16,-73],[-52,-40],[57,-91],[136,-181],[48,-224],[-90,-23],[-58,-113],[-124,-355],[-68,-48],[-77,1],[-7,-74],[928,-731]],[[89179,9391],[-30,141],[33,47],[109,11],[155,87],[201,166],[14,55],[174,50],[117,81],[164,-27],[84,100],[127,145],[-41,58],[154,101],[100,242],[111,48],[222,-2],[196,166],[-141,97],[37,126],[-69,243],[247,93],[119,243],[42,-14],[92,74],[142,-22],[144,71],[33,144],[91,47],[-16,64],[53,0],[-16,109],[70,6],[88,69],[-225,98],[-42,57],[115,12],[51,83],[101,-1],[107,52],[33,243],[178,-20],[58,29],[90,87],[1,78]],[[92452,12928],[-104,-25],[-83,59],[-171,30],[1,25],[-75,-13],[-156,97],[-131,173],[-95,6],[-98,25],[-83,71],[-38,-97],[-19,50],[-109,51],[-15,-64],[-35,22],[27,28],[-75,45],[-81,213],[108,125],[-121,84],[-123,55],[-70,133],[-183,-21],[-110,-115],[-10,-154],[-52,-43],[20,-127],[92,-6],[15,47],[52,5],[11,-51],[64,15],[30,-33],[-60,-27],[27,-26],[60,-1],[8,76],[91,-59],[-47,-40],[79,-2],[-24,-41],[61,29],[59,-20],[38,-134],[-40,-55],[-40,30],[-162,-5],[-57,62],[-169,-1],[8,-68],[-81,76],[6,-129],[-63,29],[-60,-18],[-58,83],[-125,70],[11,68],[-69,46],[-226,15],[-15,34],[-236,63],[-92,61],[-247,-73],[-62,57],[-96,15],[-26,115],[234,58],[-131,162],[-90,-21],[-93,106],[-53,28],[-6,79],[95,66],[-81,107],[123,166],[151,29],[201,-101],[74,22],[2,52],[66,19],[-59,4],[38,4],[-75,48],[51,-6],[-45,75],[37,-22],[32,31],[82,-61],[-19,26],[87,36],[3,59],[102,45],[6,77],[38,-10],[31,45],[26,31],[-46,35],[-92,-33],[2,60],[53,-7],[52,91],[-77,48],[-8,-38],[-39,5],[67,67],[-45,19],[121,23],[-97,45],[-93,-29],[-32,52],[286,-46],[111,-156],[246,-136],[133,-116],[-50,-124],[50,-129],[402,-215],[324,-24],[60,27],[-456,273],[39,41],[175,-82],[117,2],[-78,129],[-76,28],[-14,-45],[-80,-8],[-96,48],[-70,107],[48,51],[-68,32],[60,32],[-22,36],[-241,166],[-59,85],[-88,18],[-31,124],[-248,215],[19,92],[-28,-87]],[[90186,15598],[-79,-72],[-228,-7],[-256,-146]],[[89623,15373],[49,-17],[-17,-50],[-128,7],[-64,-38],[5,53],[-56,10],[-52,-54],[-105,-26],[132,-16],[-217,-31],[-262,-199],[-97,-127],[-114,-51],[14,-41],[1,-3],[-313,27],[-177,-176],[-18,69],[-96,21],[26,30],[-86,31],[12,41],[-54,38],[-83,-9],[-55,56],[-83,12],[-17,-53],[-13,-86],[-325,-181],[-119,10],[-60,-101],[-116,-18],[-230,-226],[-86,49],[-140,10],[-259,-82],[-42,27],[-187,33],[-167,-80],[38,-66],[-148,-166],[152,-176],[-98,-77],[30,-84],[-138,-102],[-7,-154],[-247,-73],[-54,-57],[28,-147],[-184,-68],[-99,-94],[-365,-35]],[[88163,14287],[96,-63],[-89,-30],[-152,-8],[-125,-82],[-112,-18],[-41,60],[65,2],[-66,35],[-13,75],[16,145],[62,75],[47,-21],[-54,-61],[90,-64],[301,77],[-17,-54],[-90,18],[127,-62],[-45,-24]],[[90731,13413],[21,89],[-67,-54],[46,-35]],[[92450,13062],[-2,12]],[[92448,13074],[-489,2],[-104,109],[-26,125],[-5,-91],[136,-163],[311,6],[26,-49],[48,45],[105,4]],[[91785,13425],[-83,-21],[51,18],[-13,-78],[-86,-49],[43,-16],[140,60],[165,-38],[-217,124]],[[91688,14753],[-164,-75],[80,-95],[118,22],[74,74],[-108,74]],[[91863,14193],[-93,-13],[108,-240],[55,41],[-6,122],[-64,90]],[[88117,16361],[214,115],[67,-19],[130,-44],[98,-210]],[[88626,16203],[223,166],[121,-5],[32,-87],[170,-154],[153,-24],[67,49],[108,3],[68,41],[-32,50],[-88,115],[13,52],[-136,103],[4,202],[80,88],[430,195],[84,-24],[68,55],[145,-16],[58,129],[65,28]],[[90259,17169],[-63,3],[-56,-64],[-67,39],[-101,-39],[-20,46],[-44,-70],[-109,162],[31,-60],[-56,-33],[-130,85],[134,-145],[-199,86],[-140,-11],[-177,58],[-393,15],[-173,52],[-240,89],[-13,108],[198,10],[39,50],[309,142],[114,-41],[-40,-45],[97,-99],[6,-71],[54,-3],[-54,72],[78,3],[-36,-27],[241,-103],[-54,155],[65,171],[17,-70],[80,-27],[13,-147],[154,-116],[46,126],[148,14],[25,-98],[134,-157],[185,-54]],[[90262,17175],[54,50],[-130,86],[-25,80],[69,194],[116,120]],[[90346,17705],[-60,33],[-124,-42],[-78,86],[-59,-18],[-36,210],[-200,24],[-163,165],[43,150],[-36,27],[70,153],[-142,111],[81,102],[-85,103],[-5,107],[-89,76],[145,67],[5,48],[142,4],[105,46],[127,-107],[83,-16],[110,74],[-51,89],[26,45],[404,203],[-68,68],[32,92],[142,122],[-177,285],[63,47],[16,119],[-66,48],[-23,147],[39,43],[-80,147],[-97,-94],[-96,92],[22,44],[-111,64],[-103,-75],[-155,60],[-426,-82],[-191,135]],[[89280,20707],[-18,65],[-86,57],[-172,-58],[-138,70],[-173,167],[-267,55],[-194,159],[-136,-24],[-59,99],[-125,8],[-114,72],[-72,164],[-120,47],[43,135],[-210,-65],[-43,-88],[-183,22],[-121,83],[-99,-26],[-109,39]],[[86884,21688],[-20,-146],[-73,-72],[-53,-182],[35,-85],[-184,-216],[2,-124],[-131,-58],[21,-53],[167,-82],[26,-67],[-185,-106],[-309,192],[-206,-92],[145,-119],[-38,-76],[233,-119],[47,-163],[-146,-274],[-133,-80],[-77,-215],[-147,-95],[-69,-201],[95,-43],[-13,-71],[57,-72],[-192,-176],[-36,-202]],[[85700,18691],[157,-79],[-20,-33],[45,-26],[91,9],[96,-78],[109,44],[60,-90],[86,14],[-34,-51],[114,-5],[-37,-53],[80,-11],[-99,-6],[2,-28],[175,8],[-15,-109],[140,-73],[-149,-20],[81,-27],[-53,-50],[125,-125],[2,-63],[-49,-1],[-8,-41],[-68,-135],[98,2],[-91,-46],[96,-72],[-111,-24],[89,-35],[-57,-74],[59,-30],[601,11],[177,-91],[169,-104],[18,-276],[145,0],[36,-257],[242,-22],[113,55],[89,-107],[-66,-71],[-50,6],[29,-166]],[[87257,22214],[82,-24],[51,-98],[114,-24],[75,11],[43,153],[88,62],[116,-93],[129,-40],[39,193],[423,291],[-152,80],[301,151],[-133,189],[-106,46],[67,45],[234,-1],[41,69],[146,41],[76,-15],[127,48],[200,-13],[48,76],[153,10],[176,89],[237,46],[66,124],[152,1],[104,56],[314,-85],[110,101],[146,18],[141,-29],[173,-136],[149,-10],[45,46],[92,-23],[215,86],[18,230],[144,136],[21,89],[209,83],[85,86],[4,123],[-104,65],[-159,19],[-175,138],[-67,3],[-48,53],[16,108],[-133,32],[-97,74],[-190,232],[56,59],[75,-36],[122,42],[61,258],[-51,77],[206,228],[62,166],[-60,67],[107,221],[43,13],[-30,65],[71,18],[45,67],[-146,4],[-177,84],[105,73],[84,-73],[69,33],[115,-27],[56,21],[108,139],[-80,96],[193,-7],[28,176],[74,100],[75,1],[-172,155],[33,208]],[[83142,23329],[154,-21],[387,44],[150,-75],[80,-194],[188,-13],[125,29],[97,-55],[85,-122],[79,-33],[57,29],[38,-40],[65,35],[76,-16],[153,73],[23,-44],[127,-15],[77,-187],[151,-69],[67,20],[83,-29],[54,-89],[67,-9],[111,9],[382,230],[296,-99],[191,44],[54,96],[214,-25],[104,-167],[112,-70],[101,1],[-8,-218],[35,-51],[104,2],[-20,-52],[56,-34]],[[92450,13062],[325,-10],[269,-51],[245,-81],[327,-178],[-111,-3],[-21,76],[-137,-58],[-18,82],[-147,58],[-8,36],[-43,-20],[-106,55],[-64,-30],[-96,34],[-323,-81],[-90,37]],[[88216,7712],[217,-114],[16,-71],[172,-72],[-36,-109],[210,-160]],[[88795,7186],[244,-130],[-35,-222],[51,-154],[120,30],[94,-106],[202,-54],[49,-94],[70,15],[38,-70],[299,-128],[246,-102],[197,-13],[180,-114],[431,61],[172,-93],[99,-166],[175,-66],[190,5],[32,52],[128,42],[97,-24],[217,44],[112,-91]],[[92203,5808],[-24,35],[63,53],[63,-13],[97,67],[117,245],[182,54],[72,69],[-33,48],[82,55]],[[92822,6421],[-67,62],[-152,140],[23,141],[-121,90],[134,92],[123,-29],[286,145],[-84,85],[67,155],[-81,188],[5,40],[93,37],[-269,259],[18,84],[74,39],[-74,102],[86,149],[-85,87],[25,53],[124,72],[54,127],[159,81],[64,151],[-61,144],[-136,108],[-44,151],[144,88],[177,-32],[25,128],[85,67],[-9,198],[-81,127],[111,58],[-25,155],[108,94],[6,57],[-50,63],[73,69],[-5,87],[-97,164],[-135,8],[-18,-38],[-108,-5],[-151,93],[-145,-155],[-68,83],[-157,-64],[-320,78],[-293,15],[-69,52],[-137,204],[148,79],[-65,92],[28,56],[55,30],[107,-39],[-23,131],[180,78],[184,1],[29,48],[105,31],[92,188],[-41,140],[102,283],[133,-55],[171,46],[159,-22]],[[93208,11855],[23,59],[-45,46],[47,16],[45,-93],[103,79],[-107,91],[126,62],[-18,45],[141,44],[-19,28],[54,-9],[6,100],[100,20],[-27,20],[70,51],[-39,92],[68,-11],[63,46],[-129,47],[163,-41],[23,-148],[-167,-185],[185,118],[49,249],[-163,168],[-29,89],[-67,47],[-220,-12],[-525,169],[-471,32]],[[92822,6421],[47,86],[355,72],[495,264],[128,-66],[210,52],[257,149],[5,135],[-168,145],[200,171],[265,56],[121,106],[-36,51],[157,195],[349,260],[326,175],[171,202],[89,8],[36,219],[92,164],[265,77],[252,5],[389,141],[92,-6],[374,170],[-166,101],[-32,115],[-88,80],[-34,230],[-153,122],[-79,25],[-37,62],[-83,128],[-54,8],[-82,13],[53,134],[203,97],[85,109],[69,-12],[28,78]],[[96923,10542],[-135,88],[47,64],[-99,-2],[-128,91],[-237,57],[-89,2],[-3,-160],[-80,-19],[-82,132],[68,106],[-21,22],[-9,45],[-11,62],[-111,18],[-177,75],[-91,-8],[-115,88],[33,192]],[[95683,11395],[-223,-22],[-52,34],[-90,-48],[70,-14],[-67,-62],[-93,-6],[-2,-78],[-189,72],[-61,73],[17,83],[-332,18],[-256,40],[-288,212],[-14,52],[76,2],[57,44],[-37,58],[-124,-55],[-161,63],[-75,-9],[-206,-118],[-100,21],[-159,-55],[-128,72],[-38,83]],[[90262,17175],[-3,-6]],[[88626,16203],[30,-34],[95,13],[65,-53],[-85,-8],[81,-144],[-102,-164],[462,94],[-22,-110],[193,-67],[107,-100],[-54,-36],[4,-59],[223,-162]],[[90186,15598],[-199,217],[39,86],[-147,111],[25,48],[-82,70],[116,74],[-37,12],[10,113],[37,-77],[-13,46],[44,2],[-45,-64],[27,-36],[15,54],[73,20],[-53,24],[114,-6],[14,64],[226,-23],[18,-94],[105,85],[166,-33],[125,67],[116,16],[73,-30],[68,33],[-125,37],[-154,-39],[-19,27],[-4,-32],[-79,20],[-56,25],[78,33],[-66,47],[48,-51],[-84,-35],[42,-38],[-217,-76],[-18,57],[-1,-25],[-47,29],[49,24],[-55,32],[-72,-12],[-22,37],[97,-4],[25,-38],[87,33],[35,-39],[39,13],[-90,35],[35,22],[-42,-18],[-18,30],[-143,17],[-3,58],[-43,-20],[-46,50],[43,42],[-55,25],[214,-32],[-173,54],[21,22],[117,-34],[86,61],[16,-68],[23,24],[64,-24],[-9,59],[101,-10],[22,39],[-43,17],[67,-12],[14,37],[145,-153],[-15,77],[-81,58],[123,44],[-10,-74],[176,-62],[101,-114],[59,4],[6,69],[107,-10],[61,31],[-53,27],[61,79],[207,-72],[15,-61],[184,-13],[-77,62],[53,16],[-97,97],[-96,27],[21,-28],[-131,-6],[48,45],[-114,-4],[18,62],[-45,29],[-54,-16],[75,45],[77,-41],[35,87],[35,-26],[22,38],[81,-26],[70,59],[178,-26],[26,-32],[-47,-60],[94,64],[176,-155]],[[92094,16817],[98,57],[157,-46],[628,-214],[-34,128],[162,79],[59,120],[89,-1],[174,-125],[297,24],[40,125],[252,83],[82,90],[230,-23],[116,41],[24,97],[86,46],[237,38],[170,76],[148,-106],[255,-27],[72,-51],[36,-105],[296,-87],[125,-127],[-22,-38]],[[95871,16871],[190,-41],[118,75],[140,-21],[-97,72],[0,68],[-175,100],[-168,195],[-128,79],[6,35],[-306,144],[-52,68],[-61,-11],[3,52],[-151,14],[-23,-41],[-22,70],[-71,-30],[37,34],[-94,39],[-10,73],[-52,-3],[18,49],[-110,115],[36,34],[-46,42],[-71,-8],[-70,200],[-295,237],[8,131],[-39,33],[85,36],[78,228],[-102,168],[24,275]],[[94471,19382],[-395,-132],[-76,-160],[-17,51],[-176,64],[-90,251],[-112,88],[-125,-2],[-118,52],[-137,-58],[96,-158],[-238,-222],[1,-82],[94,-99],[-190,-291],[-145,26],[-62,49],[-330,16],[-37,-85],[-65,-32],[8,-84],[-116,-30],[-176,65],[-366,-81],[-57,21],[-134,-119],[33,-45],[-45,-74],[-119,18],[-108,102],[5,43],[-125,45],[-60,28],[-140,-20],[-28,-42],[41,-71],[-136,-45],[-92,29],[-46,-83],[-120,-58],[42,-60],[-74,-74],[9,-58],[-125,-50],[-12,-70],[-133,-90],[87,-36],[-16,-114]],[[94471,19382],[404,196],[250,-21],[244,55],[90,75],[29,37],[-82,111],[-152,103],[20,41],[-50,45],[37,47],[85,86],[118,30],[20,144],[-44,104],[75,147],[333,-47],[231,56],[51,273],[-84,44],[283,78],[35,110]],[[96364,21096],[-276,199],[-259,70],[-306,-4],[-41,72],[56,183],[-106,53],[-24,141],[52,79],[-137,143],[-140,55],[-83,-27],[26,-198],[-255,-282],[110,-141],[-57,-331],[-59,-9],[-25,-166],[-65,-27],[15,-161],[-157,-133],[66,-131],[-27,-72],[-158,-54],[-191,72],[-343,-55],[-80,41],[-146,7],[-18,77],[-124,56],[-238,-30],[-105,-82],[-65,33],[-81,-11],[-41,-43],[-71,1],[-79,-85],[-260,-2],[-250,-189],[-72,38],[-102,159],[-170,93],[-19,323],[-56,102],[-54,46],[-138,26]],[[91811,20932],[-157,46],[-131,4],[-35,86],[-198,80],[9,26],[-78,5],[-27,103],[-67,28],[-138,12],[-8,-56],[-112,-15],[-52,58],[-419,22],[-157,57],[-39,-240],[-433,-73],[-35,-68],[-160,-59],[-39,-55],[-53,6],[-202,-192]],[[92094,16817],[-111,12],[45,-56],[183,-36],[-29,-54],[84,-94],[-163,83],[188,-179],[-6,-35],[-76,16],[84,-52],[-35,-52],[87,-2],[-48,40],[56,10],[262,-156],[82,60],[82,-2],[-39,62],[52,18],[34,-59],[53,-5],[19,-91],[101,-19],[102,55],[91,-31],[-125,-64],[153,-112],[118,14],[-16,-47],[179,-77],[129,-137],[158,-55],[37,-80],[-48,-75],[76,-79],[118,8],[17,33],[-136,62],[-7,46],[146,-18],[132,-6],[144,63],[168,-66],[32,-70],[-40,-32],[71,-51],[-100,-16],[10,82],[-85,-18],[37,34],[-73,78],[18,-52],[-121,-58],[2,-36],[125,-41],[121,-30],[13,-44],[202,-45],[80,65],[98,114],[-35,69],[101,34],[-88,73],[170,197],[289,-177],[100,48],[67,102],[-138,83],[-82,287],[92,18],[260,292],[71,-38],[93,50],[12,109],[121,87],[13,97]],[[82347,13650],[24,58],[144,18],[193,172],[244,-47],[2,116],[129,71],[216,-39],[187,62],[213,-81],[50,48],[202,-68],[195,82],[37,102],[155,79],[233,-68],[42,69],[134,29],[110,115],[112,-104],[97,1],[-6,79],[144,197],[98,8],[1,31],[106,7],[31,34],[35,-24],[22,55],[206,74],[215,-121],[308,3],[255,63],[87,133],[208,110],[79,92],[56,-5],[340,237],[87,39],[-8,44],[-111,127],[17,61],[-204,121],[26,63],[36,70],[-97,-21],[-154,81],[-161,208],[91,116],[111,-10],[72,54],[215,-88],[78,32],[18,116],[-201,113],[52,92],[74,14],[10,115],[167,-90],[188,-40],[146,-125],[94,-7],[150,-83],[170,121]],[[85700,18691],[-88,-54],[13,30],[-159,44],[26,61],[-69,-3],[-65,-65],[9,-114],[65,-27],[-121,-113],[-217,-111],[83,-193],[-146,-147],[0,-158],[134,-61],[6,-222],[158,-57],[-67,-37],[-17,-66],[-133,-60],[10,-53],[-64,-50],[-123,17],[-131,247],[-224,139],[-61,8],[-64,-48],[-79,56],[-207,-88],[-92,11],[-92,93],[-197,-63],[-12,229],[-343,209],[-84,96],[-81,-26],[-186,50],[-292,127],[-256,-207],[-111,-34],[-185,38],[-251,-73],[-37,-44],[-160,-8],[-256,-127]],[[86884,21688],[-63,40],[-25,121],[97,53],[84,-29],[178,88],[103,155],[-1,98]],[[92154,27357],[61,-81],[113,-51],[517,8],[-9,-127],[175,-61],[129,-16],[223,40],[92,-26],[60,-209],[98,-15],[-74,-56],[119,-116],[-154,-65],[15,-133],[41,-32],[133,1],[-21,-112],[75,-33],[-192,-100],[46,-48],[-57,-58],[-17,-135],[135,-75],[335,-45],[52,-52],[136,-19],[69,-143],[204,-123],[-46,-130],[96,-59],[-29,-64],[142,-98],[53,-116],[-31,-108],[-130,-65],[-22,-44],[63,-83],[-164,-147],[-19,-79],[-173,23],[-122,113],[-107,9],[-30,43],[-248,44],[-67,-17],[-109,-145],[-189,73],[-117,-51],[-169,32],[-275,-123],[-5,-98],[153,-165],[312,-43],[-6,-95],[163,-153],[47,-154],[-4,-131],[-50,-62],[-146,-61],[28,-176],[-51,-127],[-190,-85],[-49,-210],[-446,-281],[-181,-41],[-99,14],[-217,-101],[-58,33],[-200,-88],[-74,49],[-105,-147],[48,-105],[-117,-34],[-73,-113],[42,-85],[-34,-87],[66,-87],[-43,-54],[73,-320],[68,-30],[108,42],[101,-26],[59,-112],[153,-51],[21,-45],[-140,-115],[-108,-207]],[[96364,21096],[129,11],[123,226],[163,10],[86,73],[173,24],[29,98],[153,14],[11,71],[146,90],[-235,328],[79,130],[120,50],[87,91],[-77,113],[60,55],[97,-5],[-6,54],[57,29],[1070,24],[-36,57],[-118,45],[-78,187],[79,53],[98,-5],[3,49],[-126,36],[-172,149],[-33,132],[-69,16],[37,105],[-107,71],[21,28],[-148,34],[-70,71],[-145,6],[-79,119],[-61,-4],[-196,157],[123,152],[-56,2],[-98,99],[2,193],[77,69],[172,19],[78,214],[142,63],[46,75],[-263,77],[-63,53],[-124,-32],[-157,48],[14,52],[95,-28],[46,123],[-262,120],[-143,-4],[-76,126],[-101,32],[-51,91],[-98,38],[32,149],[129,79],[88,25],[21,-74],[63,17],[37,-37],[193,29],[-7,70],[51,25],[-116,59],[143,68],[114,3],[1,53],[156,-16],[-44,79],[97,116],[-29,94],[109,91],[-41,68],[44,-37],[104,64],[22,-43],[38,70],[-59,13],[73,29],[27,47],[-36,24],[51,14],[-74,27],[89,48],[-22,32],[54,-4],[-36,74],[78,-25],[-77,72],[-1,60],[57,-52],[-14,63],[87,-1],[-66,120],[99,49],[-74,15],[80,47],[-7,48],[-49,6],[67,10],[-42,51],[74,1],[-10,39],[91,30],[-52,29],[66,17],[-94,35],[87,59],[-86,22],[153,94],[-71,68],[91,32],[-31,40],[49,23],[-57,61],[101,9],[-81,13],[51,32],[-52,29],[112,51],[-37,55],[-60,9],[30,70],[-71,-15],[11,68],[52,-24],[20,34],[-157,160],[87,-12],[-19,35],[53,39],[-111,11],[101,95],[-93,9],[17,79],[-48,-32],[-33,23],[94,92],[-56,34],[110,-1],[-57,12],[52,84],[-73,77],[117,118],[-69,68],[102,-3],[-13,85],[-119,9],[107,81],[-142,-14],[-28,29],[61,23],[-38,28]],[[96923,10542],[62,66],[95,24],[-61,154],[42,97],[28,142],[-125,128],[-1,67],[-143,102],[-84,-26],[-91,37],[20,97],[99,8],[40,38],[208,-138],[34,56],[163,23],[128,130],[-126,-191],[80,-14],[65,85],[33,-38],[25,44],[19,-24],[66,110],[-14,31],[49,-9],[-36,40],[90,18],[-53,44],[35,82],[35,39],[-46,27],[-188,-3],[-164,-72],[-2,-60],[-44,-18],[-335,122],[-207,-131],[-165,-15],[59,-63],[-18,-45],[-138,36],[-290,-96],[-265,-29],[-119,-22]],[[97908,11563],[-2,-930],[822,304],[0,154],[-820,472]],[[97746,11561],[-115,40],[66,-100],[66,33],[-17,27]],[[28271,70685],[20,-90],[77,-66],[715,-477],[-135,-269],[59,-111],[215,-205],[-25,-69],[55,-72],[296,-169],[-34,-63],[123,-50],[-30,-30],[59,-9],[26,43],[97,-31],[71,56],[80,-13],[-1,64],[64,-29],[135,65],[-62,43],[52,26],[130,0],[55,-40],[58,24],[98,-42],[35,27],[123,-58],[30,45],[81,-20],[2,34],[73,8],[149,-117],[-27,-23],[44,-38],[85,-16],[12,40],[62,-8],[-21,-48],[71,26],[30,-58],[-60,-3],[47,-15],[103,29],[-6,-76],[74,17],[86,-157],[62,31],[140,-73],[-3,68],[64,-51],[64,46],[35,-22],[-49,-38],[70,4],[48,-58],[45,42],[-18,-62],[117,9],[-39,-21],[74,-54],[-60,-37],[92,-18],[13,31],[-2,-46],[51,0],[28,-150],[-71,14],[18,-71],[53,8],[-2,-47],[54,-10],[-43,-19],[65,-23],[-29,-75],[-45,0],[10,-54],[114,-22],[-45,-1],[55,-62],[44,19],[97,-67],[-49,-68],[107,-23],[46,-51],[-24,-37],[108,22],[52,-18],[0,-41],[90,42],[38,-24],[37,44],[66,-24],[-6,40],[36,-44],[57,24],[-17,-77],[42,-17],[-76,-32],[62,-13],[-42,-16],[42,-43],[-68,-28],[72,1],[-45,-62],[27,-44],[-46,17],[-18,-82],[-54,0],[50,-29],[-25,-22],[49,2],[-40,-15],[28,-95],[-52,-7],[93,-97],[-12,-29],[-45,28],[-4,-71],[66,-55],[33,39],[21,-79],[-71,8],[17,-66],[-22,-53],[44,-35],[47,31],[-4,-60],[54,-16],[-34,-29],[70,-23],[0,-41],[-56,-39],[89,-85],[-68,-149],[31,-75],[-226,-34],[-71,-85],[-124,-45],[-154,0]],[[32990,65529],[142,-128],[12,-79],[92,-56],[142,64],[251,-110],[109,-13],[64,40],[297,-58],[122,31],[72,110],[78,23],[98,-78],[53,2]],[[34522,65277],[142,70],[-76,164],[-219,174],[142,230],[75,-23],[242,19],[102,-36],[123,100],[142,26],[253,-112]],[[35448,65889],[155,222],[-27,231],[-80,10],[-17,52],[23,121],[-66,88],[-11,236],[-76,53],[-207,34],[-81,67],[145,73],[19,96],[113,99],[234,-6],[59,47],[46,-27],[152,30],[204,76],[52,64]],[[37321,58221],[-118,-97],[-142,-237],[115,-150],[-160,-284],[37,-64],[-41,-68],[172,12],[74,-121],[-36,-95],[-113,-79],[-27,-207],[100,-60],[5,-167],[59,5],[63,-75],[172,-22],[111,55],[210,-87],[132,-127],[506,-132],[56,-98],[144,-26],[298,-229],[127,-49],[17,-94],[71,-4],[95,55],[63,-30],[135,-85],[-62,-95],[22,-155],[234,-16],[49,-62],[292,54],[53,-36],[175,5],[33,-135],[108,-41],[88,-101],[62,-182],[228,-72],[114,-253],[147,-108],[36,92]],[[40904,60871],[-125,45],[16,276],[-50,100],[46,132],[-112,121],[-300,14],[-120,41],[-94,-22],[-159,72],[-132,-26],[-173,48],[-139,-19],[-121,95],[-366,147],[-206,8],[-114,-32],[-25,107],[-41,-67],[-138,41],[-74,0],[-27,-43],[-78,22],[19,75],[-31,23],[-44,-36],[-50,65],[-29,-48],[-41,46],[-67,-44],[-60,137],[-164,-33],[33,71],[-70,8],[12,60],[-79,-10],[-73,41],[43,0],[-19,32],[-49,59],[88,81],[189,43],[45,89],[292,182],[-22,160],[88,30],[-292,156],[-22,166],[-166,201]],[[37903,63485],[-84,-128],[-477,-249],[-56,61],[-148,40],[-495,-186],[-108,59],[-293,-19]],[[36242,63063],[2,-54],[197,-343],[221,-225],[373,-381],[-59,-94],[-95,-30],[168,-182],[-41,-29],[56,-62],[-6,-169],[-13,-49],[-122,-20],[-165,-139]],[[36758,61286],[284,-116],[-17,-62],[169,-259],[-80,-130],[94,-74],[86,13],[57,-75],[82,-8],[-6,-51],[107,-54],[93,-126],[-96,-161],[43,-36],[8,-150],[-77,-115],[78,-60],[-33,-105],[86,-148],[-53,-108],[95,-151],[-37,-321],[-135,-49],[22,-125],[-66,-161],[93,-73],[18,-190],[-91,-113],[-114,-12],[-47,-45]],[[36242,63063],[-17,67],[-258,187],[-132,152],[41,151],[-34,61],[-86,231],[-124,107],[-233,429],[-253,233],[-31,74],[-109,68],[-236,49],[-185,176],[-63,229]],[[31973,65345],[91,14],[95,-32],[241,-171],[176,-2],[7,-64],[101,-29],[66,-70],[25,-120],[111,-82],[13,-80],[279,-40],[193,-161],[315,-160],[93,9],[-22,-153],[-118,-40],[-87,-194],[105,-42],[40,-119],[123,-53],[127,-206],[-109,-92],[90,-199],[-27,-87],[139,-116],[23,-114],[-37,-60],[71,-30],[-3,-85],[133,-241],[177,-190],[59,-267],[63,-64],[324,-28],[65,-45],[-29,-43],[76,-73],[-5,-86],[-67,-41],[29,-70],[-39,-105],[174,-46],[83,89],[156,54],[84,-176],[252,-395],[84,-10],[139,66],[-11,131],[49,49],[158,-6],[325,176],[154,-15],[130,68],[100,-136],[-10,-72],[11,-5]],[[35448,65889],[-70,-446],[97,-119],[405,-162],[380,-7],[139,-44],[119,11],[15,56],[112,-58],[110,-224],[97,-112],[17,-150],[110,-27],[10,-39],[-52,-44],[45,-65],[210,-133],[133,-108],[352,-25],[116,-78],[26,-85],[-165,-154],[-23,-99],[270,-115]],[[37901,63662],[340,-9],[195,80]],[[38436,63733],[227,89],[155,153],[270,94],[-218,101],[-81,97],[-111,51],[57,60],[-168,113],[-165,56],[35,81],[-124,39],[-51,79],[-104,39],[105,18],[151,122],[123,314],[81,21],[113,122],[288,-92],[131,243],[78,60],[307,-137],[372,-339],[181,-28],[115,67],[138,-43],[240,-1],[30,-176],[-134,-83],[117,-42],[-39,-27],[33,-60],[176,-43],[47,42],[179,-5],[156,128],[224,-12],[109,32],[500,-143],[64,20],[158,-25],[78,59],[119,-10],[100,143],[143,4],[51,34],[33,-22],[96,21],[-45,126],[-34,101],[-120,87],[53,76],[-59,54],[17,67],[-388,323],[-42,79],[48,130],[306,283],[37,205],[103,89],[-3,110]],[[37903,63485],[-2,177]],[[33605,56309],[-45,257],[-225,224],[117,201],[-46,90],[24,135],[115,139],[175,56],[41,67],[222,106],[117,17],[513,-158],[320,-173],[38,-76],[142,-55],[55,-87],[118,26],[3,-34],[190,-11],[79,-67],[164,-8],[268,112],[15,42],[40,-10],[78,102],[170,-3],[73,73],[-61,53],[-39,142],[-93,27],[-36,88],[61,51],[-117,-19],[-97,76],[55,63],[-109,-12],[36,69],[126,11],[-154,90],[9,57],[123,35],[112,-56],[162,28],[227,-15],[283,60],[188,217],[113,-29],[166,11]],[[41635,63018],[-139,51],[-275,397],[63,76],[-204,85],[-44,62],[-232,-104],[-220,-7],[-96,-101],[-11,-130],[-157,-90],[-321,-26],[-76,168],[-56,268],[-381,63],[-220,-48],[-254,60],[-201,-63],[-63,48],[-312,6]],[[93567,4839],[-153,148],[-247,75],[-59,77],[-486,43],[-82,49],[-125,-137],[-320,28],[-84,-89],[-196,-78],[83,-77],[-152,-82],[-66,-9],[-144,77],[-383,22],[-179,-30],[-217,36],[-109,-28],[13,-61],[-103,-99],[5,-43],[20,-50],[-201,-218],[-29,-209],[-436,-30],[-95,68],[-115,-71],[-75,25],[-42,-51],[-104,-21],[-91,-96],[-136,-47],[56,-90],[-61,-71],[-41,-36],[-169,-23],[-105,-157],[-137,-89],[-176,-77],[-45,-109],[-129,-109],[-165,-43],[-415,-17],[-23,2],[-64,94],[375,354],[11,173],[71,134],[-67,72],[14,145],[-85,-11],[-72,62],[-440,-20],[-268,74],[-170,96],[-50,126],[-123,-7],[-77,106],[-152,59],[-107,262]],[[86645,4861],[-366,-19],[-94,-74],[-197,-33],[-140,-175],[-490,-161],[-785,-606],[-388,-249],[-184,-75],[-134,-286],[-146,-55],[-345,-219],[-368,-390],[-127,-23],[-130,-97],[-189,-302],[-207,-52]],[[82355,2045],[55,-93],[-41,-87],[588,-170],[12,-53],[93,-10],[310,-146],[56,-74],[185,-87],[4,-57],[97,-27],[69,-79],[229,-129],[591,-215],[215,-85],[758,-310],[825,-423],[180,135],[217,73],[312,26],[707,-77],[375,20],[781,271],[556,-8],[155,41],[471,333],[367,200],[325,277],[478,691],[42,241],[-233,195],[-149,250],[-34,546],[-172,101],[4,314],[199,219],[1031,-75],[899,464],[656,387],[-1,215]],[[80384,2891],[267,-120],[73,-135],[296,-28],[50,-38],[181,-25],[161,43],[389,-184],[131,-17],[61,-85],[80,14],[15,-60],[109,-19],[-20,-63],[132,-60],[46,-69]],[[86645,4861],[-37,59],[-391,154],[-33,72],[12,69],[310,117],[-382,148],[-201,70],[-123,78],[-11,107],[-933,582]],[[93567,4839],[8,498],[-851,442],[-521,29]],[[88795,7186],[-31,-71],[57,-181],[-112,-70],[-107,-244],[13,-269],[76,-45],[-118,-22],[18,-94],[-124,-108],[55,-32],[112,-269],[-150,-125],[-127,-22],[-108,26],[-109,-40],[-179,18],[-312,-127],[-56,-88],[-144,-5],[-109,-63],[-55,-97],[-79,-7],[-70,-46],[47,-59],[-115,-6],[-423,-279]],[[7490,81128],[-329,-100],[-27,35],[75,25],[-12,30],[-119,-12],[47,35],[-28,11],[-98,-26],[332,47],[-219,-6],[-270,-101],[24,31],[-172,-19],[69,-14],[-153,39],[-26,-25],[22,28],[89,-15],[-88,24],[-51,-36],[-1,24],[-459,-582],[-196,-158],[-192,-14]],[[5708,80349],[43,-55],[-45,-30],[6,-95],[76,-23],[-26,-39],[173,-146],[-38,-103],[211,-35],[14,-211],[-53,-65],[-148,-7],[-102,-235],[34,-39],[312,2],[55,-44],[-13,-131],[-72,-84],[82,-90],[134,-50],[-81,-113],[27,-168],[75,-107],[-60,-131],[102,-98],[-82,-44],[-108,0],[-138,-125],[-65,-228],[-109,-92],[-37,-154],[-106,-50],[-123,-130],[-182,-41],[-70,-141],[-174,-54]],[[6634,77914],[115,31],[-8,97],[-48,26],[70,37],[24,71],[133,22],[-41,72],[87,11],[-22,32],[53,22],[-39,49],[127,41],[45,-38],[206,88],[168,-51],[99,41],[92,-69],[112,14],[118,-104],[202,-33],[282,98],[63,107],[143,93],[-33,31],[43,45],[143,-45],[285,171]],[[9053,78773],[-127,52],[-5,46],[-87,-6],[-32,35],[-162,-19],[-82,46],[-121,-25],[-40,92],[90,90],[-43,235],[-372,290],[47,83],[-30,234],[53,248],[-133,140],[-38,-9],[-193,110],[0,11],[-288,702]],[[5708,80349],[-170,-137],[-239,-25],[-88,-54],[-125,-15],[-340,-171],[-213,-41],[-265,-163],[-327,-487],[-23,-187],[-82,-56],[-964,-421],[-68,-97],[-111,-44],[-179,-291],[-255,-245]],[[9053,78773],[127,18],[54,51],[139,1],[105,101],[-3,35],[-46,-11],[-202,111],[6,60],[51,22],[-92,148],[21,138],[-124,53],[-71,95],[-59,-1],[6,147],[70,-14],[-43,42],[63,12],[-35,40],[36,-9],[1,42],[-146,210],[88,98],[19,132],[-11,99],[-75,19],[-9,43],[71,106],[-190,41],[-50,92],[51,18],[15,65],[41,36],[-45,62],[37,36],[-72,51],[37,30],[-50,42],[16,54],[-104,1],[-35,68],[-99,19],[46,47],[-8,86],[153,87],[-37,68],[-247,108],[-261,15],[-226,156],[45,-114],[-109,-202],[-357,-251],[-183,-35],[128,-13]],[[46352,55377],[294,-183],[194,41],[119,-49],[340,-15],[482,-86],[230,112],[196,16],[117,-94],[148,0],[92,-53],[171,12],[69,-45],[80,-1],[17,43],[153,0],[229,-46],[324,-212],[109,-274],[133,-71],[46,-48],[-96,-43],[30,-76],[-139,-56],[72,-170],[33,15],[28,-47],[-34,-18],[66,-24],[-25,-71],[55,-20],[48,-150],[95,-37],[-7,-42],[83,-18],[137,-233],[94,-40],[-12,-42],[82,-62],[-22,-64],[-75,-29],[-120,-306],[199,-306],[-37,-76],[30,-159],[-112,-147],[-75,-149],[92,-246]],[[54562,45854],[407,288],[12,46],[-131,119],[45,126],[251,-98],[41,31],[-2,120],[106,60],[23,140],[170,-27],[61,90],[271,100],[293,-8],[239,43],[154,201],[174,131],[114,11],[206,-53],[300,37],[-29,103],[158,162],[502,119],[205,133],[444,30],[221,48],[460,365],[414,-7],[169,-51],[417,69],[237,-101],[-38,-141],[188,-111],[254,-284],[320,-76],[255,-280],[146,-30],[382,-195],[80,-245],[498,-143],[186,-19],[-22,-124],[39,-74],[483,-172],[205,-247],[120,-77],[368,-108],[21,-153],[249,-99],[-78,-160],[18,-172],[120,-81],[194,213],[24,92],[386,149],[35,129],[147,-7],[104,102],[-209,110],[-71,128],[-72,30],[-21,98],[131,69],[-26,73],[-503,72],[-269,-36],[-85,90],[-146,32],[3,58],[76,53],[-93,72],[3,106],[-74,41],[-69,206],[34,105],[-82,117],[-109,42],[-74,93],[71,29],[-41,80],[187,5],[108,40],[127,-40],[30,57],[-75,112],[60,81],[32,225],[105,44],[-22,124],[105,103],[-142,248],[110,101],[-87,101],[106,97],[-72,83]],[[64124,48817],[-25,31],[136,48],[-44,55],[24,129],[95,45],[58,-30],[166,35],[2,95],[113,33],[19,67],[140,6],[97,50],[-47,179],[102,33],[165,189],[86,41],[206,-42],[101,79],[113,-11],[48,147],[-70,2],[-110,94],[112,21],[64,74],[107,-8],[183,76],[0,28],[69,0],[-15,54],[108,70],[51,148],[-77,125],[52,91],[-26,112],[-131,114],[175,149],[-214,21],[-250,347],[-90,-5],[-65,39],[-140,-27],[-172,57],[-96,237],[-71,11],[19,99],[-143,32],[-128,93],[-21,191],[-157,97],[-48,93],[37,57],[-247,223],[-294,58],[-402,-14],[-81,104],[-151,38],[-120,176],[-93,1],[-59,114],[-135,-55],[-36,23],[-25,80],[71,378],[51,54],[-24,268],[-314,7],[-36,49],[-94,-35],[-147,212],[-118,-18],[-155,50],[-347,225],[-276,63],[-12,69],[-165,73],[129,140],[-89,133],[89,142],[-289,138],[-193,25],[127,94],[-138,146],[-54,177],[88,196],[-330,388],[75,127],[-176,152],[-228,-36],[-108,89],[5,70],[-80,47],[-68,-5],[-45,118],[-167,-61],[-30,72],[-137,29],[60,96],[-114,24],[-138,88],[56,76],[78,16],[-83,143],[34,31],[25,-56],[109,-1],[71,-43],[115,35],[137,-20],[192,90],[4,427],[-81,80],[-179,32],[-25,101],[-152,-13],[-58,63],[-476,107],[-64,-31],[-78,19],[-21,84],[-108,45],[-24,138],[-125,-58],[-91,8],[-81,96],[-187,100],[51,38],[40,162],[-175,38],[-373,176],[-159,16],[-35,148]],[[72133,40093],[-71,24],[-175,-47],[-187,162],[-174,64],[-209,-7],[-189,-57],[-150,82],[-119,-7],[-108,42],[-297,160],[-22,92],[-144,53],[-84,110],[12,132],[-71,105],[-277,140],[-95,136],[23,134],[115,93],[-1,187],[59,47],[8,175],[100,204],[313,-61],[8,92],[136,207],[-35,110],[106,147],[-15,54],[-226,117],[-434,40],[290,106],[62,95],[-28,155],[-226,151],[-69,121],[-130,84],[-5,69],[101,90],[-104,98],[40,163],[223,254],[205,119],[401,109],[28,71],[231,119],[732,-55],[103,140],[580,-6],[104,135],[-31,224],[44,44],[-172,78],[-208,295],[-4,84],[74,38]],[[72171,45604],[25,78],[145,34],[70,71],[-3,34],[-92,35],[49,62],[-146,62],[71,120],[115,18],[22,93],[95,75],[-97,15],[-48,201],[-67,27],[89,180],[-280,105],[-220,-3],[-130,91],[-76,6],[-37,56],[-137,-1],[66,93],[-34,118],[107,293],[-118,92],[60,139],[-124,-25],[-156,97],[42,345],[-139,36],[-91,-63],[-52,6],[-131,123],[-57,4],[16,74],[-130,68],[-46,-12],[-41,39],[-53,-30],[-93,15],[-166,83],[-150,-47],[-113,48],[-109,-70],[-365,51],[-37,-30],[-83,7],[-27,-36],[-178,132],[-95,-18],[-22,24],[-34,-36],[-52,69],[-75,-23],[4,45],[-56,-22],[-213,59],[-71,-24],[-62,61],[-122,1],[-93,-54],[-100,77],[-73,-10],[-44,34],[-99,-32],[-30,56],[-40,-25],[-60,20],[-37,98],[-3819,4]],[[84530,46294],[-67,112],[-6,180],[117,103],[137,-10],[34,94],[69,43],[144,-64],[108,59],[73,71],[-23,84],[54,27],[-19,60],[78,106],[-46,10],[-91,182],[-82,64],[-107,4],[-143,145],[-107,182],[81,50],[23,44],[-49,21],[44,59],[-111,63],[4,44],[80,39],[13,-100],[87,19],[82,-52],[85,7],[-8,61],[-101,36],[40,74],[-52,42],[225,-26],[24,43],[-66,26],[25,60],[104,-8],[-3,66],[75,-11],[65,69],[63,-64],[14,45],[-137,108],[-28,84],[65,14],[23,-43],[70,18],[-53,85],[123,37],[-6,87],[-109,1],[-122,-74],[-6,51],[-93,-51],[-63,57],[-25,-43],[-76,0],[-20,31],[-71,-20],[4,-35],[-31,22],[-117,-59],[-53,24],[-4,-91],[-120,10],[-35,-102],[-58,30],[-68,-53],[-30,-117],[-52,30],[-84,-23],[13,-66],[-93,-74],[-23,36],[-108,-82],[-55,10],[-124,-74],[-98,-5],[-88,-52],[25,-37],[-55,-38],[-67,62],[-98,-8],[-69,-129],[18,-110],[-84,19],[17,-34],[-161,-40],[-57,-132],[-294,-44],[-44,18],[-16,-72],[-114,6],[-125,-52],[-92,-126],[-61,-7],[-71,-78],[-7,-58],[-205,-149],[-227,-4],[-68,-60],[-18,23],[-229,-252],[-12,-121],[-452,8],[-58,-49],[-144,-16],[-200,-140],[-296,-20],[-248,-183],[-60,-151],[-84,-15],[-25,-114],[-99,-26],[-34,-102],[-87,-25],[-258,37],[-7,-74],[-246,-51],[-46,22],[-56,-57],[-112,4],[-240,135],[-67,-55],[9,-45],[-78,8],[-118,-90],[-6354,2]]],"bbox":[-81.3282,-18.3509,-68.6531,-0.0388],"transform":{"scale":[0.00012675226752267523,0.0001831228312283123],"translate":[-81.3282,-18.3509]}}