{"type":"Topology","objects":{"distritos":{"type":"GeometryCollection","geometries":[{"type":"MultiPolygon","arcs":[[[0,1,2,3,4,5,6]]],"properties":{"ubigeo":"090203","nombre":"Anta","region":"09"}},{"type":"MultiPolygon","arcs":[[[7,8,9,10,11,12,13,14,15]]],"properties":{"ubigeo":"010101","nombre":"Chachapoyas","region":"01"}},{"type":"MultiPolygon","arcs":[[[16,17,18,19,20,21,22]]],"properties":{"ubigeo":"010106","nombre":"Chuquibamba","region":"01"}},{"type":"MultiPolygon","arcs":[[[23,24,25,26,27,28,29,30,31]]],"properties":{"ubigeo":"010301","nombre":"Jumbilla","region":"01"}},{"type":"MultiPolygon","arcs":[[[32,33,34,35,36,37,38]]],"properties":{"ubigeo":"010503","nombre":"Cocabamba","region":"01"}},{"type":"MultiPolygon","arcs":[[[39,40,41,-23,42,43]]],"properties":{"ubigeo":"010110","nombre":"Leimebamba","region":"01"}},{"type":"MultiPolygon","arcs":[[[44,45,46,47,48]]],"properties":{"ubigeo":"050304","nombre":"Santiago de Lucanamarca","region":"05"}},{"type":"MultiPolygon","arcs":[[[49,50,51,52]]],"properties":{"ubigeo":"010119","nombre":"San Isidro de Maino","region":"01"}},{"type":"MultiPolygon","arcs":[[[53,54,55,56,57]]],"properties":{"ubigeo":"050507","nombre":"Santa Rosa","region":"05"}},{"type":"MultiPolygon","arcs":[[[58,59,60,61,62,63,-55,64]]],"properties":{"ubigeo":"050508","nombre":"Tambo","region":"05"}},{"type":"MultiPolygon","arcs":[[[-64,65,66,67,68,-56]]],"properties":{"ubigeo":"050509","nombre":"Samugari","region":"05"}},{"type":"MultiPolygon","arcs":[[[69,-67,70,71,72,73,74]]],"properties":{"ubigeo":"050510","nombre":"Anchihuay","region":"05"}},{"type":"MultiPolygon","arcs":[[[75,76,77,78,79,80,81]]],"properties":{"ubigeo":"050511","nombre":"Oronccoy","region":"05"}},{"type":"MultiPolygon","arcs":[[[82,83,84]]],"properties":{"ubigeo":"210902","nombre":"Conima","region":"21"}},{"type":"MultiPolygon","arcs":[[[85,-15,86,87,88,89,90]]],"properties":{"ubigeo":"010121","nombre":"Sonche","region":"01"}},{"type":"MultiPolygon","arcs":[[[91,92,93,94,95,96]]],"properties":{"ubigeo":"010512","nombre":"Ocalli","region":"01"}},{"type":"MultiPolygon","arcs":[[[97,98,99,-24,100,101]]],"properties":{"ubigeo":"010306","nombre":"Florida","region":"01"}},{"type":"MultiPolygon","arcs":[[[102,103,104,105,106]]],"properties":{"ubigeo":"211210","nombre":"San Pedro de Putina Punco","region":"21"}},{"type":"MultiPolygon","arcs":[[[107,108,109,110,111,112,113]]],"properties":{"ubigeo":"220304","nombre":"Santa Rosa","region":"22"}},{"type":"MultiPolygon","arcs":[[[114,115,-102,116,117,118,119,120]]],"properties":{"ubigeo":"010312","nombre":"Yambrasbamba","region":"01"}},{"type":"MultiPolygon","arcs":[[[121,122,123,-97,124,125,126]]],"properties":{"ubigeo":"010505","nombre":"Conila","region":"01"}},{"type":"MultiPolygon","arcs":[[[127,128,129,130,131,132,133,134,135]]],"properties":{"ubigeo":"150901","nombre":"Oyon","region":"15"}},{"type":"MultiPolygon","arcs":[[[136,137,138,139,140,141,142,143,144,145,146,147]]],"properties":{"ubigeo":"010612","nombre":"Vista Alegre","region":"01"}},{"type":"MultiPolygon","arcs":[[[148,149,150,151,152,153,154,155]]],"properties":{"ubigeo":"010701","nombre":"Bagua Grande","region":"01"}},{"type":"MultiPolygon","arcs":[[[156,157,-154,158,159,-98,-116,160,161]]],"properties":{"ubigeo":"010702","nombre":"Cajaruro","region":"01"}},{"type":"MultiPolygon","arcs":[[[162,-37,163,-41,164,165]]],"properties":{"ubigeo":"010517","nombre":"San Francisco del Yeso","region":"01"}},{"type":"MultiPolygon","arcs":[[[166,167,168,169,170,171,172]]],"properties":{"ubigeo":"010518","nombre":"San Jeronimo","region":"01"}},{"type":"MultiPolygon","arcs":[[[173,174,175,176,177,178,179,180,181]]],"properties":{"ubigeo":"020101","nombre":"Huaraz","region":"02"}},{"type":"MultiPolygon","arcs":[[[182,183,184,185,186,187]]],"properties":{"ubigeo":"010522","nombre":"Tingo","region":"01"}},{"type":"MultiPolygon","arcs":[[[188,189,190,191,192]]],"properties":{"ubigeo":"010602","nombre":"Chirimoto","region":"01"}},{"type":"MultiPolygon","arcs":[[[193,194,-51,195,196,197,198,199]]],"properties":{"ubigeo":"010603","nombre":"Cochamal","region":"01"}},{"type":"MultiPolygon","arcs":[[[200,201,202,203,-191,204,205,-198]]],"properties":{"ubigeo":"010605","nombre":"Limabamba","region":"01"}},{"type":"MultiPolygon","arcs":[[[-200,206,207,208,209]]],"properties":{"ubigeo":"010606","nombre":"Longar","region":"01"}},{"type":"MultiPolygon","arcs":[[[210,211,212,-174,213,214,215]]],"properties":{"ubigeo":"020105","nombre":"Independencia","region":"02"}},{"type":"MultiPolygon","arcs":[[[216,217,218,-180]]],"properties":{"ubigeo":"020108","nombre":"Olleros","region":"02"}},{"type":"MultiPolygon","arcs":[[[219,220,221,222,223,224,225]]],"properties":{"ubigeo":"020109","nombre":"Pampas Grande","region":"02"}},{"type":"MultiPolygon","arcs":[[[226,227,228,-225,229,230,231,232]]],"properties":{"ubigeo":"020110","nombre":"Pariacoto","region":"02"}},{"type":"MultiPolygon","arcs":[[[233,234,235,236,237]]],"properties":{"ubigeo":"020301","nombre":"Llamellin","region":"02"}},{"type":"MultiPolygon","arcs":[[[238,239,240,241,242,243,244]]],"properties":{"ubigeo":"020302","nombre":"Aczo","region":"02"}},{"type":"MultiPolygon","arcs":[[[245,246,247,-239]]],"properties":{"ubigeo":"020306","nombre":"San Juan de Rontoy","region":"02"}},{"type":"MultiPolygon","arcs":[[[248,249,250,251,252,253,254,255]]],"properties":{"ubigeo":"020501","nombre":"Chiquian","region":"02"}},{"type":"MultiPolygon","arcs":[[[256,-256,257,258,259,260]]],"properties":{"ubigeo":"020504","nombre":"Aquia","region":"02"}},{"type":"MultiPolygon","arcs":[[[261,262,263,264,265,266,267,-250,268]]],"properties":{"ubigeo":"020505","nombre":"Cajacay","region":"02"}},{"type":"MultiPolygon","arcs":[[[269,270,271,272,273,274,275]]],"properties":{"ubigeo":"020507","nombre":"Colquioc","region":"02"}},{"type":"MultiPolygon","arcs":[[[276,277,-259,278,279,280,281,282,283,284]]],"properties":{"ubigeo":"020508","nombre":"Huallanca","region":"02"}},{"type":"MultiPolygon","arcs":[[[-258,-255,285,286,-279]]],"properties":{"ubigeo":"020509","nombre":"Huasta","region":"02"}},{"type":"MultiPolygon","arcs":[[[287,288,289,290,291,292,293,294]]],"properties":{"ubigeo":"020512","nombre":"Mangas","region":"02"}},{"type":"MultiPolygon","arcs":[[[-254,295,-295,296,297,298,-286]]],"properties":{"ubigeo":"020513","nombre":"Pacllon","region":"02"}},{"type":"MultiPolygon","arcs":[[[299,300,301,-233,302,303,304,305,306,307]]],"properties":{"ubigeo":"020601","nombre":"Carhuaz","region":"02"}},{"type":"MultiPolygon","arcs":[[[-306,308,-304,309,310,311,312,313]]],"properties":{"ubigeo":"020606","nombre":"Marcara","region":"02"}},{"type":"MultiPolygon","arcs":[[[314,315,-216,316,-312]]],"properties":{"ubigeo":"020608","nombre":"San Miguel de Aco","region":"02"}},{"type":"MultiPolygon","arcs":[[[317,318,319,320,321,322,323]]],"properties":{"ubigeo":"020701","nombre":"San Luis","region":"02"}},{"type":"MultiPolygon","arcs":[[[324,325,326,327,-220,328,329,330,331]]],"properties":{"ubigeo":"020801","nombre":"Casma","region":"02"}},{"type":"MultiPolygon","arcs":[[[-330,332,333,334]]],"properties":{"ubigeo":"020802","nombre":"Buena Vista Alta","region":"02"}},{"type":"MultiPolygon","arcs":[[[335,336,337,-162,338,339]]],"properties":{"ubigeo":"010205","nombre":"Imaza","region":"01"}},{"type":"MultiPolygon","arcs":[[[340,341,-326]]],"properties":{"ubigeo":"020803","nombre":"Comandante Noel","region":"02"}},{"type":"MultiPolygon","arcs":[[[342,-333,-329,-226,-229,343,344]]],"properties":{"ubigeo":"020804","nombre":"Yautan","region":"02"}},{"type":"MultiPolygon","arcs":[[[345,346,347,348,349,350,351,352,353]]],"properties":{"ubigeo":"020904","nombre":"Cusca","region":"02"}},{"type":"MultiPolygon","arcs":[[[354,355,356,357,358,-349,359]]],"properties":{"ubigeo":"020905","nombre":"La Pampa","region":"02"}},{"type":"MultiPolygon","arcs":[[[-321,360,-313,-317,-215,361,362,363]]],"properties":{"ubigeo":"021001","nombre":"Huari","region":"02"}},{"type":"MultiPolygon","arcs":[[[364,365,366,367,368,369,370]]],"properties":{"ubigeo":"021603","nombre":"Parobamba","region":"02"}},{"type":"MultiPolygon","arcs":[[[-369,371,372,373]]],"properties":{"ubigeo":"021604","nombre":"Quinuabamba","region":"02"}},{"type":"MultiPolygon","arcs":[[[-179,374,375,-217]]],"properties":{"ubigeo":"021701","nombre":"Recuay","region":"02"}},{"type":"MultiPolygon","arcs":[[[376,377,378,379,380,381,382,-269,-249,-257,383]]],"properties":{"ubigeo":"021702","nombre":"Catac","region":"02"}},{"type":"MultiPolygon","arcs":[[[384,385,386,387,-379,388]]],"properties":{"ubigeo":"021703","nombre":"Cotaparaco","region":"02"}},{"type":"MultiPolygon","arcs":[[[389,390,391,-381,392]]],"properties":{"ubigeo":"021704","nombre":"Huayllapampa","region":"02"}},{"type":"MultiPolygon","arcs":[[[-322,-364,393,394,-240,-248,395,396]]],"properties":{"ubigeo":"021003","nombre":"Cajay","region":"02"}},{"type":"MultiPolygon","arcs":[[[397,-181,-219,398,-384,-261,399]]],"properties":{"ubigeo":"021004","nombre":"Chavin de Huantar","region":"02"}},{"type":"MultiPolygon","arcs":[[[400,401,402,403,404,405]]],"properties":{"ubigeo":"021006","nombre":"Huacchis","region":"02"}},{"type":"MultiPolygon","arcs":[[[406,407,-363,408,409,410]]],"properties":{"ubigeo":"021007","nombre":"Huachis","region":"02"}},{"type":"MultiPolygon","arcs":[[[-214,-182,-398,411,-362]]],"properties":{"ubigeo":"021008","nombre":"Huantar","region":"02"}},{"type":"MultiPolygon","arcs":[[[-236,412,413,414,-401,415,416]]],"properties":{"ubigeo":"021010","nombre":"Paucas","region":"02"}},{"type":"MultiPolygon","arcs":[[[417,418,419,-270,420,421,422,423,424]]],"properties":{"ubigeo":"021101","nombre":"Huarmey","region":"02"}},{"type":"MultiPolygon","arcs":[[[425,426,427,428,429]]],"properties":{"ubigeo":"021204","nombre":"Huaylas","region":"02"}},{"type":"MultiPolygon","arcs":[[[430,431,432,433,434,435,436]]],"properties":{"ubigeo":"021206","nombre":"Pamparomas","region":"02"}},{"type":"MultiPolygon","arcs":[[[437,-429,438,439,440,441,442,443]]],"properties":{"ubigeo":"021208","nombre":"Santa Cruz","region":"02"}},{"type":"MultiPolygon","arcs":[[[444,445,-426,446]]],"properties":{"ubigeo":"021209","nombre":"Santo Toribio","region":"02"}},{"type":"MultiPolygon","arcs":[[[-359,447,-444,448,449,-350]]],"properties":{"ubigeo":"021210","nombre":"Yuracmarca","region":"02"}},{"type":"MultiPolygon","arcs":[[[450,451,452,453,454]]],"properties":{"ubigeo":"050608","nombre":"Laramate","region":"05"}},{"type":"MultiPolygon","arcs":[[[455,456,457,458,459,460]]],"properties":{"ubigeo":"050609","nombre":"Leoncio Prado","region":"05"}},{"type":"MultiPolygon","arcs":[[[461,462,463,-451,464,465]]],"properties":{"ubigeo":"050610","nombre":"Llauta","region":"05"}},{"type":"MultiPolygon","arcs":[[[466,467,468,469,470,471,472,473,-373]]],"properties":{"ubigeo":"021304","nombre":"Fidel Olivas Escudero","region":"02"}},{"type":"MultiPolygon","arcs":[[[474,475,476,477,478,479]]],"properties":{"ubigeo":"050703","nombre":"Coronel Castañeda","region":"05"}},{"type":"MultiPolygon","arcs":[[[480,481,482,483,484,485,486,487,-266]]],"properties":{"ubigeo":"021401","nombre":"Ocros","region":"02"}},{"type":"MultiPolygon","arcs":[[[488,489,490,491,492,493]]],"properties":{"ubigeo":"021402","nombre":"Acas","region":"02"}},{"type":"MultiPolygon","arcs":[[[494,495,496,497,498,499,500]]],"properties":{"ubigeo":"030201","nombre":"Andahuaylas","region":"03"}},{"type":"MultiPolygon","arcs":[[[501,502,503,504,505,506,507]]],"properties":{"ubigeo":"051105","nombre":"Huambalpa","region":"05"}},{"type":"MultiPolygon","arcs":[[[508,509,510,511,512,513,514,515,516,-491]]],"properties":{"ubigeo":"150802","nombre":"Ambar","region":"15"}},{"type":"MultiPolygon","arcs":[[[517,518,519]]],"properties":{"ubigeo":"150803","nombre":"Caleta de Carquin","region":"15"}},{"type":"MultiPolygon","arcs":[[[520,521,522,523,524,525]]],"properties":{"ubigeo":"150804","nombre":"Checras","region":"15"}},{"type":"MultiPolygon","arcs":[[[526,527,528,529,-509,-490,530,-484]]],"properties":{"ubigeo":"021405","nombre":"Cochas","region":"02"}},{"type":"MultiPolygon","arcs":[[[531,532,533,534]]],"properties":{"ubigeo":"030416","nombre":"Toraya","region":"03"}},{"type":"MultiPolygon","arcs":[[[535,536,537,538,539,540,541]]],"properties":{"ubigeo":"030503","nombre":"Coyllurqui","region":"03"}},{"type":"MultiPolygon","arcs":[[[542,543,544,545,546,547]]],"properties":{"ubigeo":"030504","nombre":"Haquira","region":"03"}},{"type":"MultiPolygon","arcs":[[[548,549,-543,550,551,552]]],"properties":{"ubigeo":"030505","nombre":"Mara","region":"03"}},{"type":"MultiPolygon","arcs":[[[-540,553,554,555,-544,-550,556]]],"properties":{"ubigeo":"030506","nombre":"Challhuahuacho","region":"03"}},{"type":"MultiPolygon","arcs":[[[557,558,-527,-483,559,-272]]],"properties":{"ubigeo":"021409","nombre":"San Pedro","region":"02"}},{"type":"MultiPolygon","arcs":[[[560,561,562,563,-354,564,565,566,567]]],"properties":{"ubigeo":"021503","nombre":"Conchucos","region":"02"}},{"type":"MultiPolygon","arcs":[[[568,569,570,571,572,573,574,575]]],"properties":{"ubigeo":"021508","nombre":"Pallasca","region":"02"}},{"type":"MultiPolygon","arcs":[[[-392,576,-263,577,-382]]],"properties":{"ubigeo":"021706","nombre":"Marca","region":"02"}},{"type":"MultiPolygon","arcs":[[[-421,-276,578,579,-387,580]]],"properties":{"ubigeo":"021708","nombre":"Pararin","region":"02"}},{"type":"MultiPolygon","arcs":[[[-218,-376,581,-377,-399]]],"properties":{"ubigeo":"021710","nombre":"Ticapampa","region":"02"}},{"type":"MultiPolygon","arcs":[[[582,583,-445,584,-357,585,586,587]]],"properties":{"ubigeo":"021804","nombre":"Macate","region":"02"}},{"type":"MultiPolygon","arcs":[[[588,-331,-335,589,-431,590]]],"properties":{"ubigeo":"021805","nombre":"Moro","region":"02"}},{"type":"MultiPolygon","arcs":[[[591,592,-332,-589,593,594]]],"properties":{"ubigeo":"021806","nombre":"Nepeña","region":"02"}},{"type":"MultiPolygon","arcs":[[[595,596,-341,-325,-593]]],"properties":{"ubigeo":"021807","nombre":"Samanco","region":"02"}},{"type":"MultiPolygon","arcs":[[[597,-596,-592,598]]],"properties":{"ubigeo":"021809","nombre":"Nuevo Chimbote","region":"02"}},{"type":"MultiPolygon","arcs":[[[599,600,601,602,-566]]],"properties":{"ubigeo":"021905","nombre":"Chingalpo","region":"02"}},{"type":"MultiPolygon","arcs":[[[-601,603,604,605,606,-366,607,608]]],"properties":{"ubigeo":"021906","nombre":"Huayllabamba","region":"02"}},{"type":"MultiPolygon","arcs":[[[609,-602,-609,610,611,612,613]]],"properties":{"ubigeo":"021907","nombre":"Quiches","region":"02"}},{"type":"MultiPolygon","arcs":[[[-565,-353,614,615,-604,-600]]],"properties":{"ubigeo":"021908","nombre":"Ragash","region":"02"}},{"type":"MultiPolygon","arcs":[[[616,-351,-450,617,618,-606,619]]],"properties":{"ubigeo":"021909","nombre":"San Juan","region":"02"}},{"type":"MultiPolygon","arcs":[[[620,621,622,623,624,625,626]]],"properties":{"ubigeo":"022001","nombre":"Yungay","region":"02"}},{"type":"MultiPolygon","arcs":[[[627,628,629,-345,630,631]]],"properties":{"ubigeo":"022002","nombre":"Cascapara","region":"02"}},{"type":"MultiPolygon","arcs":[[[-432,-590,-334,-343,-630,632]]],"properties":{"ubigeo":"022005","nombre":"Quillo","region":"02"}},{"type":"MultiPolygon","arcs":[[[633,-632,634,-227,-302,635,636]]],"properties":{"ubigeo":"022007","nombre":"Shupluy","region":"02"}},{"type":"MultiPolygon","arcs":[[[-441,637,-627,638,639,-318,640,641,642]]],"properties":{"ubigeo":"022008","nombre":"Yanama","region":"02"}},{"type":"MultiPolygon","arcs":[[[643,644,645,646,647,648]]],"properties":{"ubigeo":"030101","nombre":"Abancay","region":"03"}},{"type":"MultiPolygon","arcs":[[[649,650,651,652,653]]],"properties":{"ubigeo":"030102","nombre":"Chacoche","region":"03"}},{"type":"MultiPolygon","arcs":[[[654,-654,655,656,657,658]]],"properties":{"ubigeo":"030103","nombre":"Circa","region":"03"}},{"type":"MultiPolygon","arcs":[[[659,660,-647,661,662,-536,663,664,665,666]]],"properties":{"ubigeo":"030104","nombre":"Curahuasi","region":"03"}},{"type":"MultiPolygon","arcs":[[[667,668,669,-649,670,671,672,673]]],"properties":{"ubigeo":"030105","nombre":"Huanipaca","region":"03"}},{"type":"MultiPolygon","arcs":[[[674,-659,675,676,677,-662,-646]]],"properties":{"ubigeo":"030106","nombre":"Lambrama","region":"03"}},{"type":"MultiPolygon","arcs":[[[678,679,680,-650,-655,-675,-645]]],"properties":{"ubigeo":"030107","nombre":"Pichirhua","region":"03"}},{"type":"MultiPolygon","arcs":[[[681,682,683,684,685,686,687]]],"properties":{"ubigeo":"060803","nombre":"Chontali","region":"06"}},{"type":"MultiPolygon","arcs":[[[688,689,690,691,692,693,694,-685]]],"properties":{"ubigeo":"060804","nombre":"Colasay","region":"06"}},{"type":"MultiPolygon","arcs":[[[695,696,-679,-644,-670]]],"properties":{"ubigeo":"030204","nombre":"Huancarama","region":"03"}},{"type":"MultiPolygon","arcs":[[[697,698,699,700,701]]],"properties":{"ubigeo":"030206","nombre":"Huayana","region":"03"}},{"type":"MultiPolygon","arcs":[[[702,703,704,705,706,707,708,709]]],"properties":{"ubigeo":"030210","nombre":"Pampachiri","region":"03"}},{"type":"MultiPolygon","arcs":[[[710,711,712,713,714,715,716,717,718,719]]],"properties":{"ubigeo":"061101","nombre":"San Miguel","region":"06"}},{"type":"MultiPolygon","arcs":[[[720,721,722,723,724,725,726,727,728]]],"properties":{"ubigeo":"030212","nombre":"San Antonio de Cachi","region":"03"}},{"type":"MultiPolygon","arcs":[[[-500,729,730,731,732,733,734]]],"properties":{"ubigeo":"030213","nombre":"San Jeronimo","region":"03"}},{"type":"MultiPolygon","arcs":[[[735,736,-698,737]]],"properties":{"ubigeo":"030214","nombre":"San Miguel de Chaccrampa","region":"03"}},{"type":"MultiPolygon","arcs":[[[738,739,740,-495,741,742]]],"properties":{"ubigeo":"030216","nombre":"Talavera","region":"03"}},{"type":"MultiPolygon","arcs":[[[743,744,745,-702,746,747,-532,748,-497]]],"properties":{"ubigeo":"030217","nombre":"Tumay Huaraca","region":"03"}},{"type":"MultiPolygon","arcs":[[[749,750,751,752,753,754,755]]],"properties":{"ubigeo":"120105","nombre":"Chacapampa","region":"12"}},{"type":"MultiPolygon","arcs":[[[756,757,-730,-499]]],"properties":{"ubigeo":"030220","nombre":"Jose Maria Arguedas","region":"03"}},{"type":"MultiPolygon","arcs":[[[758,759,760,761]]],"properties":{"ubigeo":"030301","nombre":"Antabamba","region":"03"}},{"type":"MultiPolygon","arcs":[[[762,763,764,-762,765,766]]],"properties":{"ubigeo":"030303","nombre":"Huaquirca","region":"03"}},{"type":"MultiPolygon","arcs":[[[767,768,769,-479,770,771,-759,-765]]],"properties":{"ubigeo":"030304","nombre":"Juan Espinoza Medrano","region":"03"}},{"type":"MultiPolygon","arcs":[[[772,773,774,775,-766,-761,776,777,778,779,-545,-556,780]]],"properties":{"ubigeo":"030305","nombre":"Oropesa","region":"03"}},{"type":"MultiPolygon","arcs":[[[781,-709,782,783,784]]],"properties":{"ubigeo":"030412","nombre":"Sañayca","region":"03"}},{"type":"MultiPolygon","arcs":[[[785,786,787,788,-652,789]]],"properties":{"ubigeo":"030414","nombre":"Tapairihua","region":"03"}},{"type":"MultiPolygon","arcs":[[[790,791,792,793,794,795,796,797,798]]],"properties":{"ubigeo":"030604","nombre":"Huaccana","region":"03"}},{"type":"MultiPolygon","arcs":[[[799,800,801,802,-739,803,-78]]],"properties":{"ubigeo":"030605","nombre":"Ocobamba","region":"03"}},{"type":"MultiPolygon","arcs":[[[-793,804,805,806]]],"properties":{"ubigeo":"030611","nombre":"Los Chankas","region":"03"}},{"type":"MultiPolygon","arcs":[[[-658,807,808,809,810,811,812,-676]]],"properties":{"ubigeo":"030701","nombre":"Chuquibambilla","region":"03"}},{"type":"MultiPolygon","arcs":[[[813,814,815,816,817,818,819,820,821]]],"properties":{"ubigeo":"070101","nombre":"Callao","region":"07"}},{"type":"MultiPolygon","arcs":[[[-810,822,-763,823,824,825,826]]],"properties":{"ubigeo":"030707","nombre":"Pataypampa","region":"03"}},{"type":"MultiPolygon","arcs":[[[827,828,-781,-555,829]]],"properties":{"ubigeo":"030714","nombre":"Curasco","region":"03"}},{"type":"MultiPolygon","arcs":[[[830,831,832,833,834]]],"properties":{"ubigeo":"040103","nombre":"Cayma","region":"04"}},{"type":"MultiPolygon","arcs":[[[835,836,837,838,-831,839]]],"properties":{"ubigeo":"040104","nombre":"Cerro Colorado","region":"04"}},{"type":"MultiPolygon","arcs":[[[840,841,842,843,844,845]]],"properties":{"ubigeo":"040105","nombre":"Characato","region":"04"}},{"type":"MultiPolygon","arcs":[[[846,847,848,849]]],"properties":{"ubigeo":"040108","nombre":"La Joya","region":"04"}},{"type":"MultiPolygon","arcs":[[[850,851,-834,852,-845,853,854,855,856,857,858],[859]]],"properties":{"ubigeo":"040119","nombre":"San Juan de Tarucani","region":"04"}},{"type":"MultiPolygon","arcs":[[[860,861,862,863,864,865]]],"properties":{"ubigeo":"040120","nombre":"Santa Isabel de Siguas","region":"04"}},{"type":"MultiPolygon","arcs":[[[866,867,868,-864]]],"properties":{"ubigeo":"040121","nombre":"Santa Rita de Siguas","region":"04"}},{"type":"MultiPolygon","arcs":[[[869,870,871,872,873,874]]],"properties":{"ubigeo":"250201","nombre":"Raimondi","region":"25"}},{"type":"MultiPolygon","arcs":[[[875,876,877]]],"properties":{"ubigeo":"040605","nombre":"Iray","region":"04"}},{"type":"MultiPolygon","arcs":[[[878,879,880,881,882]]],"properties":{"ubigeo":"040606","nombre":"Rio Grande","region":"04"}},{"type":"MultiPolygon","arcs":[[[883,884,885,886,887,888,889,890,891,892,893,894,895]]],"properties":{"ubigeo":"040607","nombre":"Salamanca","region":"04"}},{"type":"MultiPolygon","arcs":[[[896,-883,897,-890,898,899,900]]],"properties":{"ubigeo":"040608","nombre":"Yanaquihua","region":"04"}},{"type":"MultiPolygon","arcs":[[[901,902,903,904,905]]],"properties":{"ubigeo":"010206","nombre":"La Peca","region":"01"}},{"type":"MultiPolygon","arcs":[[[906,-31,907,908,909]]],"properties":{"ubigeo":"010302","nombre":"Chisquilla","region":"01"}},{"type":"MultiPolygon","arcs":[[[910,911,912,913,914,-848]]],"properties":{"ubigeo":"040701","nombre":"Mollendo","region":"04"}},{"type":"MultiPolygon","arcs":[[[-915,915,916,917,918,919,920,921]]],"properties":{"ubigeo":"040702","nombre":"Cocachacra","region":"04"}},{"type":"MultiPolygon","arcs":[[[922,923,924]]],"properties":{"ubigeo":"210710","nombre":"Vilavila","region":"21"}},{"type":"MultiPolygon","arcs":[[[925,926,927,928,929]]],"properties":{"ubigeo":"040803","nombre":"Charcana","region":"04"}},{"type":"MultiPolygon","arcs":[[[-772,930,931,932,933,934,-777,-760]]],"properties":{"ubigeo":"040804","nombre":"Huaynacotas","region":"04"}},{"type":"MultiPolygon","arcs":[[[935,-929,936,937,-931,-771,-478]]],"properties":{"ubigeo":"040805","nombre":"Pampamarca","region":"04"}},{"type":"MultiPolygon","arcs":[[[-935,938,-884,939,940,-778]]],"properties":{"ubigeo":"040806","nombre":"Puyca","region":"04"}},{"type":"MultiPolygon","arcs":[[[941,942,943,-927]]],"properties":{"ubigeo":"040807","nombre":"Quechualla","region":"04"}},{"type":"MultiPolygon","arcs":[[[944,-188,945,-53,946,-12]]],"properties":{"ubigeo":"010111","nombre":"Levanto","region":"01"}},{"type":"MultiPolygon","arcs":[[[-946,-187,947,948,-196,-50]]],"properties":{"ubigeo":"010112","nombre":"Magdalena","region":"01"}},{"type":"MultiPolygon","arcs":[[[949,950,951,952,953,954,955]]],"properties":{"ubigeo":"050201","nombre":"Cangallo","region":"05"}},{"type":"MultiPolygon","arcs":[[[956,957,958,959,960,961,962]]],"properties":{"ubigeo":"050202","nombre":"Chuschi","region":"05"}},{"type":"MultiPolygon","arcs":[[[963,-962,964,-950,965]]],"properties":{"ubigeo":"050203","nombre":"Los Morochucos","region":"05"}},{"type":"MultiPolygon","arcs":[[[-88,966,967,-210,968,-139,969,970]]],"properties":{"ubigeo":"010114","nombre":"Molinopampa","region":"01"}},{"type":"MultiPolygon","arcs":[[[971,972,973,974,-909]]],"properties":{"ubigeo":"010116","nombre":"Olleros","region":"01"}},{"type":"MultiPolygon","arcs":[[[975,976,977,978,-60,979,980]]],"properties":{"ubigeo":"050401","nombre":"Huanta","region":"05"}},{"type":"MultiPolygon","arcs":[[[981,982,983,984,985,986]]],"properties":{"ubigeo":"050402","nombre":"Ayahuanco","region":"05"}},{"type":"MultiPolygon","arcs":[[[987,988,989,990,991,992]]],"properties":{"ubigeo":"210805","nombre":"Macari","region":"21"}},{"type":"MultiPolygon","arcs":[[[993,994,995,996,997,998,999,1000,1001,1002,1003]]],"properties":{"ubigeo":"210806","nombre":"Nuñoa","region":"21"}},{"type":"MultiPolygon","arcs":[[[1004,1005,-1000]]],"properties":{"ubigeo":"210807","nombre":"Orurillo","region":"21"}},{"type":"MultiPolygon","arcs":[[[1006,1007,1008,1009]]],"properties":{"ubigeo":"040201","nombre":"Camana","region":"04"}},{"type":"MultiPolygon","arcs":[[[1010,1011,1012,-921,1013,1014]]],"properties":{"ubigeo":"040114","nombre":"Polobaya","region":"04"}},{"type":"MultiPolygon","arcs":[[[1015,1016,1017,1018,1019,1020]]],"properties":{"ubigeo":"040205","nombre":"Nicolas de Pierola","region":"04"}},{"type":"MultiPolygon","arcs":[[[1021,1022,1023,1024]]],"properties":{"ubigeo":"040310","nombre":"Jaqui","region":"04"}},{"type":"MultiPolygon","arcs":[[[1025,1026,1027]]],"properties":{"ubigeo":"040311","nombre":"Lomas","region":"04"}},{"type":"MultiPolygon","arcs":[[[1028,1029,1030,1031,1032,1033]]],"properties":{"ubigeo":"040312","nombre":"Quicacha","region":"04"}},{"type":"MultiPolygon","arcs":[[[1034,1035,1036,-1023]]],"properties":{"ubigeo":"040313","nombre":"Yauca","region":"04"}},{"type":"MultiPolygon","arcs":[[[1037,-877,1038,1039,1040,1041,1042]]],"properties":{"ubigeo":"040401","nombre":"Aplao","region":"04"}},{"type":"MultiPolygon","arcs":[[[1043,1044,1045,-895,1046,1047,1048]]],"properties":{"ubigeo":"040402","nombre":"Andagua","region":"04"}},{"type":"MultiPolygon","arcs":[[[1049,-850,1050,1051,-836,1052]]],"properties":{"ubigeo":"040124","nombre":"Uchumayo","region":"04"}},{"type":"MultiPolygon","arcs":[[[-865,-869,1053,1054,-911,-847,-1050,1055,1056]]],"properties":{"ubigeo":"040125","nombre":"Vitor","region":"04"}},{"type":"MultiPolygon","arcs":[[[1057,1058,1059,1060,1061]]],"properties":{"ubigeo":"040506","nombre":"Coporaque","region":"04"}},{"type":"MultiPolygon","arcs":[[[1062,1063,1064,1065,1066,1067]]],"properties":{"ubigeo":"040507","nombre":"Huambo","region":"04"}},{"type":"MultiPolygon","arcs":[[[-866,-1057,1068,1069,1070]]],"properties":{"ubigeo":"040508","nombre":"Huanca","region":"04"}},{"type":"MultiPolygon","arcs":[[[1071,-1051,-849,-922,-1013,1072,1073,1074,1075]]],"properties":{"ubigeo":"040127","nombre":"Yarabamba","region":"04"}},{"type":"MultiPolygon","arcs":[[[1076,1077,1078,1079,-1058,1080,1081]]],"properties":{"ubigeo":"040510","nombre":"Lari","region":"04"}},{"type":"MultiPolygon","arcs":[[[-1067,1082,1083,-861,-1071,1084,1085,1086]]],"properties":{"ubigeo":"040511","nombre":"Lluta","region":"04"}},{"type":"MultiPolygon","arcs":[[[1087,1088,-912,-1055]]],"properties":{"ubigeo":"040704","nombre":"Islay","region":"04"}},{"type":"MultiPolygon","arcs":[[[-914,1089,1090,-916]]],"properties":{"ubigeo":"040705","nombre":"Mejia","region":"04"}},{"type":"MultiPolygon","arcs":[[[-918,1091,1092,1093,1094]]],"properties":{"ubigeo":"040706","nombre":"Punta de Bombon","region":"04"}},{"type":"MultiPolygon","arcs":[[[-932,-938,1095,-887,1096]]],"properties":{"ubigeo":"040801","nombre":"Cotahuasi","region":"04"}},{"type":"MultiPolygon","arcs":[[[1097,1098,1099,1100,-901,1101,-943]]],"properties":{"ubigeo":"040809","nombre":"Tauria","region":"04"}},{"type":"MultiPolygon","arcs":[[[-937,-928,-944,-1102,-900,1102,-888,-1096]]],"properties":{"ubigeo":"040811","nombre":"Toro","region":"04"}},{"type":"MultiPolygon","arcs":[[[1103,1104,1105,1106,1107,1108,1109,1110]]],"properties":{"ubigeo":"050101","nombre":"Ayacucho","region":"05"}},{"type":"MultiPolygon","arcs":[[[1111,1112,1113,1114,1115,1116,1117]]],"properties":{"ubigeo":"050102","nombre":"Acocro","region":"05"}},{"type":"MultiPolygon","arcs":[[[1118,1119,-1118,1120,1121,1122]]],"properties":{"ubigeo":"050103","nombre":"Acos Vinchos","region":"05"}},{"type":"MultiPolygon","arcs":[[[-1107,1123,1124]]],"properties":{"ubigeo":"050104","nombre":"Carmen Alto","region":"05"}},{"type":"MultiPolygon","arcs":[[[1125,1126,-966,-956,1127,-1113,1128]]],"properties":{"ubigeo":"050105","nombre":"Chiara","region":"05"}},{"type":"MultiPolygon","arcs":[[[-62,1129,1130,1131,1132,-1119,1133]]],"properties":{"ubigeo":"050108","nombre":"Quinua","region":"05"}},{"type":"MultiPolygon","arcs":[[[1134,1135,1136,1137,1138,1139]]],"properties":{"ubigeo":"150106","nombre":"Carabayllo","region":"15"}},{"type":"MultiPolygon","arcs":[[[-1125,1140,-1126,1141,1142,-1108]]],"properties":{"ubigeo":"050110","nombre":"San Juan Bautista","region":"05"}},{"type":"MultiPolygon","arcs":[[[1143,1144,1145,1146]]],"properties":{"ubigeo":"150109","nombre":"Cieneguilla","region":"15"}},{"type":"MultiPolygon","arcs":[[[1147,1148,1149,1150,-1138]]],"properties":{"ubigeo":"150110","nombre":"Comas","region":"15"}},{"type":"MultiPolygon","arcs":[[[1151,1152,1153,1154,1155,1156,1157]]],"properties":{"ubigeo":"150111","nombre":"El Agustino","region":"15"}},{"type":"MultiPolygon","arcs":[[[1158,1159,-957,1160,1161]]],"properties":{"ubigeo":"050205","nombre":"Paras","region":"05"}},{"type":"MultiPolygon","arcs":[[[1162,1163,1164,-976,1165]]],"properties":{"ubigeo":"050405","nombre":"Luricocha","region":"05"}},{"type":"MultiPolygon","arcs":[[[-984,1166,1167,1168,1169,1170,1171]]],"properties":{"ubigeo":"050406","nombre":"Santillana","region":"05"}},{"type":"MultiPolygon","arcs":[[[1172,1173,1174,1175,1176]]],"properties":{"ubigeo":"050407","nombre":"Sivia","region":"05"}},{"type":"MultiPolygon","arcs":[[[1177,-986,1178,-1177,1179,1180,1181]]],"properties":{"ubigeo":"050408","nombre":"Llochegua","region":"05"}},{"type":"MultiPolygon","arcs":[[[1182,1183,-1182,1184,1185]]],"properties":{"ubigeo":"050409","nombre":"Canayre","region":"05"}},{"type":"MultiPolygon","arcs":[[[-66,-63,-1134,-1123,1186,1187,1188,-71]]],"properties":{"ubigeo":"050501","nombre":"San Miguel","region":"05"}},{"type":"MultiPolygon","arcs":[[[1189,1190,-475,1191,1192]]],"properties":{"ubigeo":"050708","nombre":"Upahuacho","region":"05"}},{"type":"MultiPolygon","arcs":[[[1193,1194,1195,1196,-1100,1197,1198,1199,1200]]],"properties":{"ubigeo":"050801","nombre":"Pausa","region":"05"}},{"type":"MultiPolygon","arcs":[[[1201,1202,1203,-1200,1204,1205,1206]]],"properties":{"ubigeo":"050802","nombre":"Colta","region":"05"}},{"type":"MultiPolygon","arcs":[[[1207,1208,1209,1210,1211,-1201,-1204,1212,1213,-1190]]],"properties":{"ubigeo":"050804","nombre":"Lampa","region":"05"}},{"type":"MultiPolygon","arcs":[[[1214,1215,1216,-1207,1217,-930,-936,-477]]],"properties":{"ubigeo":"050806","nombre":"Oyolo","region":"05"}},{"type":"MultiPolygon","arcs":[[[1218,1219,1220,1221,1222,1223,1224,1225]]],"properties":{"ubigeo":"050901","nombre":"Querobamba","region":"05"}},{"type":"MultiPolygon","arcs":[[[1226,1227,1228,1229,1230,1231,1232]]],"properties":{"ubigeo":"060104","nombre":"Cospan","region":"06"}},{"type":"MultiPolygon","arcs":[[[1233,1234,1235,1236,1237,1238,-1222]]],"properties":{"ubigeo":"050906","nombre":"Morcolla","region":"05"}},{"type":"MultiPolygon","arcs":[[[1239,1240,1241,1242,1243,1244,1245,1246,1247,1248,1249]]],"properties":{"ubigeo":"060105","nombre":"Encañada","region":"06"}},{"type":"MultiPolygon","arcs":[[[1250,-705,1251]]],"properties":{"ubigeo":"050908","nombre":"San Pedro de Larcay","region":"05"}},{"type":"MultiPolygon","arcs":[[[1252,1253,-1223,-1239,1254,-1252,-704,1255]]],"properties":{"ubigeo":"050911","nombre":"Soras","region":"05"}},{"type":"MultiPolygon","arcs":[[[1256,1257,1258,1259,1260,1261,1262,-953]]],"properties":{"ubigeo":"051001","nombre":"Huancapi","region":"05"}},{"type":"MultiPolygon","arcs":[[[1263,1264,-1236,1265,-1234,-1221,1266]]],"properties":{"ubigeo":"051003","nombre":"Apongo","region":"05"}},{"type":"MultiPolygon","arcs":[[[-1260,1267,1268,-1267,-1220,1269,1270]]],"properties":{"ubigeo":"051005","nombre":"Canaria","region":"05"}},{"type":"MultiPolygon","arcs":[[[1271,-1261,-1271,1272,1273]]],"properties":{"ubigeo":"051010","nombre":"Huaya","region":"05"}},{"type":"MultiPolygon","arcs":[[[1274,-48,1275,1276,-959]]],"properties":{"ubigeo":"051011","nombre":"Sarhua","region":"05"}},{"type":"MultiPolygon","arcs":[[[1277,-49,-1275,1278,-1159]]],"properties":{"ubigeo":"051012","nombre":"Vilcanchos","region":"05"}},{"type":"MultiPolygon","arcs":[[[1279,1280,1281,-502,1282,1283]]],"properties":{"ubigeo":"051101","nombre":"Vilcas Huaman","region":"05"}},{"type":"MultiPolygon","arcs":[[[1284,1285,1286,-1243]]],"properties":{"ubigeo":"060108","nombre":"Los Baños del Inca","region":"06"}},{"type":"MultiPolygon","arcs":[[[-1128,-955,1287,-1281,1288,1289,-1114]]],"properties":{"ubigeo":"051108","nombre":"Vischongo","region":"05"}},{"type":"MultiPolygon","arcs":[[[1290,1291,1292,1293,1294,1295,1296,-1285,-1242]]],"properties":{"ubigeo":"060101","nombre":"Cajamarca","region":"06"}},{"type":"MultiPolygon","arcs":[[[1297,-1233,1298,1299,1300]]],"properties":{"ubigeo":"060102","nombre":"Asuncion","region":"06"}},{"type":"MultiPolygon","arcs":[[[1301,1302,1303,1304,1305]]],"properties":{"ubigeo":"060201","nombre":"Cajabamba","region":"06"}},{"type":"MultiPolygon","arcs":[[[1306,-1231,1307,1308,1309,1310,-1303,1311,1312,1313]]],"properties":{"ubigeo":"060202","nombre":"Cachachi","region":"06"}},{"type":"MultiPolygon","arcs":[[[-1312,-1302,1314,1315]]],"properties":{"ubigeo":"060203","nombre":"Condebamba","region":"06"}},{"type":"MultiPolygon","arcs":[[[1316,1317,1318,1319,1320,1321,1322]]],"properties":{"ubigeo":"060307","nombre":"Miguel Iglesias","region":"06"}},{"type":"MultiPolygon","arcs":[[[1323,1324,1325,1326,1327,1328,1329,1330]]],"properties":{"ubigeo":"060401","nombre":"Chota","region":"06"}},{"type":"MultiPolygon","arcs":[[[1331,1332,1333,1334]]],"properties":{"ubigeo":"060402","nombre":"Anguia","region":"06"}},{"type":"MultiPolygon","arcs":[[[1335,1336,1337,1338,1339,1340,1341]]],"properties":{"ubigeo":"060505","nombre":"San Benito","region":"06"}},{"type":"MultiPolygon","arcs":[[[1342,1343,1344,1345]]],"properties":{"ubigeo":"060407","nombre":"Cochabamba","region":"06"}},{"type":"MultiPolygon","arcs":[[[1346,1347,1348,1349,-1343,1350]]],"properties":{"ubigeo":"060409","nombre":"Huambos","region":"06"}},{"type":"MultiPolygon","arcs":[[[-1345,1351,1352,1353,-1325,1354]]],"properties":{"ubigeo":"060410","nombre":"Lajas","region":"06"}},{"type":"MultiPolygon","arcs":[[[1355,1356,1357,1358,1359,1360,-1348,1361]]],"properties":{"ubigeo":"060411","nombre":"Llama","region":"06"}},{"type":"MultiPolygon","arcs":[[[1362,1363,1364,1365,-1357,1366,1367,1368]]],"properties":{"ubigeo":"060412","nombre":"Miracosta","region":"06"}},{"type":"MultiPolygon","arcs":[[[1369,1370,1371,1372,1373,1374]]],"properties":{"ubigeo":"060414","nombre":"Pion","region":"06"}},{"type":"MultiPolygon","arcs":[[[1375,1376,1377,1378,1379,1380,-714,1381]]],"properties":{"ubigeo":"060508","nombre":"Yonan","region":"06"}},{"type":"MultiPolygon","arcs":[[[1382,-1351,-1346,-1355,-1324,1383,1384,1385,1386,1387]]],"properties":{"ubigeo":"060601","nombre":"Cutervo","region":"06"}},{"type":"MultiPolygon","arcs":[[[1388,1389,1390,1391,1392,-691]]],"properties":{"ubigeo":"060602","nombre":"Callayuc","region":"06"}},{"type":"MultiPolygon","arcs":[[[1393,-694,1394,1395,1396,1397]]],"properties":{"ubigeo":"060603","nombre":"Choros","region":"06"}},{"type":"MultiPolygon","arcs":[[[1398,-1395,-693,1399,1400,1401]]],"properties":{"ubigeo":"060606","nombre":"Pimpingos","region":"06"}},{"type":"MultiPolygon","arcs":[[[1402,1403,-1369,1404,-1388,-1390,1405]]],"properties":{"ubigeo":"060607","nombre":"Querocotillo","region":"06"}},{"type":"MultiPolygon","arcs":[[[1406,-1392,1407,1408,1409,1410,-1401]]],"properties":{"ubigeo":"060608","nombre":"San Andres de Cutervo","region":"06"}},{"type":"MultiPolygon","arcs":[[[-692,-1393,-1407,-1400]]],"properties":{"ubigeo":"060611","nombre":"Santa Cruz","region":"06"}},{"type":"MultiPolygon","arcs":[[[1411,1412,1413,-1402,-1411,1414,1415]]],"properties":{"ubigeo":"060613","nombre":"Santo Tomas","region":"06"}},{"type":"MultiPolygon","arcs":[[[1416,-1409,1417,-1386,1418,-1334,1419,1420]]],"properties":{"ubigeo":"060614","nombre":"Socota","region":"06"}},{"type":"MultiPolygon","arcs":[[[-1396,-1399,-1414,1421]]],"properties":{"ubigeo":"060615","nombre":"Toribio Casanova","region":"06"}},{"type":"MultiPolygon","arcs":[[[1422,-1328,1423,-1250,1424,-1319,1425]]],"properties":{"ubigeo":"060701","nombre":"Bambamarca","region":"06"}},{"type":"MultiPolygon","arcs":[[[1426,1427,1428,1429,-689,-684]]],"properties":{"ubigeo":"060807","nombre":"Pomahuaca","region":"06"}},{"type":"MultiPolygon","arcs":[[[-1430,1430,-1406,-1389,-690]]],"properties":{"ubigeo":"060808","nombre":"Pucara","region":"06"}},{"type":"MultiPolygon","arcs":[[[1431,1432,1433,-682,1434]]],"properties":{"ubigeo":"060809","nombre":"Sallique","region":"06"}},{"type":"MultiPolygon","arcs":[[[-1434,1435,-1427,-683]]],"properties":{"ubigeo":"060810","nombre":"San Felipe","region":"06"}},{"type":"MultiPolygon","arcs":[[[-687,1436,1437,1438,1439,1440]]],"properties":{"ubigeo":"060811","nombre":"San Jose del Alto","region":"06"}},{"type":"MultiPolygon","arcs":[[[1441,1442,1443,1444]]],"properties":{"ubigeo":"060812","nombre":"Santa Rosa","region":"06"}},{"type":"MultiPolygon","arcs":[[[1445,1446,1447,1448,1449]]],"properties":{"ubigeo":"060901","nombre":"San Ignacio","region":"06"}},{"type":"MultiPolygon","arcs":[[[1450,1451,1452,1453,1454,-1448]]],"properties":{"ubigeo":"060902","nombre":"Chirinos","region":"06"}},{"type":"MultiPolygon","arcs":[[[1455,-337,1456,1457,-1454,1458,-1442]]],"properties":{"ubigeo":"060903","nombre":"Huarango","region":"06"}},{"type":"MultiPolygon","arcs":[[[-1440,1459,-1452,1460]]],"properties":{"ubigeo":"060904","nombre":"La Coipa","region":"06"}},{"type":"MultiPolygon","arcs":[[[1461,1462,-1446,1463]]],"properties":{"ubigeo":"060905","nombre":"Namballe","region":"06"}},{"type":"MultiPolygon","arcs":[[[-1449,-1455,-1458,1464]]],"properties":{"ubigeo":"060906","nombre":"San Jose de Lourdes","region":"06"}},{"type":"MultiPolygon","arcs":[[[1465,1466,1467,1468,1469,1470,1471]]],"properties":{"ubigeo":"080102","nombre":"Ccorca","region":"08"}},{"type":"MultiPolygon","arcs":[[[1472,1473,1474,1475,1476,1477,1478,1479]]],"properties":{"ubigeo":"061007","nombre":"Jose Sabogal","region":"06"}},{"type":"MultiPolygon","arcs":[[[1480,1481,1482,-711,1483,1484,1485,1486]]],"properties":{"ubigeo":"061103","nombre":"Calquis","region":"06"}},{"type":"MultiPolygon","arcs":[[[1487,-1484,-720,1488,1489,1490,1491]]],"properties":{"ubigeo":"061107","nombre":"Llapa","region":"06"}},{"type":"MultiPolygon","arcs":[[[1492,1493,1494,-1376,1495,1496]]],"properties":{"ubigeo":"061110","nombre":"San Gregorio","region":"06"}},{"type":"MultiPolygon","arcs":[[[-719,1497,1498,-1489]]],"properties":{"ubigeo":"061111","nombre":"San Silvestre de Cochan","region":"06"}},{"type":"MultiPolygon","arcs":[[[1499,1500,1501,1502,1503]]],"properties":{"ubigeo":"220905","nombre":"Chipurana","region":"22"}},{"type":"MultiPolygon","arcs":[[[-1496,-1382,-713,1504,1505]]],"properties":{"ubigeo":"061113","nombre":"Union Agua Blanca","region":"06"}},{"type":"MultiPolygon","arcs":[[[-1490,-1499,1506,-1291,-1241,1507]]],"properties":{"ubigeo":"061204","nombre":"Tumbaden","region":"06"}},{"type":"MultiPolygon","arcs":[[[1508,1509,1510,1511,1512,1513]]],"properties":{"ubigeo":"061301","nombre":"Santa Cruz","region":"06"}},{"type":"MultiPolygon","arcs":[[[1514,1515,-1487,1516,-1510,1517,-1360]]],"properties":{"ubigeo":"061303","nombre":"Catache","region":"06"}},{"type":"MultiPolygon","arcs":[[[1518,-1514,1519,1520,-1352,-1344,-1350]]],"properties":{"ubigeo":"061304","nombre":"Chancaybaños","region":"06"}},{"type":"MultiPolygon","arcs":[[[-1513,1521,1522,1523,1524,-1520]]],"properties":{"ubigeo":"061305","nombre":"La Esperanza","region":"06"}},{"type":"MultiPolygon","arcs":[[[-1517,-1486,1525,1526,1527,-1511]]],"properties":{"ubigeo":"061307","nombre":"Pulan","region":"06"}},{"type":"MultiPolygon","arcs":[[[-1361,-1518,-1509,-1519,-1349]]],"properties":{"ubigeo":"061309","nombre":"Sexi","region":"06"}},{"type":"MultiPolygon","arcs":[[[1528,1529,1530,1531,1532,1533,1534]]],"properties":{"ubigeo":"080206","nombre":"Rondocan","region":"08"}},{"type":"MultiPolygon","arcs":[[[1535,1536,1537,1538,1539,1540]]],"properties":{"ubigeo":"080207","nombre":"Sangarara","region":"08"}},{"type":"MultiPolygon","arcs":[[[1541,1542,1543,-1467,1544,1545,1546,1547]]],"properties":{"ubigeo":"080301","nombre":"Anta","region":"08"}},{"type":"MultiPolygon","arcs":[[[1548,1549,-822,1550,1551,1552,1553,1554]]],"properties":{"ubigeo":"070106","nombre":"Ventanilla","region":"07"}},{"type":"MultiPolygon","arcs":[[[1555,1556,1557,1558,1559,1560,1561]]],"properties":{"ubigeo":"080104","nombre":"San Jeronimo","region":"08"}},{"type":"MultiPolygon","arcs":[[[1562,1563,1564,1565,-1556,1566]]],"properties":{"ubigeo":"080105","nombre":"San Sebastian","region":"08"}},{"type":"MultiPolygon","arcs":[[[-1470,1567,1568,-1565,1569,1570]]],"properties":{"ubigeo":"080106","nombre":"Santiago","region":"08"}},{"type":"MultiPolygon","arcs":[[[1571,-149,1572,1573]]],"properties":{"ubigeo":"010704","nombre":"El Milagro","region":"01"}},{"type":"MultiPolygon","arcs":[[[1574,1575,1576]]],"properties":{"ubigeo":"080807","nombre":"Suyckutambo","region":"08"}},{"type":"MultiPolygon","arcs":[[[1577,1578,1579,1580,1581,1582,-1530]]],"properties":{"ubigeo":"081004","nombre":"Colcha","region":"08"}},{"type":"MultiPolygon","arcs":[[[1583,1584,1585,1586,1587,-1568,-1469]]],"properties":{"ubigeo":"081005","nombre":"Huanoquite","region":"08"}},{"type":"MultiPolygon","arcs":[[[1588,1589,1590,1591,1592,1593,1594]]],"properties":{"ubigeo":"081006","nombre":"Omacha","region":"08"}},{"type":"MultiPolygon","arcs":[[[-1587,1595,-1579,1596,1597]]],"properties":{"ubigeo":"081007","nombre":"Paccaritambo","region":"08"}},{"type":"MultiPolygon","arcs":[[[1598,1599,1600,1601,1602,1603,1604,1605,1606]]],"properties":{"ubigeo":"081106","nombre":"Kosñipata","region":"08"}},{"type":"MultiPolygon","arcs":[[[-1583,1607,-1595,1608,1609,-1531]]],"properties":{"ubigeo":"080203","nombre":"Acos","region":"08"}},{"type":"MultiPolygon","arcs":[[[1610,1611,-665,1612,1613,-1584,-1468,-1544,1614]]],"properties":{"ubigeo":"080304","nombre":"Chinchaypujio","region":"08"}},{"type":"MultiPolygon","arcs":[[[1615,1616,1617,-1542,1618,1619]]],"properties":{"ubigeo":"080305","nombre":"Huarocondo","region":"08"}},{"type":"MultiPolygon","arcs":[[[1620,-666,-1612,1621,-1616,1622,1623]]],"properties":{"ubigeo":"080306","nombre":"Limatambo","region":"08"}},{"type":"MultiPolygon","arcs":[[[1624,1625,-667,-1621]]],"properties":{"ubigeo":"080307","nombre":"Mollepata","region":"08"}},{"type":"MultiPolygon","arcs":[[[1626,1627,1628,1629,1630]]],"properties":{"ubigeo":"090204","nombre":"Caja","region":"09"}},{"type":"MultiPolygon","arcs":[[[1631,-1630,1632,1633,-1164,1634,1635]]],"properties":{"ubigeo":"090205","nombre":"Marcas","region":"09"}},{"type":"MultiPolygon","arcs":[[[1636,-1,1637,1638,1639]]],"properties":{"ubigeo":"090206","nombre":"Paucara","region":"09"}},{"type":"MultiPolygon","arcs":[[[1640,1641,1642,1643,1644,1645]]],"properties":{"ubigeo":"080404","nombre":"Lares","region":"08"}},{"type":"MultiPolygon","arcs":[[[1646,1647,1648,1649,1650]]],"properties":{"ubigeo":"080405","nombre":"Pisac","region":"08"}},{"type":"MultiPolygon","arcs":[[[1651,-1561,1652,1653,1654,1655,1656,-1650]]],"properties":{"ubigeo":"080406","nombre":"San Salvador","region":"08"}},{"type":"MultiPolygon","arcs":[[[1657,1658,-1646,1659,-1599,1660]]],"properties":{"ubigeo":"080408","nombre":"Yanatile","region":"08"}},{"type":"MultiPolygon","arcs":[[[1661,1662,1663,1664,1665,1666,1667,1668]]],"properties":{"ubigeo":"080501","nombre":"Yanaoca","region":"08"}},{"type":"MultiPolygon","arcs":[[[1669,1670,1671,1672,1673,1674]]],"properties":{"ubigeo":"080502","nombre":"Checca","region":"08"}},{"type":"MultiPolygon","arcs":[[[-1674,1675,1676,1677,1678]]],"properties":{"ubigeo":"080503","nombre":"Kunturkanki","region":"08"}},{"type":"MultiPolygon","arcs":[[[-1664,1679,-1675,-1679,1680,1681,1682,1683]]],"properties":{"ubigeo":"080504","nombre":"Langui","region":"08"}},{"type":"MultiPolygon","arcs":[[[1684,-1682,1685,-1677,1686,1687,-993,1688,-997]]],"properties":{"ubigeo":"080505","nombre":"Layo","region":"08"}},{"type":"MultiPolygon","arcs":[[[1689,-1670,-1680,-1663]]],"properties":{"ubigeo":"080507","nombre":"Quehue","region":"08"}},{"type":"MultiPolygon","arcs":[[[1690,-1669,1691,1692,1693]]],"properties":{"ubigeo":"080508","nombre":"Tupac Amaru","region":"08"}},{"type":"MultiPolygon","arcs":[[[-1665,-1684,1694,-995,1695]]],"properties":{"ubigeo":"080601","nombre":"Sicuani","region":"08"}},{"type":"MultiPolygon","arcs":[[[1696,1697,-1539,1698,1699,1700,1701]]],"properties":{"ubigeo":"080602","nombre":"Checacupe","region":"08"}},{"type":"MultiPolygon","arcs":[[[1702,1703,1704,1705,1706,1707,-1700]]],"properties":{"ubigeo":"080603","nombre":"Combapata","region":"08"}},{"type":"MultiPolygon","arcs":[[[-1683,-1685,-996,-1695]]],"properties":{"ubigeo":"080604","nombre":"Marangani","region":"08"}},{"type":"MultiPolygon","arcs":[[[1708,1709,-1697,1710,1711]]],"properties":{"ubigeo":"080605","nombre":"Pitumarca","region":"08"}},{"type":"MultiPolygon","arcs":[[[-1708,1712,1713,-1666,-1696,-994,1714,-1701]]],"properties":{"ubigeo":"080606","nombre":"San Pablo","region":"08"}},{"type":"MultiPolygon","arcs":[[[1715,1716,1717,-1541,1718,1719,1720]]],"properties":{"ubigeo":"081212","nombre":"Quiquijana","region":"08"}},{"type":"MultiPolygon","arcs":[[[1721,1722,1723,1724,-1643]]],"properties":{"ubigeo":"081301","nombre":"Urubamba","region":"08"}},{"type":"MultiPolygon","arcs":[[[1725,-1624,1726,1727]]],"properties":{"ubigeo":"081304","nombre":"Machupicchu","region":"08"}},{"type":"MultiPolygon","arcs":[[[1728,1729,-1727,-1623,-1620,1730,-1722,-1642]]],"properties":{"ubigeo":"081306","nombre":"Ollantaytambo","region":"08"}},{"type":"MultiPolygon","arcs":[[[1731,1732,1733,1734,1735]]],"properties":{"ubigeo":"150114","nombre":"La Molina","region":"15"}},{"type":"MultiPolygon","arcs":[[[1736,1737,1738,1739,1740]]],"properties":{"ubigeo":"090106","nombre":"Huachocolpa","region":"09"}},{"type":"MultiPolygon","arcs":[[[1741,1742,1743,1744,1745]]],"properties":{"ubigeo":"090110","nombre":"Manta","region":"09"}},{"type":"MultiPolygon","arcs":[[[-1744,1746,1747,1748,1749]]],"properties":{"ubigeo":"090113","nombre":"Nuevo Occoro","region":"09"}},{"type":"MultiPolygon","arcs":[[[-753,1750,1751,-1742,1752,1753]]],"properties":{"ubigeo":"090116","nombre":"Vilca","region":"09"}},{"type":"MultiPolygon","arcs":[[[1754,1755,-1739,1756,1757,1758,1759,1760,1761]]],"properties":{"ubigeo":"090301","nombre":"Lircay","region":"09"}},{"type":"MultiPolygon","arcs":[[[1762,-1740,-1756,1763,1764]]],"properties":{"ubigeo":"090304","nombre":"Ccochaccasa","region":"09"}},{"type":"MultiPolygon","arcs":[[[-1634,1765,1766,1767,-1104,1768,1769,-977,-1165]]],"properties":{"ubigeo":"090305","nombre":"Chincho","region":"09"}},{"type":"MultiPolygon","arcs":[[[1770,1771,1772,-1629,1773,1774]]],"properties":{"ubigeo":"090306","nombre":"Congalla","region":"09"}},{"type":"MultiPolygon","arcs":[[[1775,1776,1777,1778]]],"properties":{"ubigeo":"120305","nombre":"San Ramon","region":"12"}},{"type":"MultiPolygon","arcs":[[[1779,1780,1781,1782,1783,-1778]]],"properties":{"ubigeo":"120306","nombre":"Vitoc","region":"12"}},{"type":"MultiPolygon","arcs":[[[-1759,1784,1785,1786,1787,1788]]],"properties":{"ubigeo":"090311","nombre":"Santo Tomas de Pata","region":"09"}},{"type":"MultiPolygon","arcs":[[[-1760,-1789,1789,1790,-1772]]],"properties":{"ubigeo":"090312","nombre":"Secclla","region":"09"}},{"type":"MultiPolygon","arcs":[[[1791,1792,1793,1794,1795,1796,1797,1798,1799,1800,1801]]],"properties":{"ubigeo":"090401","nombre":"Castrovirreyna","region":"09"}},{"type":"MultiPolygon","arcs":[[[1802,1803,1804,-1793,1805]]],"properties":{"ubigeo":"090402","nombre":"Arma","region":"09"}},{"type":"MultiPolygon","arcs":[[[1806,1807,-1806,-1792,1808]]],"properties":{"ubigeo":"090403","nombre":"Aurahua","region":"09"}},{"type":"MultiPolygon","arcs":[[[1809,1810,1811,1812,1813,1814,1815]]],"properties":{"ubigeo":"090503","nombre":"Chinchihuasi","region":"09"}},{"type":"MultiPolygon","arcs":[[[1816,1817,1818,1819,1820,1821]]],"properties":{"ubigeo":"090608","nombre":"Querco","region":"09"}},{"type":"MultiPolygon","arcs":[[[1822,1823,1824,1825,1826,-1795]]],"properties":{"ubigeo":"090409","nombre":"Mollepampa","region":"09"}},{"type":"MultiPolygon","arcs":[[[1827,1828,1829,-1804,1830,1831]]],"properties":{"ubigeo":"090410","nombre":"San Juan","region":"09"}},{"type":"MultiPolygon","arcs":[[[-1800,1832,-1737,1833]]],"properties":{"ubigeo":"090411","nombre":"Santa Ana","region":"09"}},{"type":"MultiPolygon","arcs":[[[-1798,1834,1835,1836,1837,1838,1839]]],"properties":{"ubigeo":"090610","nombre":"San Antonio de Cusicancha","region":"09"}},{"type":"MultiPolygon","arcs":[[[1840,1841,1842]]],"properties":{"ubigeo":"090611","nombre":"San Francisco de Sangayaico","region":"09"}},{"type":"MultiPolygon","arcs":[[[1843,1844,1845,1846]]],"properties":{"ubigeo":"090612","nombre":"San Isidro","region":"09"}},{"type":"MultiPolygon","arcs":[[[-1843,1847,1848,1849,1850,-1847,1851,-1817,1852]]],"properties":{"ubigeo":"090613","nombre":"Santiago de Chocorvos","region":"09"}},{"type":"MultiPolygon","arcs":[[[1853,-466,1854,-1820,1855]]],"properties":{"ubigeo":"090614","nombre":"Santiago de Quirahuara","region":"09"}},{"type":"MultiPolygon","arcs":[[[1856,-1842,1857,1858]]],"properties":{"ubigeo":"090615","nombre":"Santo Domingo de Capillas","region":"09"}},{"type":"MultiPolygon","arcs":[[[1859,1860,1861,1862,1863,1864,1865,1866]]],"properties":{"ubigeo":"090702","nombre":"Acostambo","region":"09"}},{"type":"MultiPolygon","arcs":[[[1867,1868,1869,-1631,-1632,1870,1871,1872]]],"properties":{"ubigeo":"090506","nombre":"Locroja","region":"09"}},{"type":"MultiPolygon","arcs":[[[1873,1874,1875,-1868,1876,1877,-1813]]],"properties":{"ubigeo":"090507","nombre":"Paucarbamba","region":"09"}},{"type":"MultiPolygon","arcs":[[[1878,1879,1880]]],"properties":{"ubigeo":"090722","nombre":"Pichos","region":"09"}},{"type":"MultiPolygon","arcs":[[[1881,1882,1883,1884,-1849,1885,1886,-1838]]],"properties":{"ubigeo":"090601","nombre":"Huaytara","region":"09"}},{"type":"MultiPolygon","arcs":[[[-1848,-1857,1887,-1886]]],"properties":{"ubigeo":"090602","nombre":"Ayavi","region":"09"}},{"type":"MultiPolygon","arcs":[[[1888,1889,1890,1891,1892,1893,1894,1895,1896,1897]]],"properties":{"ubigeo":"100311","nombre":"Marias","region":"10"}},{"type":"MultiPolygon","arcs":[[[-285,1898,1899,1900,1901,1902,-1891,1903,1904]]],"properties":{"ubigeo":"100313","nombre":"Pachas","region":"10"}},{"type":"MultiPolygon","arcs":[[[1905,1906,1907,1908,1909,1910,1911,1912,1913,1914]]],"properties":{"ubigeo":"120402","nombre":"Acolla","region":"12"}},{"type":"MultiPolygon","arcs":[[[1915,1916,1917,1918,1919,1920,1921,1922]]],"properties":{"ubigeo":"120403","nombre":"Apata","region":"12"}},{"type":"MultiPolygon","arcs":[[[1923,1924,1925]]],"properties":{"ubigeo":"100508","nombre":"Punchao","region":"10"}},{"type":"MultiPolygon","arcs":[[[1926,1927,1928,1929]]],"properties":{"ubigeo":"100509","nombre":"Puños","region":"10"}},{"type":"MultiPolygon","arcs":[[[1930,1931,1932,-1926,1933,1934,-403]]],"properties":{"ubigeo":"100510","nombre":"Singa","region":"10"}},{"type":"MultiPolygon","arcs":[[[1935,1936,1937,1938,1939]]],"properties":{"ubigeo":"100511","nombre":"Tantamayo","region":"10"}},{"type":"MultiPolygon","arcs":[[[1940,1941,1942,1943,1944,1945]]],"properties":{"ubigeo":"100601","nombre":"Rupa-rupa","region":"10"}},{"type":"MultiPolygon","arcs":[[[1946,1947,1948,1949,1950,1951]]],"properties":{"ubigeo":"100602","nombre":"Daniel Alomia Robles","region":"10"}},{"type":"MultiPolygon","arcs":[[[1952,1953,-1952,1954,1955]]],"properties":{"ubigeo":"100603","nombre":"Hermilio Valdizan","region":"10"}},{"type":"MultiPolygon","arcs":[[[1956,1957,1958,-1856,-1819,1959]]],"properties":{"ubigeo":"090606","nombre":"Ocoyo","region":"09"}},{"type":"MultiPolygon","arcs":[[[1960,-1865,1961,1962,1963,1964,1965,1966]]],"properties":{"ubigeo":"090704","nombre":"Ahuaycha","region":"09"}},{"type":"MultiPolygon","arcs":[[[1967,1968,-1810,1969]]],"properties":{"ubigeo":"090705","nombre":"Colcabamba","region":"09"}},{"type":"MultiPolygon","arcs":[[[1970,1971,1972,-1968,1973,1974,1975,1976]]],"properties":{"ubigeo":"090706","nombre":"Daniel Hernandez","region":"09"}},{"type":"MultiPolygon","arcs":[[[1977,1978,1979,-1867,1980,1981,-1879,1982]]],"properties":{"ubigeo":"090711","nombre":"Pazos","region":"09"}},{"type":"MultiPolygon","arcs":[[[1983,1984,-136,1985,1986,1987,1988,1989,1990]]],"properties":{"ubigeo":"101007","nombre":"San Miguel de Cauri","region":"10"}},{"type":"MultiPolygon","arcs":[[[1991,1992,1993,1994,1995,1996,1997]]],"properties":{"ubigeo":"101101","nombre":"Chavinillo","region":"10"}},{"type":"MultiPolygon","arcs":[[[1998,1999,2000,2001,2002,2003,2004,2005,2006,2007]]],"properties":{"ubigeo":"120405","nombre":"Canchayllo","region":"12"}},{"type":"MultiPolygon","arcs":[[[2008,2009,-1976,2010,2011,2012]]],"properties":{"ubigeo":"090714","nombre":"Salcabamba","region":"09"}},{"type":"MultiPolygon","arcs":[[[2013,2014,2015,-1998,2016,-1893]]],"properties":{"ubigeo":"101104","nombre":"Aparicio Pomares","region":"10"}},{"type":"MultiPolygon","arcs":[[[2017,2018,-1983,-1881,2019,-2009,2020,2021,2022]]],"properties":{"ubigeo":"090716","nombre":"San Marcos de Rocchac","region":"09"}},{"type":"MultiPolygon","arcs":[[[2023,2024,2025,2026,2027]]],"properties":{"ubigeo":"100101","nombre":"Huanuco","region":"10"}},{"type":"MultiPolygon","arcs":[[[-1896,2028,2029,2030,2031,2032]]],"properties":{"ubigeo":"100103","nombre":"Chinchao","region":"10"}},{"type":"MultiPolygon","arcs":[[[-1895,2033,2034,-2029]]],"properties":{"ubigeo":"100104","nombre":"Churubamba","region":"10"}},{"type":"MultiPolygon","arcs":[[[2035,2036,2037,-1991,2038,2039,2040,2041]]],"properties":{"ubigeo":"100105","nombre":"Margos","region":"10"}},{"type":"MultiPolygon","arcs":[[[2042,2043,2044,2045,2046,2047,-2026]]],"properties":{"ubigeo":"100111","nombre":"Pillco Marca","region":"10"}},{"type":"MultiPolygon","arcs":[[[-2031,2048,2049]]],"properties":{"ubigeo":"100113","nombre":"San Pablo de Pillao","region":"10"}},{"type":"MultiPolygon","arcs":[[[2050,2051,2052,2053,2054,2055,2056]]],"properties":{"ubigeo":"140115","nombre":"Saña","region":"14"}},{"type":"MultiPolygon","arcs":[[[2057,-237,-417,2058,2059,2060]]],"properties":{"ubigeo":"100401","nombre":"Huacaybamba","region":"10"}},{"type":"MultiPolygon","arcs":[[[2061,2062,2063,2064,2065,2066]]],"properties":{"ubigeo":"100904","nombre":"Tournavista","region":"10"}},{"type":"MultiPolygon","arcs":[[[2067,2068,2069,2070,2071]]],"properties":{"ubigeo":"110404","nombre":"Santa Cruz","region":"11"}},{"type":"MultiPolygon","arcs":[[[2072,2073,2074,2075,2076,2077,2078,2079,2080,2081]]],"properties":{"ubigeo":"110101","nombre":"Ica","region":"11"}},{"type":"MultiPolygon","arcs":[[[2082,-2081,2083,2084,2085,2086]]],"properties":{"ubigeo":"110102","nombre":"La Tinguiña","region":"11"}},{"type":"MultiPolygon","arcs":[[[2087,2088,2089]]],"properties":{"ubigeo":"110504","nombre":"Independencia","region":"11"}},{"type":"MultiPolygon","arcs":[[[2090,-2074,2091,2092,2093]]],"properties":{"ubigeo":"110505","nombre":"Paracas","region":"11"}},{"type":"MultiPolygon","arcs":[[[-2076,2094,2095]]],"properties":{"ubigeo":"110104","nombre":"Ocucaje","region":"11"}},{"type":"MultiPolygon","arcs":[[[2096,-2093,2097,2098,2099,2100]]],"properties":{"ubigeo":"110108","nombre":"Salas","region":"11"}},{"type":"MultiPolygon","arcs":[[[2101,2102,2103]]],"properties":{"ubigeo":"110113","nombre":"Tate","region":"11"}},{"type":"MultiPolygon","arcs":[[[2104,-2086,2105,2106,2107,2108,2109,2110,-1844,-1851]]],"properties":{"ubigeo":"110114","nombre":"Yauca del Rosario","region":"11"}},{"type":"MultiPolygon","arcs":[[[2111,2112,2113,2114,2115,2116,2117]]],"properties":{"ubigeo":"110201","nombre":"Chincha Alta","region":"11"}},{"type":"MultiPolygon","arcs":[[[-2116,2118,2119,2120,-1829,2121]]],"properties":{"ubigeo":"110202","nombre":"Alto Laran","region":"11"}},{"type":"MultiPolygon","arcs":[[[2122,2123,-2118,2124,2125,2126,2127]]],"properties":{"ubigeo":"110203","nombre":"Chavin","region":"11"}},{"type":"MultiPolygon","arcs":[[[2128,2129,2130,-2090,2131,2132,2133,-2120]]],"properties":{"ubigeo":"110205","nombre":"El Carmen","region":"11"}},{"type":"MultiPolygon","arcs":[[[2134,2135,2136,2137,-2113,2138]]],"properties":{"ubigeo":"110206","nombre":"Grocio Prado","region":"11"}},{"type":"MultiPolygon","arcs":[[[2139,2140,2141,-2023,2142,2143]]],"properties":{"ubigeo":"120101","nombre":"Huancayo","region":"12"}},{"type":"MultiPolygon","arcs":[[[2144,2145,2146,2147,2148,-1751,-752,2149,2150]]],"properties":{"ubigeo":"120108","nombre":"Chongos Alto","region":"12"}},{"type":"MultiPolygon","arcs":[[[2151,2152,-756,2153,2154,2155,2156,2157,2158]]],"properties":{"ubigeo":"120112","nombre":"Colca","region":"12"}},{"type":"MultiPolygon","arcs":[[[2159,2160,2161,2162,2163,2164,-2144,2165,2166]]],"properties":{"ubigeo":"120114","nombre":"El Tambo","region":"12"}},{"type":"MultiPolygon","arcs":[[[-2166,-2143,-2022,2167,2168,2169,2170,2171]]],"properties":{"ubigeo":"120124","nombre":"Pariahuanca","region":"12"}},{"type":"MultiPolygon","arcs":[[[2172,2173,2174,-2160,2175]]],"properties":{"ubigeo":"120128","nombre":"Quilcas","region":"12"}},{"type":"MultiPolygon","arcs":[[[2176,-2170,2177,2178,2179]]],"properties":{"ubigeo":"120135","nombre":"Santo Domingo de Acobamba","region":"12"}},{"type":"MultiPolygon","arcs":[[[2180,-2171,-2177,2181,2182,2183]]],"properties":{"ubigeo":"120203","nombre":"Andamarca","region":"12"}},{"type":"MultiPolygon","arcs":[[[2184,2185,2186,2187,2188,2189,2190]]],"properties":{"ubigeo":"120204","nombre":"Chambara","region":"12"}},{"type":"MultiPolygon","arcs":[[[2191,2192,2193]]],"properties":{"ubigeo":"120205","nombre":"Cochas","region":"12"}},{"type":"MultiPolygon","arcs":[[[2194,-2193,2195,-1922,2196,2197,2198,-2176,-2167,-2172,-2181,2199,2200]]],"properties":{"ubigeo":"120206","nombre":"Comas","region":"12"}},{"type":"MultiPolygon","arcs":[[[2201,2202,2203,-2006,2204,-2191,2205,2206,2207]]],"properties":{"ubigeo":"120431","nombre":"Sincos","region":"12"}},{"type":"MultiPolygon","arcs":[[[2208,2209,2210,2211,2212,2213]]],"properties":{"ubigeo":"120709","nombre":"Tapo","region":"12"}},{"type":"MultiPolygon","arcs":[[[2214,2215,2216,2217,2218,2219,2220,2221]]],"properties":{"ubigeo":"120801","nombre":"La Oroya","region":"12"}},{"type":"MultiPolygon","arcs":[[[2222,2223,2224,-2000,2225,2226]]],"properties":{"ubigeo":"120809","nombre":"Suitucancha","region":"12"}},{"type":"MultiPolygon","arcs":[[[2227,2228,2229,-2223,2230,-2217,2231]]],"properties":{"ubigeo":"120810","nombre":"Yauli","region":"12"}},{"type":"MultiPolygon","arcs":[[[2232,2233,2234,2235,2236,2237,2238]]],"properties":{"ubigeo":"120901","nombre":"Chupaca","region":"12"}},{"type":"MultiPolygon","arcs":[[[2239,2240,2241,-2233,2242,-2187]]],"properties":{"ubigeo":"120902","nombre":"Ahuac","region":"12"}},{"type":"MultiPolygon","arcs":[[[2243,-422,-581,-386]]],"properties":{"ubigeo":"021102","nombre":"Cochapeti","region":"02"}},{"type":"MultiPolygon","arcs":[[[2244,-418,2245,2246,-221,-328]]],"properties":{"ubigeo":"021103","nombre":"Culebras","region":"02"}},{"type":"MultiPolygon","arcs":[[[2247,2248,2249,2250]]],"properties":{"ubigeo":"120416","nombre":"Masma","region":"12"}},{"type":"MultiPolygon","arcs":[[[2251,2252,2253,2254,2255,-1916,2256]]],"properties":{"ubigeo":"120418","nombre":"Molinos","region":"12"}},{"type":"MultiPolygon","arcs":[[[2257,-2213,2258,-2257,-1923,-2196,-2192,2259,-2201,2260,-1780]]],"properties":{"ubigeo":"120419","nombre":"Monobamba","region":"12"}},{"type":"MultiPolygon","arcs":[[[2261,2262,2263,2264,2265,2266,2267,2268,2269]]],"properties":{"ubigeo":"120501","nombre":"Junin","region":"12"}},{"type":"MultiPolygon","arcs":[[[2270,2271,-2262,2272,2273]]],"properties":{"ubigeo":"120502","nombre":"Carhuamayo","region":"12"}},{"type":"MultiPolygon","arcs":[[[2274,2275,-2183,2276,2277]]],"properties":{"ubigeo":"120603","nombre":"Llaylla","region":"12"}},{"type":"MultiPolygon","arcs":[[[2278,2279,2280,-2278,2281]]],"properties":{"ubigeo":"120604","nombre":"Mazamari","region":"12"}},{"type":"MultiPolygon","arcs":[[[2282,-1781,-2261,-2200,-2184,-2276,2283,2284]]],"properties":{"ubigeo":"120605","nombre":"Pampa Hermosa","region":"12"}},{"type":"MultiPolygon","arcs":[[[-2282,-2277,-2182,-2180,2285,2286,2287,2288]]],"properties":{"ubigeo":"120606","nombre":"Pangoa","region":"12"}},{"type":"MultiPolygon","arcs":[[[2289,2290,2291]]],"properties":{"ubigeo":"120607","nombre":"Rio Negro","region":"12"}},{"type":"MultiPolygon","arcs":[[[2292,2293,-2292,2294,-2279,-2289,2295,-1186,2296,2297,2298,2299,2300,2301,2302,-872]]],"properties":{"ubigeo":"120608","nombre":"Rio Tambo","region":"12"}},{"type":"MultiPolygon","arcs":[[[2303,2304,-2214,-2258,-1777]]],"properties":{"ubigeo":"120706","nombre":"Palca","region":"12"}},{"type":"MultiPolygon","arcs":[[[2305,2306,-1337]]],"properties":{"ubigeo":"130201","nombre":"Ascope","region":"13"}},{"type":"MultiPolygon","arcs":[[[2307,-1338,-2307,2308,2309,2310,2311,2312,2313,2314]]],"properties":{"ubigeo":"130202","nombre":"Chicama","region":"13"}},{"type":"MultiPolygon","arcs":[[[-2186,2315,2316,-2240]]],"properties":{"ubigeo":"120907","nombre":"San Juan de Jarpa","region":"12"}},{"type":"MultiPolygon","arcs":[[[2317,2318,2319,2320,2321,2322]]],"properties":{"ubigeo":"130501","nombre":"Julcan","region":"13"}},{"type":"MultiPolygon","arcs":[[[2323,2324,2325,2326,2327,-2314]]],"properties":{"ubigeo":"130613","nombre":"Sinsicap","region":"13"}},{"type":"MultiPolygon","arcs":[[[2328,2329,2330,2331,2332,2333,-1310]]],"properties":{"ubigeo":"130614","nombre":"Usquil","region":"13"}},{"type":"MultiPolygon","arcs":[[[2334,2335,2336,2337,2338,-1379,2339]]],"properties":{"ubigeo":"130701","nombre":"San Pedro de Lloc","region":"13"}},{"type":"MultiPolygon","arcs":[[[2340,2341,2342,2343,2344]]],"properties":{"ubigeo":"130702","nombre":"Guadalupe","region":"13"}},{"type":"MultiPolygon","arcs":[[[2345,2346,2347,2348,2349,2350,2351,2352,-2312]]],"properties":{"ubigeo":"130104","nombre":"Huanchaco","region":"13"}},{"type":"MultiPolygon","arcs":[[[2353,2354,2355,2356,2357,2358,2359]]],"properties":{"ubigeo":"130901","nombre":"Huamachuco","region":"13"}},{"type":"MultiPolygon","arcs":[[[2360,-2359,2361,2362,2363,2364,2365,2366,2367]]],"properties":{"ubigeo":"130902","nombre":"Chugay","region":"13"}},{"type":"MultiPolygon","arcs":[[[2368,-2367,2369,2370,2371]]],"properties":{"ubigeo":"130903","nombre":"Cochorco","region":"13"}},{"type":"MultiPolygon","arcs":[[[2372,-570,2373,2374,2375]]],"properties":{"ubigeo":"131002","nombre":"Angasmarca","region":"13"}},{"type":"MultiPolygon","arcs":[[[2376,2377,2378,-2376,2379,2380,2381,-2356]]],"properties":{"ubigeo":"131003","nombre":"Cachicadan","region":"13"}},{"type":"MultiPolygon","arcs":[[[2382,2383,-571,-2373,-2379]]],"properties":{"ubigeo":"131007","nombre":"Santa Cruz de Chuca","region":"13"}},{"type":"MultiPolygon","arcs":[[[2384,-2381,2385,2386,2387,2388,-2364]]],"properties":{"ubigeo":"131008","nombre":"Sitabamba","region":"13"}},{"type":"MultiPolygon","arcs":[[[-1339,-2308,2389,2390,-1228,2391]]],"properties":{"ubigeo":"131101","nombre":"Cascas","region":"13"}},{"type":"MultiPolygon","arcs":[[[-2391,2392,2393,2394,2395,-1229]]],"properties":{"ubigeo":"131102","nombre":"Lucma","region":"13"}},{"type":"MultiPolygon","arcs":[[[-2315,-2328,2396,-2393,-2390]]],"properties":{"ubigeo":"131103","nombre":"Marmot","region":"13"}},{"type":"MultiPolygon","arcs":[[[-2396,2397,-1308,-1230]]],"properties":{"ubigeo":"131104","nombre":"Sayapullo","region":"13"}},{"type":"MultiPolygon","arcs":[[[2398,2399,2400,2401,2402,2403]]],"properties":{"ubigeo":"131201","nombre":"Viru","region":"13"}},{"type":"MultiPolygon","arcs":[[[-2401,2404,2405,2406,2407,2408]]],"properties":{"ubigeo":"131202","nombre":"Chao","region":"13"}},{"type":"MultiPolygon","arcs":[[[2409,2410,2411,-2406]]],"properties":{"ubigeo":"131203","nombre":"Guadalupito","region":"13"}},{"type":"MultiPolygon","arcs":[[[2412,2413,2414,2415,-2337]]],"properties":{"ubigeo":"130206","nombre":"Razuri","region":"13"}},{"type":"MultiPolygon","arcs":[[[-2338,-2416,2416,2417,-2309,-2306,-1336,2418]]],"properties":{"ubigeo":"130208","nombre":"Casa Grande","region":"13"}},{"type":"MultiPolygon","arcs":[[[2419,-1478,2420,2421,2422,2423]]],"properties":{"ubigeo":"130301","nombre":"Bolivar","region":"13"}},{"type":"MultiPolygon","arcs":[[[2424,2425,2426,2427,-2422]]],"properties":{"ubigeo":"130302","nombre":"Bambamarca","region":"13"}},{"type":"MultiPolygon","arcs":[[[-2427,2428,2429,2430]]],"properties":{"ubigeo":"130303","nombre":"Condormarca","region":"13"}},{"type":"MultiPolygon","arcs":[[[2431,-1480,2432,2433,-21]]],"properties":{"ubigeo":"130304","nombre":"Longotea","region":"13"}},{"type":"MultiPolygon","arcs":[[[-22,-2434,2434,-2424,2435,-43]]],"properties":{"ubigeo":"130305","nombre":"Uchumarca","region":"13"}},{"type":"MultiPolygon","arcs":[[[-2395,2436,2437,-2329,-1309,-2398]]],"properties":{"ubigeo":"130605","nombre":"Huaranchal","region":"13"}},{"type":"MultiPolygon","arcs":[[[2438,2439,-2340,-1378,-2343]]],"properties":{"ubigeo":"130705","nombre":"San Jose","region":"13"}},{"type":"MultiPolygon","arcs":[[[2440,2441,2442,2443,2444,2445,2446]]],"properties":{"ubigeo":"130801","nombre":"Tayabamba","region":"13"}},{"type":"MultiPolygon","arcs":[[[2447,-1305,2448,-2360,-2361,2449]]],"properties":{"ubigeo":"130905","nombre":"Marcabal","region":"13"}},{"type":"MultiPolygon","arcs":[[[2450,-2374,-569,2451,-2387]]],"properties":{"ubigeo":"131005","nombre":"Mollepata","region":"13"}},{"type":"MultiPolygon","arcs":[[[2452,2453,2454,2455,2456,-1358,-1366,2457]]],"properties":{"ubigeo":"140102","nombre":"Chongoyape","region":"14"}},{"type":"MultiPolygon","arcs":[[[2458,2459,2460,2461,-2054]]],"properties":{"ubigeo":"140107","nombre":"Lagunas","region":"14"}},{"type":"MultiPolygon","arcs":[[[2462,2463,2464,-1363,-1404,2465]]],"properties":{"ubigeo":"140203","nombre":"Incahuasi","region":"14"}},{"type":"MultiPolygon","arcs":[[[2466,-2057,2467,2468,-2456,2469]]],"properties":{"ubigeo":"140119","nombre":"Pucala","region":"14"}},{"type":"MultiPolygon","arcs":[[[2470,2471,2472,2473,2474,2475,2476,-2453,2477,-1364,-2465]]],"properties":{"ubigeo":"140205","nombre":"Pitipo","region":"14"}},{"type":"MultiPolygon","arcs":[[[2478,-2471,-2464,2479,2480,2481]]],"properties":{"ubigeo":"140304","nombre":"Jayanca","region":"14"}},{"type":"MultiPolygon","arcs":[[[2482,2483,2484,2485,-2480,-2463,2486,-1428,2487]]],"properties":{"ubigeo":"140310","nombre":"Salas","region":"14"}},{"type":"MultiPolygon","arcs":[[[2488,-1554,2489,-1552,2490,2491,-1148,-1137]]],"properties":{"ubigeo":"150125","nombre":"Puente Piedra","region":"15"}},{"type":"MultiPolygon","arcs":[[[2492,2493,2494,2495]]],"properties":{"ubigeo":"150126","nombre":"Punta Hermosa","region":"15"}},{"type":"MultiPolygon","arcs":[[[-2495,2496,2497,2498]]],"properties":{"ubigeo":"150127","nombre":"Punta Negra","region":"15"}},{"type":"MultiPolygon","arcs":[[[2499,2500,2501,2502]]],"properties":{"ubigeo":"150128","nombre":"Rimac","region":"15"}},{"type":"MultiPolygon","arcs":[[[-2498,2503,2504,2505,2506]]],"properties":{"ubigeo":"150129","nombre":"San Bartolo","region":"15"}},{"type":"MultiPolygon","arcs":[[[2507,-2502,2508,2509,-819,2510,2511,2512,2513,2514,2515,2516,2517,-1153]]],"properties":{"ubigeo":"150101","nombre":"Lima","region":"15"}},{"type":"MultiPolygon","arcs":[[[2518,2519,2520,-128,-1985,2521]]],"properties":{"ubigeo":"150301","nombre":"Cajatambo","region":"15"}},{"type":"MultiPolygon","arcs":[[[2522,2523,2524,2525,2526,2527,2528,2529]]],"properties":{"ubigeo":"150503","nombre":"Calango","region":"15"}},{"type":"MultiPolygon","arcs":[[[2530,2531,2532,2533,2534]]],"properties":{"ubigeo":"150504","nombre":"Cerro Azul","region":"15"}},{"type":"MultiPolygon","arcs":[[[-2506,2535,2536,2537,2538,2539,-2524,2540]]],"properties":{"ubigeo":"150505","nombre":"Chilca","region":"15"}},{"type":"MultiPolygon","arcs":[[[-2527,2541,2542,2543,2544,2545]]],"properties":{"ubigeo":"150506","nombre":"Coayllo","region":"15"}},{"type":"MultiPolygon","arcs":[[[-1139,-1151,2546,-2503,-2508,-1152,2547,2548]]],"properties":{"ubigeo":"150132","nombre":"San Juan de Lurigancho","region":"15"}},{"type":"MultiPolygon","arcs":[[[-2491,-1551,-821,2549,-2509,-2501,2550,2551]]],"properties":{"ubigeo":"150135","nombre":"San Martin de Porres","region":"15"}},{"type":"MultiPolygon","arcs":[[[2552,2553,2554,2555,2556,-2512]]],"properties":{"ubigeo":"150136","nombre":"San Miguel","region":"15"}},{"type":"MultiPolygon","arcs":[[[2557,2558,2559,2560,2561]]],"properties":{"ubigeo":"150142","nombre":"Villa El Salvador","region":"15"}},{"type":"MultiPolygon","arcs":[[[2562,-2562,2563,2564,-1734]]],"properties":{"ubigeo":"150143","nombre":"Villa Maria del Triunfo","region":"15"}},{"type":"MultiPolygon","arcs":[[[2565,2566,2567,2568]]],"properties":{"ubigeo":"150610","nombre":"Santa Cruz de Andamarca","region":"15"}},{"type":"MultiPolygon","arcs":[[[2569,2570,2571,2572,2573,2574,2575]]],"properties":{"ubigeo":"150611","nombre":"Sumbilca","region":"15"}},{"type":"MultiPolygon","arcs":[[[2576,2577,-2123,2578]]],"properties":{"ubigeo":"150508","nombre":"Lunahuana","region":"15"}},{"type":"MultiPolygon","arcs":[[[2579,2580,2581,2582,-2542,-2526]]],"properties":{"ubigeo":"150509","nombre":"Mala","region":"15"}},{"type":"MultiPolygon","arcs":[[[2583,2584,2585,-2577,2586,2587]]],"properties":{"ubigeo":"150510","nombre":"Nuevo Imperial","region":"15"}},{"type":"MultiPolygon","arcs":[[[-2587,-2579,2588,2589,2590,2591]]],"properties":{"ubigeo":"150511","nombre":"Pacaran","region":"15"}},{"type":"MultiPolygon","arcs":[[[-2544,2592,-2534,2593,-2584,2594]]],"properties":{"ubigeo":"150512","nombre":"Quilmana","region":"15"}},{"type":"MultiPolygon","arcs":[[[2595,-2581,2596,-2539]]],"properties":{"ubigeo":"150513","nombre":"San Antonio","region":"15"}},{"type":"MultiPolygon","arcs":[[[2597,2598,2599,2600,2601,2602,2603]]],"properties":{"ubigeo":"150704","nombre":"Carampoma","region":"15"}},{"type":"MultiPolygon","arcs":[[[2604,-2603,2605,-2229,2606]]],"properties":{"ubigeo":"150705","nombre":"Chicla","region":"15"}},{"type":"MultiPolygon","arcs":[[[-2590,2607,2608]]],"properties":{"ubigeo":"150516","nombre":"Zuñiga","region":"15"}},{"type":"MultiPolygon","arcs":[[[2609,2610,2611,2612,-2572,2613]]],"properties":{"ubigeo":"150601","nombre":"Huaral","region":"15"}},{"type":"MultiPolygon","arcs":[[[2614,2615,2616,2617,2618,2619,2620,-2567]]],"properties":{"ubigeo":"150602","nombre":"Atavillos Alto","region":"15"}},{"type":"MultiPolygon","arcs":[[[2621,2622,-2615,-2566,2623]]],"properties":{"ubigeo":"150608","nombre":"Pacaraos","region":"15"}},{"type":"MultiPolygon","arcs":[[[2624,2625,-1146,2626,2627,2628,2629,2630,2631,2632,2633,2634]]],"properties":{"ubigeo":"150702","nombre":"Antioquia","region":"15"}},{"type":"MultiPolygon","arcs":[[[2635,-2598,2636,2637]]],"properties":{"ubigeo":"150708","nombre":"Huanza","region":"15"}},{"type":"MultiPolygon","arcs":[[[2638,2639,2640,2641,2642,2643,2644,2645,2646,2647]]],"properties":{"ubigeo":"150709","nombre":"Huarochiri","region":"15"}},{"type":"MultiPolygon","arcs":[[[2648,2649,2650,-2591,-2609,2651,2652,2653,2654,2655,2656]]],"properties":{"ubigeo":"151003","nombre":"Allauca","region":"15"}},{"type":"MultiPolygon","arcs":[[[2657,2658,2659,2660,2661,-2599,-2636,2662]]],"properties":{"ubigeo":"150712","nombre":"Laraos","region":"15"}},{"type":"MultiPolygon","arcs":[[[-2388,-2452,2663,-561,2664,2665]]],"properties":{"ubigeo":"021509","nombre":"Pampas","region":"02"}},{"type":"MultiPolygon","arcs":[[[2666,-588,2667,2668,2669]]],"properties":{"ubigeo":"021510","nombre":"Santa Rosa","region":"02"}},{"type":"MultiPolygon","arcs":[[[2670,-2670,2671,2672,2673,2674]]],"properties":{"ubigeo":"021511","nombre":"Tauca","region":"02"}},{"type":"MultiPolygon","arcs":[[[-2407,-2412,2675,2676,2677,-599,-595,2678,-583]]],"properties":{"ubigeo":"021801","nombre":"Chimbote","region":"02"}},{"type":"MultiPolygon","arcs":[[[-2679,-594,-591,-437,2679,-427,-446,-584]]],"properties":{"ubigeo":"021802","nombre":"Caceres del Peru","region":"02"}},{"type":"MultiPolygon","arcs":[[[-567,-603,-610,2680,2681]]],"properties":{"ubigeo":"021902","nombre":"Acobamba","region":"02"}},{"type":"MultiPolygon","arcs":[[[-813,2682,2683,-828,2684,2685,2686,-677]]],"properties":{"ubigeo":"030702","nombre":"Curpahuasi","region":"03"}},{"type":"MultiPolygon","arcs":[[[-678,-2687,2687,-537,-663]]],"properties":{"ubigeo":"030703","nombre":"Gamarra","region":"03"}},{"type":"MultiPolygon","arcs":[[[-2688,-2686,2688,-538]]],"properties":{"ubigeo":"030704","nombre":"Huayllati","region":"03"}},{"type":"MultiPolygon","arcs":[[[2689,-734,2690,-680,-697,2691]]],"properties":{"ubigeo":"030207","nombre":"Kishuara","region":"03"}},{"type":"MultiPolygon","arcs":[[[-81,2692,-2692,-696,-669,2693]]],"properties":{"ubigeo":"030208","nombre":"Pacobamba","region":"03"}},{"type":"MultiPolygon","arcs":[[[2694,2695,2696,-808,-657]]],"properties":{"ubigeo":"030306","nombre":"Pachaconas","region":"03"}},{"type":"MultiPolygon","arcs":[[[-2697,2697,2698,2699,-768,-764,-823,-809]]],"properties":{"ubigeo":"030307","nombre":"Sabaino","region":"03"}},{"type":"MultiPolygon","arcs":[[[-784,2700,2701,-2699,2702,2703,2704,2705]]],"properties":{"ubigeo":"030401","nombre":"Chalhuanca","region":"03"}},{"type":"MultiPolygon","arcs":[[[-2702,2706,-769,-2700]]],"properties":{"ubigeo":"030403","nombre":"Caraybamba","region":"03"}},{"type":"MultiPolygon","arcs":[[[-733,2707,2708,2709,2710,-681,-2691]]],"properties":{"ubigeo":"030415","nombre":"Tintay","region":"03"}},{"type":"MultiPolygon","arcs":[[[-830,-554,-539,-2689,-2685]]],"properties":{"ubigeo":"030708","nombre":"Progreso","region":"03"}},{"type":"MultiPolygon","arcs":[[[2711,2712,-1069,-1056,-1053,-840,-835,-852,2713]]],"properties":{"ubigeo":"040128","nombre":"Yura","region":"04"}},{"type":"MultiPolygon","arcs":[[[2714,2715,2716,-1016,2717,-1039,-876,2718]]],"properties":{"ubigeo":"040601","nombre":"Chuquibamba","region":"04"}},{"type":"MultiPolygon","arcs":[[[-898,-882,2719,2720,-2715,2721,-891]]],"properties":{"ubigeo":"040602","nombre":"Andaray","region":"04"}},{"type":"MultiPolygon","arcs":[[[-940,-896,-1046,2722,2723,2724,2725,2726]]],"properties":{"ubigeo":"040603","nombre":"Cayarani","region":"04"}},{"type":"MultiPolygon","arcs":[[[2727,2728,2729,2730,-2716,-2721]]],"properties":{"ubigeo":"040206","nombre":"Ocoña","region":"04"}},{"type":"MultiPolygon","arcs":[[[2731,2732,2733,-1088,-1054,-868,2734]]],"properties":{"ubigeo":"040207","nombre":"Quilca","region":"04"}},{"type":"MultiPolygon","arcs":[[[-1048,2735,2736,-1064,2737,2738]]],"properties":{"ubigeo":"040403","nombre":"Ayo","region":"04"}},{"type":"MultiPolygon","arcs":[[[-2725,2739,-1049,-2739,2740,2741]]],"properties":{"ubigeo":"040404","nombre":"Chachas","region":"04"}},{"type":"MultiPolygon","arcs":[[[-2723,-1045,2742]]],"properties":{"ubigeo":"040405","nombre":"Chilcaymarca","region":"04"}},{"type":"MultiPolygon","arcs":[[[-2741,-2738,-1063,2743,2744,2745]]],"properties":{"ubigeo":"040406","nombre":"Choco","region":"04"}},{"type":"MultiPolygon","arcs":[[[2746,-1041,2747,2748,-1083,-1066]]],"properties":{"ubigeo":"040407","nombre":"Huancarqui","region":"04"}},{"type":"MultiPolygon","arcs":[[[-894,2749,2750,2751,-2736,-1047]]],"properties":{"ubigeo":"040408","nombre":"Machaguay","region":"04"}},{"type":"MultiPolygon","arcs":[[[-2743,-1044,-2740,-2724]]],"properties":{"ubigeo":"040409","nombre":"Orcopampa","region":"04"}},{"type":"MultiPolygon","arcs":[[[-2722,-2719,-878,-1038,2752,2753,-892]]],"properties":{"ubigeo":"040410","nombre":"Pampacolca","region":"04"}},{"type":"MultiPolygon","arcs":[[[2754,2755,2756,-880]]],"properties":{"ubigeo":"040301","nombre":"Caraveli","region":"04"}},{"type":"MultiPolygon","arcs":[[[-2752,2757,-1042,-2747,-1065,-2737]]],"properties":{"ubigeo":"040412","nombre":"Uñon","region":"04"}},{"type":"MultiPolygon","arcs":[[[2758,2759,-1061,2760,2761]]],"properties":{"ubigeo":"040501","nombre":"Chivay","region":"04"}},{"type":"MultiPolygon","arcs":[[[2762,-1086,2763,-1079]]],"properties":{"ubigeo":"040512","nombre":"Maca","region":"04"}},{"type":"MultiPolygon","arcs":[[[2764,2765,-1078]]],"properties":{"ubigeo":"040513","nombre":"Madrigal","region":"04"}},{"type":"MultiPolygon","arcs":[[[2766,2767,-2714,-851,2768,2769]]],"properties":{"ubigeo":"040514","nombre":"San Antonio de Chuca","region":"04"}},{"type":"MultiPolygon","arcs":[[[2770,2771,-2759,2772,2773]]],"properties":{"ubigeo":"040515","nombre":"Sibayo","region":"04"}},{"type":"MultiPolygon","arcs":[[[-2745,2774,-2765,-1077,2775]]],"properties":{"ubigeo":"040516","nombre":"Tapay","region":"04"}},{"type":"MultiPolygon","arcs":[[[-1115,-1290,2776,-806,2777]]],"properties":{"ubigeo":"050106","nombre":"Ocros","region":"05"}},{"type":"MultiPolygon","arcs":[[[-1160,-1279,-958]]],"properties":{"ubigeo":"050206","nombre":"Totos","region":"05"}},{"type":"MultiPolygon","arcs":[[[2778,-1821,-1855,-465,-455,2779,2780,2781,2782,-46]]],"properties":{"ubigeo":"050301","nombre":"Sancos","region":"05"}},{"type":"MultiPolygon","arcs":[[[2783,-1171,2784,-980,-59,2785,-1174]]],"properties":{"ubigeo":"050410","nombre":"Uchuraccay","region":"05"}},{"type":"MultiPolygon","arcs":[[[2786,2787,-1815,2788,-987,-1178,-1184,2789,2790]]],"properties":{"ubigeo":"050411","nombre":"Pucacolpa","region":"05"}},{"type":"MultiPolygon","arcs":[[[-1170,-1166,-981,-2785]]],"properties":{"ubigeo":"050412","nombre":"Chaca","region":"05"}},{"type":"MultiPolygon","arcs":[[[-72,-1189,2791,2792,-799,2793,2794,2795,2796]]],"properties":{"ubigeo":"050502","nombre":"Anco","region":"05"}},{"type":"MultiPolygon","arcs":[[[-1175,-2786,-65,-54,2797,2798]]],"properties":{"ubigeo":"050503","nombre":"Ayna","region":"05"}},{"type":"MultiPolygon","arcs":[[[2799,2800,2801,2802,2803,2804,2805,2806]]],"properties":{"ubigeo":"050601","nombre":"Puquio","region":"05"}},{"type":"MultiPolygon","arcs":[[[2807,2808,2809,2810,2811,2812,-2803]]],"properties":{"ubigeo":"050617","nombre":"San Pedro","region":"05"}},{"type":"MultiPolygon","arcs":[[[2813,2814,-1315,-1306,-2448,2815,-2425,-2421,-1477]]],"properties":{"ubigeo":"060204","nombre":"Sitacocha","region":"06"}},{"type":"MultiPolygon","arcs":[[[2816,-1322,2817,2818,2819,2820,2821,-35]]],"properties":{"ubigeo":"060301","nombre":"Celendin","region":"06"}},{"type":"MultiPolygon","arcs":[[[-1323,-2817,-34,2822,2823]]],"properties":{"ubigeo":"060302","nombre":"Chumuch","region":"06"}},{"type":"MultiPolygon","arcs":[[[-1425,-1249,2824,2825,2826,-2819,2827,-1320]]],"properties":{"ubigeo":"060304","nombre":"Huasmin","region":"06"}},{"type":"MultiPolygon","arcs":[[[2828,-1246,2829,-1473,-2432,-20,2830]]],"properties":{"ubigeo":"060308","nombre":"Oxamarca","region":"06"}},{"type":"MultiPolygon","arcs":[[[-2826,2831,-1247,-2829,2832,2833]]],"properties":{"ubigeo":"060310","nombre":"Sucre","region":"06"}},{"type":"MultiPolygon","arcs":[[[-1368,2834,-1362,-1347,-1383,-1405]]],"properties":{"ubigeo":"060415","nombre":"Querocoto","region":"06"}},{"type":"MultiPolygon","arcs":[[[-1356,-2835,-1367]]],"properties":{"ubigeo":"060416","nombre":"San Juan de Licupis","region":"06"}},{"type":"MultiPolygon","arcs":[[[2835,-2235,2836,2837,2838,-2152,2839,2840,2841]]],"properties":{"ubigeo":"120903","nombre":"Chongos Bajo","region":"12"}},{"type":"MultiPolygon","arcs":[[[2842,2843,2844,-1493,2845,2846]]],"properties":{"ubigeo":"061108","nombre":"Nanchoc","region":"06"}},{"type":"MultiPolygon","arcs":[[[2847,2848,2849,2850,2851,2852,-1501,2853]]],"properties":{"ubigeo":"220904","nombre":"Chazuta","region":"22"}},{"type":"MultiPolygon","arcs":[[[2854,2855,2856]]],"properties":{"ubigeo":"220906","nombre":"El Porvenir","region":"22"}},{"type":"MultiPolygon","arcs":[[[-2853,2857,2858,-1502]]],"properties":{"ubigeo":"220907","nombre":"Huimbayoc","region":"22"}},{"type":"MultiPolygon","arcs":[[[-1523,2859,2860]]],"properties":{"ubigeo":"061302","nombre":"Andabamba","region":"06"}},{"type":"MultiPolygon","arcs":[[[2861,-1609,-1594,2862,-1694,2863,-1537]]],"properties":{"ubigeo":"080205","nombre":"Pomacanchi","region":"08"}},{"type":"MultiPolygon","arcs":[[[-551,-548,2864,2865,2866,2867,2868]]],"properties":{"ubigeo":"080704","nombre":"Colquemarca","region":"08"}},{"type":"MultiPolygon","arcs":[[[-1593,2869,2870,2871,-1671,-1690,-1662,-1691,-2863]]],"properties":{"ubigeo":"080705","nombre":"Livitaca","region":"08"}},{"type":"MultiPolygon","arcs":[[[-546,-780,2872,-2866,2873]]],"properties":{"ubigeo":"080706","nombre":"Llusco","region":"08"}},{"type":"MultiPolygon","arcs":[[[2874,2875,2876,-988,-1688]]],"properties":{"ubigeo":"080808","nombre":"Alto Pichigua","region":"08"}},{"type":"MultiPolygon","arcs":[[[2877,2878,2879]]],"properties":{"ubigeo":"080901","nombre":"Santa Ana","region":"08"}},{"type":"MultiPolygon","arcs":[[[-2301,2880,2881,-2880,2882,2883,2884,2885,2886,2887]]],"properties":{"ubigeo":"080902","nombre":"Echarate","region":"08"}},{"type":"MultiPolygon","arcs":[[[2888,2889,-1728,-1730,2890]]],"properties":{"ubigeo":"080903","nombre":"Huayopata","region":"08"}},{"type":"MultiPolygon","arcs":[[[2891,2892,-2889,2893,-2883,-2879]]],"properties":{"ubigeo":"080904","nombre":"Maranura","region":"08"}},{"type":"MultiPolygon","arcs":[[[2894,-2884,-2894,-2891,-1729,-1641,-1659]]],"properties":{"ubigeo":"080905","nombre":"Ocobamba","region":"08"}},{"type":"MultiPolygon","arcs":[[[-2895,-1658,2895,-2885]]],"properties":{"ubigeo":"080906","nombre":"Quellouno","region":"08"}},{"type":"MultiPolygon","arcs":[[[-2299,2896,-2798,-58,2897,2898]]],"properties":{"ubigeo":"080907","nombre":"Kimbiri","region":"08"}},{"type":"MultiPolygon","arcs":[[[-2893,2899,-673,2900,-1625,-1726,-2890]]],"properties":{"ubigeo":"080908","nombre":"Santa Teresa","region":"08"}},{"type":"MultiPolygon","arcs":[[[2901,2902,2903,2904,-674,-2900,-2892,-2878,-2882]]],"properties":{"ubigeo":"080909","nombre":"Vilcabamba","region":"08"}},{"type":"MultiPolygon","arcs":[[[2905,-1180,-1176,-2799,-2897,-2298]]],"properties":{"ubigeo":"080910","nombre":"Pichari","region":"08"}},{"type":"MultiPolygon","arcs":[[[2906,2907,2908,2909,2910,2911,2912,2913,2914]]],"properties":{"ubigeo":"250101","nombre":"Calleria","region":"25"}},{"type":"MultiPolygon","arcs":[[[2915,2916,2917,2918,-1721,2919,2920,2921]]],"properties":{"ubigeo":"081205","nombre":"Ccatca","region":"08"}},{"type":"MultiPolygon","arcs":[[[-1540,-1698,-1710,2922,-1719]]],"properties":{"ubigeo":"081206","nombre":"Cusipata","region":"08"}},{"type":"MultiPolygon","arcs":[[[2923,-1533,2924,-1717,2925]]],"properties":{"ubigeo":"081207","nombre":"Huaro","region":"08"}},{"type":"MultiPolygon","arcs":[[[-1725,2926,2927,2928,2929,2930,2931,2932,-1644]]],"properties":{"ubigeo":"080401","nombre":"Calca","region":"08"}},{"type":"MultiPolygon","arcs":[[[2933,-1765,2934,-2,-1637,2935]]],"properties":{"ubigeo":"090117","nombre":"Yauli","region":"09"}},{"type":"MultiPolygon","arcs":[[[2936,-1748,2937,2938,-1809,-1802,2939,2940]]],"properties":{"ubigeo":"090118","nombre":"Ascension","region":"09"}},{"type":"MultiPolygon","arcs":[[[2941,2942,-1749,-2937,2943,2944,2945,-1962,-1864,2946]]],"properties":{"ubigeo":"090119","nombre":"Huando","region":"09"}},{"type":"MultiPolygon","arcs":[[[-6,2947,2948,-1775,2949,-1627,-1870,2950,2951]]],"properties":{"ubigeo":"090201","nombre":"Acobamba","region":"09"}},{"type":"MultiPolygon","arcs":[[[2952,2953,-1590,2954,-1581]]],"properties":{"ubigeo":"081002","nombre":"Accha","region":"08"}},{"type":"MultiPolygon","arcs":[[[2955,2956,-2922,2957,-1601]]],"properties":{"ubigeo":"081101","nombre":"Paucartambo","region":"08"}},{"type":"MultiPolygon","arcs":[[[2958,-1605,2959,2960,2961,2962,2963]]],"properties":{"ubigeo":"081203","nombre":"Camanti","region":"08"}},{"type":"MultiPolygon","arcs":[[[-2940,-1801,-1834,-1741,-1763,-2934,2964,2965]]],"properties":{"ubigeo":"090101","nombre":"Huancavelica","region":"09"}},{"type":"MultiPolygon","arcs":[[[2966,-618,-449,-443,2967,2968,-467,-372,-368]]],"properties":{"ubigeo":"021601","nombre":"Pomabamba","region":"02"}},{"type":"MultiPolygon","arcs":[[[-2968,-442,-643,2969,2970,2971]]],"properties":{"ubigeo":"021602","nombre":"Huayllan","region":"02"}},{"type":"MultiPolygon","arcs":[[[2972,2973,2974]]],"properties":{"ubigeo":"120212","nombre":"Nueve de Julio","region":"12"}},{"type":"MultiPolygon","arcs":[[[-1830,-2121,-2134,2975,-1824,2976]]],"properties":{"ubigeo":"090404","nombre":"Capillas","region":"09"}},{"type":"MultiPolygon","arcs":[[[2977,2978,2979,2980,2981,-1807,-2939,2982]]],"properties":{"ubigeo":"090405","nombre":"Chupamarca","region":"09"}},{"type":"MultiPolygon","arcs":[[[2983,-1883,2984,-1836,2985]]],"properties":{"ubigeo":"090609","nombre":"Quito-arma","region":"09"}},{"type":"MultiPolygon","arcs":[[[-1839,-1887,-1888,-1859,2986]]],"properties":{"ubigeo":"090616","nombre":"Tambo","region":"09"}},{"type":"MultiPolygon","arcs":[[[2987,-2040,2988,2989,-2044,2990]]],"properties":{"ubigeo":"100108","nombre":"San Pedro de Chaulan","region":"10"}},{"type":"MultiPolygon","arcs":[[[-1894,-2017,-1997,2991,-2028,2992,2993,-2034]]],"properties":{"ubigeo":"100109","nombre":"Santa Maria del Valle","region":"10"}},{"type":"MultiPolygon","arcs":[[[2994,2995,2996,2997,2998,2999,3000,-1941,3001,3002]]],"properties":{"ubigeo":"100604","nombre":"Jose Crespo y Castillo","region":"10"}},{"type":"MultiPolygon","arcs":[[[3003,-1944,3004,-1947,-1954,3005]]],"properties":{"ubigeo":"100605","nombre":"Luyando","region":"10"}},{"type":"MultiPolygon","arcs":[[[3006,-1897,-2033,3007,-1948,-3005,-1943]]],"properties":{"ubigeo":"100606","nombre":"Mariano Damaso Beraun","region":"10"}},{"type":"MultiPolygon","arcs":[[[3008,-2997,3009,3010]]],"properties":{"ubigeo":"100607","nombre":"Pucayacu","region":"10"}},{"type":"MultiPolygon","arcs":[[[-1833,-1799,-1840,-2987,-1858,-1841,-1853,-1822,-2779,-45,-1278,-1162,3011,-1757,-1738]]],"properties":{"ubigeo":"090607","nombre":"Pilpichaca","region":"09"}},{"type":"MultiPolygon","arcs":[[[3012,3013,3014,-2286,-2179]]],"properties":{"ubigeo":"090707","nombre":"Huachocolpa","region":"09"}},{"type":"MultiPolygon","arcs":[[[-1880,-1982,3015,-1967,3016,-1977,-2010,-2020]]],"properties":{"ubigeo":"090709","nombre":"Huaribamba","region":"09"}},{"type":"MultiPolygon","arcs":[[[3017,3018,3019,3020,3021,-2061,3022,3023,3024]]],"properties":{"ubigeo":"100702","nombre":"Cholon","region":"10"}},{"type":"MultiPolygon","arcs":[[[-473,3025,-3020,3026]]],"properties":{"ubigeo":"100703","nombre":"San Buenaventura","region":"10"}},{"type":"MultiPolygon","arcs":[[[3027,3028,-2999,3029]]],"properties":{"ubigeo":"100704","nombre":"La Morada","region":"10"}},{"type":"MultiPolygon","arcs":[[[-2060,3030,-3028,3031,-3023]]],"properties":{"ubigeo":"100705","nombre":"Santa Rosa de Alto Yanajanca","region":"10"}},{"type":"MultiPolygon","arcs":[[[3032,3033,3034,3035,3036,3037,3038,3039]]],"properties":{"ubigeo":"100801","nombre":"Panao","region":"10"}},{"type":"MultiPolygon","arcs":[[[-3008,-2032,-2050,3040,-3040,3041,3042,-1949]]],"properties":{"ubigeo":"100802","nombre":"Chaglla","region":"10"}},{"type":"MultiPolygon","arcs":[[[-608,-365,3043,3044,-611]]],"properties":{"ubigeo":"021903","nombre":"Alfonso Ugarte","region":"02"}},{"type":"MultiPolygon","arcs":[[[3045,3046,3047,3048,3049,3050,-2250]]],"properties":{"ubigeo":"120404","nombre":"Ataura","region":"12"}},{"type":"MultiPolygon","arcs":[[[3051,-2012,3052,3053,3054,-3014,3055]]],"properties":{"ubigeo":"090717","nombre":"Surcubamba","region":"09"}},{"type":"MultiPolygon","arcs":[[[-2287,-3015,-3055,3056,3057,3058,-2791,3059]]],"properties":{"ubigeo":"090718","nombre":"Tintay Puncu","region":"09"}},{"type":"MultiPolygon","arcs":[[[-1973,3060,3061,3062,-1811,-1969]]],"properties":{"ubigeo":"090719","nombre":"Quichuas","region":"09"}},{"type":"MultiPolygon","arcs":[[[-2103,3063,-2108,3064]]],"properties":{"ubigeo":"110105","nombre":"Pachacutec","region":"11"}},{"type":"MultiPolygon","arcs":[[[3065,3066,3067,3068,-3035,3069]]],"properties":{"ubigeo":"100201","nombre":"Ambo","region":"10"}},{"type":"MultiPolygon","arcs":[[[-2990,3070,3071,3072,3073,-2045]]],"properties":{"ubigeo":"100202","nombre":"Cayna","region":"10"}},{"type":"MultiPolygon","arcs":[[[-2039,-1990,3074,-3071,-2989]]],"properties":{"ubigeo":"100203","nombre":"Colpas","region":"10"}},{"type":"MultiPolygon","arcs":[[[3075,3076,3077,3078,-458]]],"properties":{"ubigeo":"110301","nombre":"Nasca","region":"11"}},{"type":"MultiPolygon","arcs":[[[3079,3080,3081,-3077,3082,3083,-2069]]],"properties":{"ubigeo":"110302","nombre":"Changuillo","region":"11"}},{"type":"MultiPolygon","arcs":[[[-472,3084,3085,3086,-3021,-3026]]],"properties":{"ubigeo":"100402","nombre":"Canchabamba","region":"10"}},{"type":"MultiPolygon","arcs":[[[-2059,-416,-406,3087,3088,3089,-3000,-3029,-3031]]],"properties":{"ubigeo":"100403","nombre":"Cochabamba","region":"10"}},{"type":"MultiPolygon","arcs":[[[3090,3091,3092,3093]]],"properties":{"ubigeo":"100905","nombre":"Yuyapichis","region":"10"}},{"type":"MultiPolygon","arcs":[[[3094,3095,-298,3096,-2522,-1984,-2038,3097]]],"properties":{"ubigeo":"101001","nombre":"Jesus","region":"10"}},{"type":"MultiPolygon","arcs":[[[-281,3098,-3095,3099,3100]]],"properties":{"ubigeo":"101002","nombre":"Baños","region":"10"}},{"type":"MultiPolygon","arcs":[[[3101,3102,3103,3104,-1992,-2016,3105]]],"properties":{"ubigeo":"101106","nombre":"Obas","region":"10"}},{"type":"MultiPolygon","arcs":[[[3106,-2100,3107,-2087,-2105,-1850,-1885,3108]]],"properties":{"ubigeo":"110109","nombre":"San Jose de los Molinos","region":"11"}},{"type":"MultiPolygon","arcs":[[[-2077,-2096,3109,-3080,-2068,3110,-2109,-3064,-2102,3111]]],"properties":{"ubigeo":"110111","nombre":"Santiago","region":"11"}},{"type":"MultiPolygon","arcs":[[[3112,-2139,-2112,-2124]]],"properties":{"ubigeo":"110207","nombre":"Pueblo Nuevo","region":"11"}},{"type":"MultiPolygon","arcs":[[[-2117,-2122,-1828,3113,3114,-2125]]],"properties":{"ubigeo":"110208","nombre":"San Juan de Yanac","region":"11"}},{"type":"MultiPolygon","arcs":[[[3115,3116,-2126,-3115,3117,3118,-2981]]],"properties":{"ubigeo":"110209","nombre":"San Pedro de Huacarpana","region":"11"}},{"type":"MultiPolygon","arcs":[[[3119,3120,-1779,-1784,3121,3122,3123]]],"properties":{"ubigeo":"120301","nombre":"Chanchamayo","region":"12"}},{"type":"MultiPolygon","arcs":[[[-2212,3124,-1914,3125,-2252,-2259]]],"properties":{"ubigeo":"120427","nombre":"Ricran","region":"12"}},{"type":"MultiPolygon","arcs":[[[3126,3127,3128,-2264,3129]]],"properties":{"ubigeo":"120503","nombre":"Ondores","region":"12"}},{"type":"MultiPolygon","arcs":[[[-2273,-2270,3130,3131,-3120,3132,3133,3134]]],"properties":{"ubigeo":"120504","nombre":"Ulcumayo","region":"12"}},{"type":"MultiPolygon","arcs":[[[-2291,3135,-2285,3136,-2280,-2295]]],"properties":{"ubigeo":"120601","nombre":"Satipo","region":"12"}},{"type":"MultiPolygon","arcs":[[[-2352,3137,3138,3139,3140,-2404,3141,3142,3143,3144]]],"properties":{"ubigeo":"130106","nombre":"Laredo","region":"13"}},{"type":"MultiPolygon","arcs":[[[3145,3146,3147,3148,-2062,3149,3150,-2911,3151]]],"properties":{"ubigeo":"250102","nombre":"Campoverde","region":"25"}},{"type":"MultiPolygon","arcs":[[[3152,-2066,3153,-3093,3154,3155,3156,3157]]],"properties":{"ubigeo":"250103","nombre":"Iparia","region":"25"}},{"type":"MultiPolygon","arcs":[[[-3060,-2790,-1183,-2296,-2288]]],"properties":{"ubigeo":"120609","nombre":"Vizcatan del Ene","region":"12"}},{"type":"MultiPolygon","arcs":[[[3158,3159,-2222,3160,3161,-2210,3162]]],"properties":{"ubigeo":"120701","nombre":"Tarma","region":"12"}},{"type":"MultiPolygon","arcs":[[[3163,3164,-2399,-3141]]],"properties":{"ubigeo":"130109","nombre":"Salaverry","region":"13"}},{"type":"MultiPolygon","arcs":[[[-2313,-2353,-3145,3165,3166,3167,-2324]]],"properties":{"ubigeo":"130110","nombre":"Simbal","region":"13"}},{"type":"MultiPolygon","arcs":[[[3168,3169,-3146,3170,-2909,3171]]],"properties":{"ubigeo":"250106","nombre":"Nueva Requena","region":"25"}},{"type":"MultiPolygon","arcs":[[[-3162,3172,-1915,-3125,-2211]]],"properties":{"ubigeo":"120703","nombre":"Huaricolca","region":"12"}},{"type":"MultiPolygon","arcs":[[[3173,3174,3175,3176]]],"properties":{"ubigeo":"120707","nombre":"Palcamayo","region":"12"}},{"type":"MultiPolygon","arcs":[[[-2269,3177,-3174,3178,-3131]]],"properties":{"ubigeo":"120708","nombre":"San Pedro de Cajas","region":"12"}},{"type":"MultiPolygon","arcs":[[[-2231,-2227,3179,-2218]]],"properties":{"ubigeo":"120803","nombre":"Huay-huay","region":"12"}},{"type":"MultiPolygon","arcs":[[[3180,3181,3182]]],"properties":{"ubigeo":"250306","nombre":"Huipoca","region":"25"}},{"type":"MultiPolygon","arcs":[[[3183,3184,-1956,3185]]],"properties":{"ubigeo":"250307","nombre":"Boqueron","region":"25"}},{"type":"MultiPolygon","arcs":[[[3186,3187,-874,3188,3189]]],"properties":{"ubigeo":"250401","nombre":"Purus","region":"25"}},{"type":"MultiPolygon","arcs":[[[-2322,3190,3191]]],"properties":{"ubigeo":"130502","nombre":"Calamarca","region":"13"}},{"type":"MultiPolygon","arcs":[[[-3142,-2403,3192,-2320,3193,3194]]],"properties":{"ubigeo":"130503","nombre":"Carabamba","region":"13"}},{"type":"MultiPolygon","arcs":[[[-2321,-3193,-2402,-2409,3195,3196,-3191]]],"properties":{"ubigeo":"130504","nombre":"Huaso","region":"13"}},{"type":"MultiPolygon","arcs":[[[-2397,-2327,3197,3198,3199,3200,-2331,3201,-2437,-2394]]],"properties":{"ubigeo":"130601","nombre":"Otuzco","region":"13"}},{"type":"MultiPolygon","arcs":[[[-3201,3202,3203,-2318,3204,-2332]]],"properties":{"ubigeo":"130602","nombre":"Agallpampa","region":"13"}},{"type":"MultiPolygon","arcs":[[[3205,3206,3207]]],"properties":{"ubigeo":"130103","nombre":"Florencia de Mora","region":"13"}},{"type":"MultiPolygon","arcs":[[[-2711,3208,-790,-651]]],"properties":{"ubigeo":"030404","nombre":"Chapimarca","region":"03"}},{"type":"MultiPolygon","arcs":[[[3209,-541,-557,-549,3210,-1585,-1614]]],"properties":{"ubigeo":"030501","nombre":"Tambobamba","region":"03"}},{"type":"MultiPolygon","arcs":[[[-454,3211,3212,3213,3214,-2780]]],"properties":{"ubigeo":"050618","nombre":"San Pedro de Palco","region":"05"}},{"type":"MultiPolygon","arcs":[[[-2757,3215,-2728,-2720,-881]]],"properties":{"ubigeo":"040203","nombre":"Mariano Nicolas Valcarcel","region":"04"}},{"type":"MultiPolygon","arcs":[[[3216,-1035,-1022,3217,-2811,3218]]],"properties":{"ubigeo":"040302","nombre":"Acari","region":"04"}},{"type":"MultiPolygon","arcs":[[[3219,-1031,3220,3221,-2729,-3216,-2756]]],"properties":{"ubigeo":"040303","nombre":"Atico","region":"04"}},{"type":"MultiPolygon","arcs":[[[-1024,-1037,3222,3223,3224,3225]]],"properties":{"ubigeo":"040304","nombre":"Atiquipa","region":"04"}},{"type":"MultiPolygon","arcs":[[[-2718,-1021,3226,-2748,-1040]]],"properties":{"ubigeo":"040413","nombre":"Uraca","region":"04"}},{"type":"MultiPolygon","arcs":[[[-899,-889,-1103]]],"properties":{"ubigeo":"040604","nombre":"Chichas","region":"04"}},{"type":"MultiPolygon","arcs":[[[-2764,-1085,-1070,-2713,3227,3228]]],"properties":{"ubigeo":"040502","nombre":"Achoma","region":"04"}},{"type":"MultiPolygon","arcs":[[[-1068,-1087,-2763,-2766,-2775,-2744]]],"properties":{"ubigeo":"040503","nombre":"Cabanaconde","region":"04"}},{"type":"MultiPolygon","arcs":[[[-2773,-2762,3229,-2767,3230,3231,3232]]],"properties":{"ubigeo":"040504","nombre":"Callalli","region":"04"}},{"type":"MultiPolygon","arcs":[[[-1576,3233,-2774,-3233,3234,3235,3236,3237]]],"properties":{"ubigeo":"040517","nombre":"Tisco","region":"04"}},{"type":"MultiPolygon","arcs":[[[3238,-1081,-1062,-2760,-2772]]],"properties":{"ubigeo":"040518","nombre":"Tuti","region":"04"}},{"type":"MultiPolygon","arcs":[[[-2761,-1060,-3228,-2712,-2768,-3230]]],"properties":{"ubigeo":"040519","nombre":"Yanque","region":"04"}},{"type":"MultiPolygon","arcs":[[[-2749,-3227,-1020,3239,-2732,3240,-862,-1084]]],"properties":{"ubigeo":"040520","nombre":"Majes","region":"04"}},{"type":"MultiPolygon","arcs":[[[3241,3242,-1127,-1141,-1124,-1106]]],"properties":{"ubigeo":"050112","nombre":"Socos","region":"05"}},{"type":"MultiPolygon","arcs":[[[3243,3244,-1142,-1129,-1112,-1120,-1133]]],"properties":{"ubigeo":"050113","nombre":"Tambillo","region":"05"}},{"type":"MultiPolygon","arcs":[[[-1117,3245,-791,-2793,3246]]],"properties":{"ubigeo":"050504","nombre":"Chilcas","region":"05"}},{"type":"MultiPolygon","arcs":[[[3247,-2794,-798,3248,-76,3249,-2904]]],"properties":{"ubigeo":"050505","nombre":"Chungui","region":"05"}},{"type":"MultiPolygon","arcs":[[[-1116,-2778,-805,-792,-3246]]],"properties":{"ubigeo":"050506","nombre":"Luis Carranza","region":"05"}},{"type":"MultiPolygon","arcs":[[[3250,-2781,-3215,3251,3252,3253,-1264,-1269]]],"properties":{"ubigeo":"050602","nombre":"Aucara","region":"05"}},{"type":"MultiPolygon","arcs":[[[-3253,3254,3255,3256,3257]]],"properties":{"ubigeo":"050603","nombre":"Cabana","region":"05"}},{"type":"MultiPolygon","arcs":[[[3258,-2807,3259,-3256]]],"properties":{"ubigeo":"050604","nombre":"Carmen Salcedo","region":"05"}},{"type":"MultiPolygon","arcs":[[[3260,-3226,3261,-1034,3262,3263,3264,3265,3266]]],"properties":{"ubigeo":"050705","nombre":"Pullo","region":"05"}},{"type":"MultiPolygon","arcs":[[[3267,-1374,3268,-1332,3269,3270,3271]]],"properties":{"ubigeo":"060405","nombre":"Chimban","region":"06"}},{"type":"MultiPolygon","arcs":[[[-1335,-1419,-1385,3272,3273,3274,3275,3276,-3270]]],"properties":{"ubigeo":"060417","nombre":"Tacabamba","region":"06"}},{"type":"MultiPolygon","arcs":[[[-2478,-2458,-1365]]],"properties":{"ubigeo":"060418","nombre":"Tocmoche","region":"06"}},{"type":"MultiPolygon","arcs":[[[3277,-1329,-1423,3278,3279,-3275]]],"properties":{"ubigeo":"060419","nombre":"Chalamarca","region":"06"}},{"type":"MultiPolygon","arcs":[[[3280,3281,3282,-1340,-2392,-1227,-1298,3283]]],"properties":{"ubigeo":"060501","nombre":"Contumaza","region":"06"}},{"type":"MultiPolygon","arcs":[[[3284,-2188,-2243,-2239,3285,3286]]],"properties":{"ubigeo":"120904","nombre":"Huachac","region":"12"}},{"type":"MultiPolygon","arcs":[[[3287,3288,-1437,-686,-695,-1394,3289]]],"properties":{"ubigeo":"060801","nombre":"Jaen","region":"06"}},{"type":"MultiPolygon","arcs":[[[3290,3291,3292,-1435,-688,-1441,-1461,-1451,-1447,-1463]]],"properties":{"ubigeo":"060907","nombre":"Tabaconas","region":"06"}},{"type":"MultiPolygon","arcs":[[[-1471,-1571,3293,-1563,3294,3295,3296,3297,3298]]],"properties":{"ubigeo":"080101","nombre":"Cusco","region":"08"}},{"type":"MultiPolygon","arcs":[[[-547,-2874,-2865]]],"properties":{"ubigeo":"080707","nombre":"Quiñota","region":"08"}},{"type":"MultiPolygon","arcs":[[[3299,3300,-2871,3301]]],"properties":{"ubigeo":"080708","nombre":"Velille","region":"08"}},{"type":"MultiPolygon","arcs":[[[3302,-3237,3303,3304,-2876,3305]]],"properties":{"ubigeo":"080801","nombre":"Espinar","region":"08"}},{"type":"MultiPolygon","arcs":[[[3306,-3235,-3232,3307,3308,3309]]],"properties":{"ubigeo":"080802","nombre":"Condoroma","region":"08"}},{"type":"MultiPolygon","arcs":[[[-2872,-3301,3310,3311,-1577,-3238,-3303,3312,-1672]]],"properties":{"ubigeo":"080803","nombre":"Coporaque","region":"08"}},{"type":"MultiPolygon","arcs":[[[-3304,-3236,-3307,3313]]],"properties":{"ubigeo":"080804","nombre":"Ocoruro","region":"08"}},{"type":"MultiPolygon","arcs":[[[-2877,-3305,-3314,-3310,3314,3315,3316,-989]]],"properties":{"ubigeo":"080805","nombre":"Pallpata","region":"08"}},{"type":"MultiPolygon","arcs":[[[-1673,-3313,-3306,-2875,-1687,-1676]]],"properties":{"ubigeo":"080806","nombre":"Pichigua","region":"08"}},{"type":"MultiPolygon","arcs":[[[-1660,-1645,-2933,3317,-2956,-1600]]],"properties":{"ubigeo":"081103","nombre":"Challabamba","region":"08"}},{"type":"MultiPolygon","arcs":[[[-1655,3318,-1558,3319,3320,-1535,3321,3322]]],"properties":{"ubigeo":"081208","nombre":"Lucre","region":"08"}},{"type":"MultiPolygon","arcs":[[[-1604,3323,-1712,3324,3325,-2960]]],"properties":{"ubigeo":"081209","nombre":"Marcapata","region":"08"}},{"type":"MultiPolygon","arcs":[[[-1603,3326,-2920,-1720,-2923,-1709,-3324]]],"properties":{"ubigeo":"081210","nombre":"Ocongate","region":"08"}},{"type":"MultiPolygon","arcs":[[[-2873,-779,-941,-2727,-3311,-3300,3327,-2867]]],"properties":{"ubigeo":"080701","nombre":"Santo Tomas","region":"08"}},{"type":"MultiPolygon","arcs":[[[-3211,-553,3328,-2953,-1580,-1596,-1586]]],"properties":{"ubigeo":"081003","nombre":"Ccapi","region":"08"}},{"type":"MultiPolygon","arcs":[[[-1656,-3323,3329,3330,-2918,3331,3332]]],"properties":{"ubigeo":"081102","nombre":"Caicay","region":"08"}},{"type":"MultiPolygon","arcs":[[[-2921,-3327,-1602,-2958]]],"properties":{"ubigeo":"081204","nombre":"Ccarhuayo","region":"08"}},{"type":"MultiPolygon","arcs":[[[-2149,3333,3334,3335,3336,-2983,-2938,-1747,-1743,-1752]]],"properties":{"ubigeo":"090102","nombre":"Acobambilla","region":"09"}},{"type":"MultiPolygon","arcs":[[[3337,-1964,3338,-2945,3339,-2965,-2936,-1640,3340,3341,-3062]]],"properties":{"ubigeo":"090103","nombre":"Acoria","region":"09"}},{"type":"MultiPolygon","arcs":[[[-1826,3342,-2986,-1835,-1797,3343]]],"properties":{"ubigeo":"090413","nombre":"Ticrapo","region":"09"}},{"type":"MultiPolygon","arcs":[[[3344,-1877,-1873,3345,-1167,-983]]],"properties":{"ubigeo":"090509","nombre":"San Pedro de Coris","region":"09"}},{"type":"MultiPolygon","arcs":[[[-1814,-1878,-3345,-982,-2789]]],"properties":{"ubigeo":"090510","nombre":"Pachamarca","region":"09"}},{"type":"MultiPolygon","arcs":[[[3346,-2127,-3117,3347,3348]]],"properties":{"ubigeo":"151005","nombre":"Azangaro","region":"15"}},{"type":"MultiPolygon","arcs":[[[3349,-2653,3350,3351,3352,-3335,3353]]],"properties":{"ubigeo":"151006","nombre":"Cacra","region":"15"}},{"type":"MultiPolygon","arcs":[[[3354,3355,-1140,-2549,3356,3357,3358,3359]]],"properties":{"ubigeo":"150716","nombre":"San Antonio","region":"15"}},{"type":"MultiPolygon","arcs":[[[3360,3361,3362,3363,3364]]],"properties":{"ubigeo":"151007","nombre":"Carania","region":"15"}},{"type":"MultiPolygon","arcs":[[[3365,-2654,-3350,3366,3367]]],"properties":{"ubigeo":"151008","nombre":"Catahuasi","region":"15"}},{"type":"MultiPolygon","arcs":[[[-2589,-2128,-3347,3368,3369,-2652,-2608]]],"properties":{"ubigeo":"151009","nombre":"Chocos","region":"15"}},{"type":"MultiPolygon","arcs":[[[3370,3371,3372,-2631,3373,-2639,3374]]],"properties":{"ubigeo":"150718","nombre":"San Damian","region":"15"}},{"type":"MultiPolygon","arcs":[[[-2647,3375,3376,3377,3378]]],"properties":{"ubigeo":"150720","nombre":"San Juan de Tantaranche","region":"15"}},{"type":"MultiPolygon","arcs":[[[3379,3380,3381,3382,3383,3384]]],"properties":{"ubigeo":"160303","nombre":"Tigre","region":"16"}},{"type":"MultiPolygon","arcs":[[[3385,3386,3387,-3381]]],"properties":{"ubigeo":"160304","nombre":"Trompeteros","region":"16"}},{"type":"MultiPolygon","arcs":[[[3388,3389,3390,-3382,-3388]]],"properties":{"ubigeo":"160305","nombre":"Urarinas","region":"16"}},{"type":"MultiPolygon","arcs":[[[3391,3392,3393,3394]]],"properties":{"ubigeo":"160401","nombre":"Ramon Castilla","region":"16"}},{"type":"MultiPolygon","arcs":[[[3395,3396,3397,3398,3399]]],"properties":{"ubigeo":"160402","nombre":"Pebas","region":"16"}},{"type":"MultiPolygon","arcs":[[[3400,-3397,3401,3402,3403,3404,3405,3406,-3393]]],"properties":{"ubigeo":"160403","nombre":"Yavari","region":"16"}},{"type":"MultiPolygon","arcs":[[[-3398,-3401,-3392]]],"properties":{"ubigeo":"160404","nombre":"San Pablo","region":"16"}},{"type":"MultiPolygon","arcs":[[[3407,3408,3409,3410,3411,3412,3413,3414]]],"properties":{"ubigeo":"160501","nombre":"Requena","region":"16"}},{"type":"MultiPolygon","arcs":[[[3415,3416,3417,-2915,3418,3419,3420,3421]]],"properties":{"ubigeo":"160502","nombre":"Alto Tapiche","region":"16"}},{"type":"MultiPolygon","arcs":[[[3422,3423,-1503,-2859,3424,3425,3426]]],"properties":{"ubigeo":"160605","nombre":"Sarayacu","region":"16"}},{"type":"MultiPolygon","arcs":[[[3427,3428,3429,3430,3431,-3426]]],"properties":{"ubigeo":"160606","nombre":"Vargas Guerra","region":"16"}},{"type":"MultiPolygon","arcs":[[[3432,3433,3434,-2643]]],"properties":{"ubigeo":"150726","nombre":"Sangallaya","region":"15"}},{"type":"MultiPolygon","arcs":[[[-2964,3435,3436,3437]]],"properties":{"ubigeo":"170204","nombre":"Huepetuhe","region":"17"}},{"type":"MultiPolygon","arcs":[[[-3190,3438,3439,3440,3441,3442,3443]]],"properties":{"ubigeo":"170301","nombre":"Iñapari","region":"17"}},{"type":"MultiPolygon","arcs":[[[3444,-2496,-2499,-2507,-2541,-2523,3445,3446,3447,-2628]]],"properties":{"ubigeo":"150731","nombre":"Santo Domingo de los Olleros","region":"15"}},{"type":"MultiPolygon","arcs":[[[3448,-1015,3449,3450,3451,3452,-855]]],"properties":{"ubigeo":"180208","nombre":"Puquina","region":"18"}},{"type":"MultiPolygon","arcs":[[[3453,3454,3455,3456,3457]]],"properties":{"ubigeo":"180209","nombre":"Quinistaquillas","region":"18"}},{"type":"MultiPolygon","arcs":[[[-858,3458,3459,3460,3461,3462,3463]]],"properties":{"ubigeo":"180210","nombre":"Ubinas","region":"18"}},{"type":"MultiPolygon","arcs":[[[3464,3465,3466,-2611,3467,3468]]],"properties":{"ubigeo":"150801","nombre":"Huacho","region":"15"}},{"type":"MultiPolygon","arcs":[[[3469,3470,3471,-513]]],"properties":{"ubigeo":"150904","nombre":"Cochamarca","region":"15"}},{"type":"MultiPolygon","arcs":[[[-514,-3472,3472,3473]]],"properties":{"ubigeo":"150905","nombre":"Navan","region":"15"}},{"type":"MultiPolygon","arcs":[[[3474,-526,3475,-131]]],"properties":{"ubigeo":"150906","nombre":"Pachangara","region":"15"}},{"type":"MultiPolygon","arcs":[[[3476,-2656,3477,3478,3479,-3362]]],"properties":{"ubigeo":"151001","nombre":"Yauyos","region":"15"}},{"type":"MultiPolygon","arcs":[[[3480,-3368,3481,3482,-3479]]],"properties":{"ubigeo":"151011","nombre":"Colonia","region":"15"}},{"type":"MultiPolygon","arcs":[[[3483,-3336,-3353]]],"properties":{"ubigeo":"151012","nombre":"Hongos","region":"15"}},{"type":"MultiPolygon","arcs":[[[3484,3485,3486,-2003]]],"properties":{"ubigeo":"151014","nombre":"Huancaya","region":"15"}},{"type":"MultiPolygon","arcs":[[[-3363,-3480,-3483,3487,-2147,3488]]],"properties":{"ubigeo":"151016","nombre":"Huantan","region":"15"}},{"type":"MultiPolygon","arcs":[[[3489,-3364,-3489,-2146,3490,3491]]],"properties":{"ubigeo":"151018","nombre":"Laraos","region":"15"}},{"type":"MultiPolygon","arcs":[[[-3484,-3352,3492,-2978,-3337]]],"properties":{"ubigeo":"151019","nombre":"Lincha","region":"15"}},{"type":"MultiPolygon","arcs":[[[3493,-3348,-3116,-2980,3494]]],"properties":{"ubigeo":"151020","nombre":"Madean","region":"15"}},{"type":"MultiPolygon","arcs":[[[3495,3496,-3365,-3490,3497,3498]]],"properties":{"ubigeo":"151021","nombre":"Miraflores","region":"15"}},{"type":"MultiPolygon","arcs":[[[3499,-2528,-2546,3500,3501,-2649,3502,3503]]],"properties":{"ubigeo":"151022","nombre":"Omas","region":"15"}},{"type":"MultiPolygon","arcs":[[[3504,3505,3506,3507,3508]]],"properties":{"ubigeo":"151024","nombre":"Quinches","region":"15"}},{"type":"MultiPolygon","arcs":[[[3509,3510,3511,3512,3513,3514,3515,3516]]],"properties":{"ubigeo":"200206","nombre":"Pacaipampa","region":"20"}},{"type":"MultiPolygon","arcs":[[[3517,3518,3519,3520,-3512]]],"properties":{"ubigeo":"200403","nombre":"Chalaco","region":"20"}},{"type":"MultiPolygon","arcs":[[[3521,3522,3523,3524,3525,3526]]],"properties":{"ubigeo":"200404","nombre":"La Matanza","region":"20"}},{"type":"MultiPolygon","arcs":[[[3527,-3524,3528,3529,3530]]],"properties":{"ubigeo":"200405","nombre":"Morropon","region":"20"}},{"type":"MultiPolygon","arcs":[[[3531,-3522,3532,3533,3534,3535,3536]]],"properties":{"ubigeo":"200406","nombre":"Salitral","region":"20"}},{"type":"MultiPolygon","arcs":[[[3537,3538,3539,-3509,3540,-3496,3541,-3485,-2002]]],"properties":{"ubigeo":"151028","nombre":"Tanta","region":"15"}},{"type":"MultiPolygon","arcs":[[[3542,-3501,-2545,-2595,-2588,-2592,-2651]]],"properties":{"ubigeo":"151029","nombre":"Tauripampa","region":"15"}},{"type":"MultiPolygon","arcs":[[[-3487,3543,3544,3545,3546,-2004]]],"properties":{"ubigeo":"151030","nombre":"Tomas","region":"15"}},{"type":"MultiPolygon","arcs":[[[3547,3548,3549,3550,3551]]],"properties":{"ubigeo":"200501","nombre":"Paita","region":"20"}},{"type":"MultiPolygon","arcs":[[[3552,3553,3554,3555]]],"properties":{"ubigeo":"160101","nombre":"Iquitos","region":"16"}},{"type":"MultiPolygon","arcs":[[[3556,-3384,3557,3558,-3553,3559,3560]]],"properties":{"ubigeo":"160102","nombre":"Alto Nanay","region":"16"}},{"type":"MultiPolygon","arcs":[[[3561,3562,3563,-3403,3564,3565]]],"properties":{"ubigeo":"160104","nombre":"Indiana","region":"16"}},{"type":"MultiPolygon","arcs":[[[3566,3567,-3416,3568,3569]]],"properties":{"ubigeo":"160504","nombre":"Emilio San Martin","region":"16"}},{"type":"MultiPolygon","arcs":[[[-3427,-3432,3570,-3417,-3568,3571]]],"properties":{"ubigeo":"160505","nombre":"Maquia","region":"16"}},{"type":"MultiPolygon","arcs":[[[3572,3573,3574,3575,-3423,-3572,-3567,3576,-3409]]],"properties":{"ubigeo":"160506","nombre":"Puinahua","region":"16"}},{"type":"MultiPolygon","arcs":[[[3577,-3457,3578,3579,3580,3581]]],"properties":{"ubigeo":"180105","nombre":"San Cristobal","region":"18"}},{"type":"MultiPolygon","arcs":[[[3582,3583,3584,3585,3586,3587,-3455,3588]]],"properties":{"ubigeo":"180106","nombre":"Torata","region":"18"}},{"type":"MultiPolygon","arcs":[[[3589,3590]]],"properties":{"ubigeo":"180107","nombre":"San Antonio","region":"18"}},{"type":"MultiPolygon","arcs":[[[3591,-3452,-3589,-3454,3592]]],"properties":{"ubigeo":"180201","nombre":"Omate","region":"18"}},{"type":"MultiPolygon","arcs":[[[-3460,3593,-3582,3594,3595,3596,3597]]],"properties":{"ubigeo":"180202","nombre":"Chojata","region":"18"}},{"type":"MultiPolygon","arcs":[[[3598,-3463,3599,3600,-3597,3601,3602,3603,3604]]],"properties":{"ubigeo":"180204","nombre":"Ichuña","region":"18"}},{"type":"MultiPolygon","arcs":[[[-1014,-920,3605,-3450]]],"properties":{"ubigeo":"180205","nombre":"La Capilla","region":"18"}},{"type":"MultiPolygon","arcs":[[[-857,3606,-3593,-3458,-3578,-3594,-3459]]],"properties":{"ubigeo":"180207","nombre":"Matalaque","region":"18"}},{"type":"MultiPolygon","arcs":[[[3607,3608,3609,3610]]],"properties":{"ubigeo":"180301","nombre":"Ilo","region":"18"}},{"type":"MultiPolygon","arcs":[[[3611,-3611,3612,3613,-3590,3614]]],"properties":{"ubigeo":"180302","nombre":"El Algarrobal","region":"18"}},{"type":"MultiPolygon","arcs":[[[-1094,3615,-3608,-3612,3616]]],"properties":{"ubigeo":"180303","nombre":"Pacocha","region":"18"}},{"type":"MultiPolygon","arcs":[[[-133,3617,-2624,-2569,3618,-3128,3619,3620]]],"properties":{"ubigeo":"190104","nombre":"Huayllay","region":"19"}},{"type":"MultiPolygon","arcs":[[[3621,3622,3623,3624,3625,-2271,3626,3627]]],"properties":{"ubigeo":"190105","nombre":"Ninacaca","region":"19"}},{"type":"MultiPolygon","arcs":[[[3628,-3627,-2274,-3135,3629]]],"properties":{"ubigeo":"190107","nombre":"Paucartambo","region":"19"}},{"type":"MultiPolygon","arcs":[[[3630,3631,3632,3633,3634,3635]]],"properties":{"ubigeo":"190108","nombre":"San Francisco de Asis de Yarusyacan","region":"19"}},{"type":"MultiPolygon","arcs":[[[3636,3637,3638,-134,-3621,3639,3640,3641,3642,-3633]]],"properties":{"ubigeo":"190109","nombre":"Simon Bolivar","region":"19"}},{"type":"MultiPolygon","arcs":[[[-3037,3643,3644,-3635,3645,-3622,3646,3647]]],"properties":{"ubigeo":"190110","nombre":"Ticlacayan","region":"19"}},{"type":"MultiPolygon","arcs":[[[-3640,-3620,-3127,3648,-3625,3649]]],"properties":{"ubigeo":"190112","nombre":"Vicco","region":"19"}},{"type":"MultiPolygon","arcs":[[[-3643,3650,3651,-3623,-3646,-3634]]],"properties":{"ubigeo":"190113","nombre":"Yanacancha","region":"19"}},{"type":"MultiPolygon","arcs":[[[-1986,-135,-3639,3652,3653,3654,3655]]],"properties":{"ubigeo":"190201","nombre":"Yanahuanca","region":"19"}},{"type":"MultiPolygon","arcs":[[[3656,3657,3658,3659,-3653,-3638,3660,3661,3662]]],"properties":{"ubigeo":"190202","nombre":"Chacayan","region":"19"}},{"type":"MultiPolygon","arcs":[[[-3075,-1989,3663,-3658,3664,-3072]]],"properties":{"ubigeo":"190204","nombre":"Paucar","region":"19"}},{"type":"MultiPolygon","arcs":[[[-3663,3665,-3661,-3637,-3632,3666,3667]]],"properties":{"ubigeo":"190206","nombre":"Santa Ana de Tusi","region":"19"}},{"type":"MultiPolygon","arcs":[[[3668,3669,3670,3671,3672,3673,3674]]],"properties":{"ubigeo":"210110","nombre":"Paucarcolla","region":"21"}},{"type":"MultiPolygon","arcs":[[[3675,-3602,-3596,3676,3677,3678,3679,3680]]],"properties":{"ubigeo":"210111","nombre":"Pichacani","region":"21"}},{"type":"MultiPolygon","arcs":[[[3681,3682,3683,3684]]],"properties":{"ubigeo":"210212","nombre":"San Jose","region":"21"}},{"type":"MultiPolygon","arcs":[[[3685,3686,3687]]],"properties":{"ubigeo":"210213","nombre":"San Juan de Salinas","region":"21"}},{"type":"MultiPolygon","arcs":[[[3688,3689,3690,3691,3692,3693,-3686]]],"properties":{"ubigeo":"210214","nombre":"Santiago de Pupuja","region":"21"}},{"type":"MultiPolygon","arcs":[[[3694,3695,3696,3697,3698]]],"properties":{"ubigeo":"210215","nombre":"Tirapata","region":"21"}},{"type":"MultiPolygon","arcs":[[[3699,-1003,3700,3701,3702,3703,3704]]],"properties":{"ubigeo":"210301","nombre":"Macusani","region":"21"}},{"type":"MultiPolygon","arcs":[[[3705,-3702,3706,3707,3708,3709,3710]]],"properties":{"ubigeo":"210302","nombre":"Ajoyani","region":"21"}},{"type":"MultiPolygon","arcs":[[[-3436,-2963,3711,3712,-3704,3713,3714,3715]]],"properties":{"ubigeo":"210303","nombre":"Ayapata","region":"21"}},{"type":"MultiPolygon","arcs":[[[3716,3717,-3133,-3124,3718,3719,3720]]],"properties":{"ubigeo":"190301","nombre":"Oxapampa","region":"19"}},{"type":"MultiPolygon","arcs":[[[3721,3722,3723,3724,3725]]],"properties":{"ubigeo":"200109","nombre":"La Arena","region":"20"}},{"type":"MultiPolygon","arcs":[[[3726,3727,3728,3729,3730,3731]]],"properties":{"ubigeo":"200111","nombre":"Las Lomas","region":"20"}},{"type":"MultiPolygon","arcs":[[[3732,3733,3734,3735,3736,3737,-3728]]],"properties":{"ubigeo":"200114","nombre":"Tambo Grande","region":"20"}},{"type":"MultiPolygon","arcs":[[[3738,3739,3740,-3552,3741,3742,3743,3744,3745]]],"properties":{"ubigeo":"200505","nombre":"La Huaca","region":"20"}},{"type":"MultiPolygon","arcs":[[[3746,3747,-3746,3748]]],"properties":{"ubigeo":"200506","nombre":"Tamarindo","region":"20"}},{"type":"MultiPolygon","arcs":[[[3749,3750,3751,3752,3753,-3733,-3727,3754],[3755,3756]]],"properties":{"ubigeo":"200601","nombre":"Sullana","region":"20"}},{"type":"MultiPolygon","arcs":[[[3757,3758,3759,3760,-3755,-3732,3761,3762]]],"properties":{"ubigeo":"200604","nombre":"Lancones","region":"20"}},{"type":"MultiPolygon","arcs":[[[3763,3764,3765,3766,3767,-3744,3768,-3752,3769,3770,-3760,3771,3772]]],"properties":{"ubigeo":"200605","nombre":"Marcavelica","region":"20"}},{"type":"MultiPolygon","arcs":[[[-3771,3773,-3750,-3761]]],"properties":{"ubigeo":"200607","nombre":"Querecotillo","region":"20"}},{"type":"MultiPolygon","arcs":[[[3774,3775,3776,3777,-3766]]],"properties":{"ubigeo":"200701","nombre":"Pariñas","region":"20"}},{"type":"MultiPolygon","arcs":[[[3778,3779,3780,-3747,3781,-3767,-3778]]],"properties":{"ubigeo":"200703","nombre":"La Brea","region":"20"}},{"type":"MultiPolygon","arcs":[[[3782,-3776,3783]]],"properties":{"ubigeo":"200704","nombre":"Lobitos","region":"20"}},{"type":"MultiPolygon","arcs":[[[3784,3785,3786,3787,3788,3789,3790]]],"properties":{"ubigeo":"200801","nombre":"Sechura","region":"20"}},{"type":"MultiPolygon","arcs":[[[-2334,3791,-2354,-2449,-1304,-1311]]],"properties":{"ubigeo":"130906","nombre":"Sanagoran","region":"13"}},{"type":"MultiPolygon","arcs":[[[3792,-2357,-2382,-2385,-2363]]],"properties":{"ubigeo":"130907","nombre":"Sarin","region":"13"}},{"type":"MultiPolygon","arcs":[[[-2450,-2368,-2369,3793,-2429,-2426,-2816]]],"properties":{"ubigeo":"130908","nombre":"Sartimbamba","region":"13"}},{"type":"MultiPolygon","arcs":[[[-2333,-3205,-2323,-3192,-3197,3794,-2377,-2355,-3792]]],"properties":{"ubigeo":"131006","nombre":"Quiruvilca","region":"13"}},{"type":"MultiPolygon","arcs":[[[3795,-3083,-3076,-457,3796,3797]]],"properties":{"ubigeo":"110303","nombre":"El Ingenio","region":"11"}},{"type":"MultiPolygon","arcs":[[[-3078,-3082,3798,-1028,3799,3800,3801]]],"properties":{"ubigeo":"110304","nombre":"Marcona","region":"11"}},{"type":"MultiPolygon","arcs":[[[-3079,-3802,3802,-459]]],"properties":{"ubigeo":"110305","nombre":"Vista Alegre","region":"11"}},{"type":"MultiPolygon","arcs":[[[3803,3804,3805,-452,-464]]],"properties":{"ubigeo":"110401","nombre":"Palpa","region":"11"}},{"type":"MultiPolygon","arcs":[[[-3805,3806,-2070,-3084,-3796,3807]]],"properties":{"ubigeo":"110402","nombre":"Llipata","region":"11"}},{"type":"MultiPolygon","arcs":[[[-3087,3808,3809,-2058,-3022]]],"properties":{"ubigeo":"100404","nombre":"Pinra","region":"10"}},{"type":"MultiPolygon","arcs":[[[3810,3811,-277,-1905,3812,3813,-1928]]],"properties":{"ubigeo":"100501","nombre":"Llata","region":"10"}},{"type":"MultiPolygon","arcs":[[[-405,3814,3815,-3088]]],"properties":{"ubigeo":"100502","nombre":"Arancay","region":"10"}},{"type":"MultiPolygon","arcs":[[[3816,-1934,-1925,3817,3818,-1937]]],"properties":{"ubigeo":"100503","nombre":"Chavin de Pariarca","region":"10"}},{"type":"MultiPolygon","arcs":[[[-3819,3819,-1929,-3814,3820,-1889,3821,-1938]]],"properties":{"ubigeo":"100504","nombre":"Jacas Grande","region":"10"}},{"type":"MultiPolygon","arcs":[[[-3816,3822,-1940,3823,-3089]]],"properties":{"ubigeo":"100505","nombre":"Jircan","region":"10"}},{"type":"MultiPolygon","arcs":[[[3824,3825,-1930,-3820,-3818,-1924,-1933,3826]]],"properties":{"ubigeo":"100506","nombre":"Miraflores","region":"10"}},{"type":"MultiPolygon","arcs":[[[3827,-3002,-1946,3828,-3006,-1953,-3185]]],"properties":{"ubigeo":"100609","nombre":"Pueblo Nuevo","region":"10"}},{"type":"MultiPolygon","arcs":[[[3829,-370,-374,-474,-3027,-3019,3830]]],"properties":{"ubigeo":"100701","nombre":"Huacrachuco","region":"10"}},{"type":"MultiPolygon","arcs":[[[3831,-3100,-3098,-2037,3832]]],"properties":{"ubigeo":"101003","nombre":"Jivia","region":"10"}},{"type":"MultiPolygon","arcs":[[[-287,-299,-3096,-3099,-280]]],"properties":{"ubigeo":"101004","nombre":"Queropalca","region":"10"}},{"type":"MultiPolygon","arcs":[[[-3104,3833,-282,-3101,-3832,3834,3835,3836,3837]]],"properties":{"ubigeo":"101005","nombre":"Rondos","region":"10"}},{"type":"MultiPolygon","arcs":[[[-3835,-3833,-2036,3838,3839]]],"properties":{"ubigeo":"101006","nombre":"San Francisco de Asis","region":"10"}},{"type":"MultiPolygon","arcs":[[[3840,-3786,3841,3842,3843]]],"properties":{"ubigeo":"200804","nombre":"Cristo Nos Valga","region":"20"}},{"type":"MultiPolygon","arcs":[[[-3673,3844,3845,-3681,3846,3847]]],"properties":{"ubigeo":"210101","nombre":"Puno","region":"21"}},{"type":"MultiPolygon","arcs":[[[3848,3849,3850,-3670,3851]]],"properties":{"ubigeo":"210104","nombre":"Atuncolla","region":"21"}},{"type":"MultiPolygon","arcs":[[[-3687,-3694,3852,3853,3854,3855,3856,3857,3858]]],"properties":{"ubigeo":"210203","nombre":"Arapa","region":"21"}},{"type":"MultiPolygon","arcs":[[[3859,3860,3861,3862,3863,3864,3865]]],"properties":{"ubigeo":"210403","nombre":"Huacullani","region":"21"}},{"type":"MultiPolygon","arcs":[[[-84,3866,3867]]],"properties":{"ubigeo":"210904","nombre":"Tilali","region":"21"}},{"type":"MultiPolygon","arcs":[[[3868,3869,3870,3871,3872,3873,3874,3875]]],"properties":{"ubigeo":"211001","nombre":"Putina","region":"21"}},{"type":"MultiPolygon","arcs":[[[-3875,3876,3877,3878,3879,3880,3881,3882]]],"properties":{"ubigeo":"211002","nombre":"Ananea","region":"21"}},{"type":"MultiPolygon","arcs":[[[-3874,3883,3884,3885,-3877]]],"properties":{"ubigeo":"211004","nombre":"Quilcapuncu","region":"21"}},{"type":"MultiPolygon","arcs":[[[3886,3887,3888,3889,3890,3891,3892,3893,3894,3895,3896,3897,-119]]],"properties":{"ubigeo":"220101","nombre":"Moyobamba","region":"22"}},{"type":"MultiPolygon","arcs":[[[3898,3899,3900,-3893,3901,3902]]],"properties":{"ubigeo":"220102","nombre":"Calzada","region":"22"}},{"type":"MultiPolygon","arcs":[[[3903,3904,3905,3906,-3900]]],"properties":{"ubigeo":"220103","nombre":"Habana","region":"22"}},{"type":"MultiPolygon","arcs":[[[-3907,3907,3908,3909,3910,-3894,-3901]]],"properties":{"ubigeo":"220104","nombre":"Jepelacio","region":"22"}},{"type":"MultiPolygon","arcs":[[[3911,-144,3912,3913,-3908,-3906]]],"properties":{"ubigeo":"220105","nombre":"Soritor","region":"22"}},{"type":"MultiPolygon","arcs":[[[3914,-3902,-3892]]],"properties":{"ubigeo":"220106","nombre":"Yantalo","region":"22"}},{"type":"MultiPolygon","arcs":[[[3915,3916,3917,3918,3919,3920]]],"properties":{"ubigeo":"220401","nombre":"Saposoa","region":"22"}},{"type":"MultiPolygon","arcs":[[[3921,3922,3923,-3921,3924,-110,3925,3926,3927,-3913,-143]]],"properties":{"ubigeo":"220402","nombre":"Alto Saposoa","region":"22"}},{"type":"MultiPolygon","arcs":[[[-3910,3928,3929,3930]]],"properties":{"ubigeo":"220502","nombre":"Alonso de Alvarado","region":"22"}},{"type":"MultiPolygon","arcs":[[[3931,3932,3933,-2854,-1500,3934,-2855,3935]]],"properties":{"ubigeo":"220503","nombre":"Barranquita","region":"22"}},{"type":"MultiPolygon","arcs":[[[3936,3937,3938,3939,-3933,3940]]],"properties":{"ubigeo":"220504","nombre":"Caynarachi","region":"22"}},{"type":"MultiPolygon","arcs":[[[3941,-113,3942,3943,3944,3945,3946]]],"properties":{"ubigeo":"220505","nombre":"Cuñumbuqui","region":"22"}},{"type":"MultiPolygon","arcs":[[[-3930,3947,3948,3949,3950,3951,3952]]],"properties":{"ubigeo":"220510","nombre":"Tabalosos","region":"22"}},{"type":"MultiPolygon","arcs":[[[-3951,3953,-114,-3942,3954,3955]]],"properties":{"ubigeo":"220511","nombre":"Zapatero","region":"22"}},{"type":"MultiPolygon","arcs":[[[3956,3957,3958,3959,3960,3961,3962]]],"properties":{"ubigeo":"220601","nombre":"Juanjui","region":"22"}},{"type":"MultiPolygon","arcs":[[[3963,3964,3965,3966,-3960]]],"properties":{"ubigeo":"220602","nombre":"Campanilla","region":"22"}},{"type":"MultiPolygon","arcs":[[[3967,-192,-204,3968,-44,-2436,-2423,-2428,-2431,3969,3970,3971,3972,3973,3974,-3964,-3959,3975,-3923]]],"properties":{"ubigeo":"220603","nombre":"Huicungo","region":"22"}},{"type":"MultiPolygon","arcs":[[[-3976,-3958,3976,-3916,-3924]]],"properties":{"ubigeo":"220604","nombre":"Pachiza","region":"22"}},{"type":"MultiPolygon","arcs":[[[-3961,-3967,3977,3978,3979]]],"properties":{"ubigeo":"220605","nombre":"Pajarillo","region":"22"}},{"type":"MultiPolygon","arcs":[[[3980,3981,3982,3983,3984,3985,3986]]],"properties":{"ubigeo":"220707","nombre":"San Hilarion","region":"22"}},{"type":"MultiPolygon","arcs":[[[3987,3988,3989,3990,3991]]],"properties":{"ubigeo":"220709","nombre":"Tingo de Ponasa","region":"22"}},{"type":"MultiPolygon","arcs":[[[3992,-146,3993,-3904,-3899,3994,3995]]],"properties":{"ubigeo":"220801","nombre":"Rioja","region":"22"}},{"type":"MultiPolygon","arcs":[[[3996,3997,-137,3998,3999,-3888]]],"properties":{"ubigeo":"220802","nombre":"Awajun","region":"22"}},{"type":"MultiPolygon","arcs":[[[4000,-147,-3993,4001]]],"properties":{"ubigeo":"220803","nombre":"Elias Soplin Vargas","region":"22"}},{"type":"MultiPolygon","arcs":[[[-148,-4001,4002,4003,-3999]]],"properties":{"ubigeo":"220804","nombre":"Nueva Cajamarca","region":"22"}},{"type":"MultiPolygon","arcs":[[[-118,4004,-910,-975,4005,-3997,-3887]]],"properties":{"ubigeo":"220805","nombre":"Pardo Miguel","region":"22"}},{"type":"MultiPolygon","arcs":[[[-3891,4006,-3995,-3903,-3915]]],"properties":{"ubigeo":"220806","nombre":"Posic","region":"22"}},{"type":"MultiPolygon","arcs":[[[4007,-4003,-4002,-3996,-4007,-3890]]],"properties":{"ubigeo":"220809","nombre":"Yuracyacu","region":"22"}},{"type":"MultiPolygon","arcs":[[[4008,4009,4010,4011,-2848,-3934,-3940]]],"properties":{"ubigeo":"220909","nombre":"La Banda de Shilcayo","region":"22"}},{"type":"MultiPolygon","arcs":[[[4012,-2856,-3935,-1504,-3424,-3576]]],"properties":{"ubigeo":"220911","nombre":"Papaplaya","region":"22"}},{"type":"MultiPolygon","arcs":[[[4013,4014,4015,-2849,-4012]]],"properties":{"ubigeo":"220914","nombre":"Shapaja","region":"22"}},{"type":"MultiPolygon","arcs":[[[4016,4017,4018,4019,4020]]],"properties":{"ubigeo":"221001","nombre":"Tocache","region":"22"}},{"type":"MultiPolygon","arcs":[[[4021,-3024,-3032,-3030,-2998,-3009,4022]]],"properties":{"ubigeo":"221002","nombre":"Nuevo Progreso","region":"22"}},{"type":"MultiPolygon","arcs":[[[-3975,4023,4024,-4017,4025,-3965]]],"properties":{"ubigeo":"221003","nombre":"Polvora","region":"22"}},{"type":"MultiPolygon","arcs":[[[4026,-2445,-3831,-3018,4027,-4018,-4025]]],"properties":{"ubigeo":"221004","nombre":"Shunte","region":"22"}},{"type":"MultiPolygon","arcs":[[[-4019,-4028,-3025,-4022,4028,4029]]],"properties":{"ubigeo":"221005","nombre":"Uchiza","region":"22"}},{"type":"MultiPolygon","arcs":[[[-4030,4030,-4020]]],"properties":{"ubigeo":"221006","nombre":"Santa Lucia","region":"22"}},{"type":"MultiPolygon","arcs":[[[4031,4032,4033,4034,4035,4036,4037,4038,4039]]],"properties":{"ubigeo":"230101","nombre":"Tacna","region":"23"}},{"type":"MultiPolygon","arcs":[[[4040,-4040,4041,4042,4043]]],"properties":{"ubigeo":"230102","nombre":"Alto de la Alianza","region":"23"}},{"type":"MultiPolygon","arcs":[[[4044,-4042,4045,4046,4047]]],"properties":{"ubigeo":"230104","nombre":"Ciudad Nueva","region":"23"}},{"type":"MultiPolygon","arcs":[[[4048,4049,-4041,4050,4051,4052]]],"properties":{"ubigeo":"230105","nombre":"Inclan","region":"23"}},{"type":"MultiPolygon","arcs":[[[-4048,4053,4054,4055,4056]]],"properties":{"ubigeo":"230106","nombre":"Pachia","region":"23"}},{"type":"MultiPolygon","arcs":[[[4057,4058,-4056,4059,-4036,4060,4061]]],"properties":{"ubigeo":"230107","nombre":"Palca","region":"23"}},{"type":"MultiPolygon","arcs":[[[4062,4063,-4032,-4050]]],"properties":{"ubigeo":"230109","nombre":"Sama","region":"23"}},{"type":"MultiPolygon","arcs":[[[-3587,4064,4065,4066,4067,4068,4069,4070,4071]]],"properties":{"ubigeo":"230201","nombre":"Candarave","region":"23"}},{"type":"MultiPolygon","arcs":[[[4072,4073,-4049,4074]]],"properties":{"ubigeo":"230301","nombre":"Locumba","region":"23"}},{"type":"MultiPolygon","arcs":[[[4075,-4075,-4053,4076,4077,4078,4079]]],"properties":{"ubigeo":"230302","nombre":"Ilabaya","region":"23"}},{"type":"MultiPolygon","arcs":[[[-3613,-3610,4080,-4063,-4074]]],"properties":{"ubigeo":"230303","nombre":"Ite","region":"23"}},{"type":"MultiPolygon","arcs":[[[4081,4082,4083,-4062,4084,4085]]],"properties":{"ubigeo":"230401","nombre":"Tarata","region":"23"}},{"type":"MultiPolygon","arcs":[[[4086,4087,-4052,4088,4089,-4083,4090,4091]]],"properties":{"ubigeo":"230402","nombre":"Heroes Albarracin","region":"23"}},{"type":"MultiPolygon","arcs":[[[4092,4093,-4043,-4045,-4057,-4059]]],"properties":{"ubigeo":"230403","nombre":"Estique","region":"23"}},{"type":"MultiPolygon","arcs":[[[-4089,-4051,-4044,-4094,4094]]],"properties":{"ubigeo":"230404","nombre":"Estique-pampa","region":"23"}},{"type":"MultiPolygon","arcs":[[[4095,-4092,4096,4097,-4069]]],"properties":{"ubigeo":"230405","nombre":"Sitajara","region":"23"}},{"type":"MultiPolygon","arcs":[[[-4070,-4098,4098,4099]]],"properties":{"ubigeo":"230406","nombre":"Susapaya","region":"23"}},{"type":"MultiPolygon","arcs":[[[-4090,-4095,-4093,-4058,-4084]]],"properties":{"ubigeo":"230407","nombre":"Tarucachi","region":"23"}},{"type":"MultiPolygon","arcs":[[[-4099,-4097,-4091,-4082,4100]]],"properties":{"ubigeo":"230408","nombre":"Ticaco","region":"23"}},{"type":"MultiPolygon","arcs":[[[4101,4102,4103,4104,4105]]],"properties":{"ubigeo":"240101","nombre":"Tumbes","region":"24"}},{"type":"MultiPolygon","arcs":[[[4106,4107,4108,4109]]],"properties":{"ubigeo":"240104","nombre":"Pampas de Hospital","region":"24"}},{"type":"MultiPolygon","arcs":[[[4110,4111,4112,4113,-3758,4114,-4107,4115]]],"properties":{"ubigeo":"240105","nombre":"San Jacinto","region":"24"}},{"type":"MultiPolygon","arcs":[[[4116,-4116,-4110,4117,-4103]]],"properties":{"ubigeo":"240106","nombre":"San Juan de la Virgen","region":"24"}},{"type":"MultiPolygon","arcs":[[[4118,4119,4120,-4113,4121]]],"properties":{"ubigeo":"240201","nombre":"Zorritos","region":"24"}},{"type":"MultiPolygon","arcs":[[[4122,-3772,-3759,-4114,-4121]]],"properties":{"ubigeo":"240202","nombre":"Casitas","region":"24"}},{"type":"MultiPolygon","arcs":[[[4123,4124,-3773,-4123,-4120]]],"properties":{"ubigeo":"240203","nombre":"Canoas de Punta Sal","region":"24"}},{"type":"MultiPolygon","arcs":[[[4125,4126,4127]]],"properties":{"ubigeo":"240302","nombre":"Aguas Verdes","region":"24"}},{"type":"MultiPolygon","arcs":[[[4128,-4104,-4118,-4109,4129]]],"properties":{"ubigeo":"240303","nombre":"Matapalo","region":"24"}},{"type":"MultiPolygon","arcs":[[[4130,-29,4131,4132,-972]]],"properties":{"ubigeo":"010102","nombre":"Asuncion","region":"01"}},{"type":"MultiPolygon","arcs":[[[-36,-2822,4133,-17,-42,-164]]],"properties":{"ubigeo":"010103","nombre":"Balsas","region":"01"}},{"type":"MultiPolygon","arcs":[[[4134,4135,-1555,-2489,-1136,4136,4137,4138]]],"properties":{"ubigeo":"150102","nombre":"Ancon","region":"15"}},{"type":"MultiPolygon","arcs":[[[4139,-1157,4140,-1155,4141,4142,4143,-1736,-1144,4144]]],"properties":{"ubigeo":"150103","nombre":"Ate","region":"15"}},{"type":"MultiPolygon","arcs":[[[4145,4146,4147,4148,-510,-530,4149]]],"properties":{"ubigeo":"150204","nombre":"Supe","region":"15"}},{"type":"MultiPolygon","arcs":[[[-297,-294,4150,-2519,-3097]]],"properties":{"ubigeo":"150302","nombre":"Copa","region":"15"}},{"type":"MultiPolygon","arcs":[[[4151,-516,4152,4153,-129,-2521,4154]]],"properties":{"ubigeo":"150303","nombre":"Gorgor","region":"15"}},{"type":"MultiPolygon","arcs":[[[-4151,4155,4156,-4155,-2520]]],"properties":{"ubigeo":"150304","nombre":"Huancapon","region":"15"}},{"type":"MultiPolygon","arcs":[[[4157,-492,-517,-4152,-4157]]],"properties":{"ubigeo":"150305","nombre":"Manas","region":"15"}},{"type":"MultiPolygon","arcs":[[[-2492,-2552,4158,-1149]]],"properties":{"ubigeo":"150117","nombre":"Los Olivos","region":"15"}},{"type":"MultiPolygon","arcs":[[[4159,4160,4161,4162]]],"properties":{"ubigeo":"120136","nombre":"Viques","region":"12"}},{"type":"MultiPolygon","arcs":[[[-2221,4163,4164,4165,-1906,-3173,-3161]]],"properties":{"ubigeo":"120426","nombre":"Pomacancha","region":"12"}},{"type":"MultiPolygon","arcs":[[[-2317,4166,-3546,4167,-3491,-2145,4168,-2838,4169,-2241]]],"properties":{"ubigeo":"120909","nombre":"Yanacancha","region":"12"}},{"type":"MultiPolygon","arcs":[[[4170,4171,-3158,4172,4173,-2913]]],"properties":{"ubigeo":"250104","nombre":"Masisea","region":"25"}},{"type":"MultiPolygon","arcs":[[[-3132,-3179,-3177,4174,-2304,-1776,-3121]]],"properties":{"ubigeo":"120704","nombre":"Huasahuasi","region":"12"}},{"type":"MultiPolygon","arcs":[[[4175,-870,4176,-3156]]],"properties":{"ubigeo":"250203","nombre":"Tahuania","region":"25"}},{"type":"MultiPolygon","arcs":[[[-4173,-3157,-4177,-875,-3188,4177]]],"properties":{"ubigeo":"250204","nombre":"Yurua","region":"25"}},{"type":"MultiPolygon","arcs":[[[-1955,-1951,4178,4179,-3182,4180,4181,-2995,4182,-3186]]],"properties":{"ubigeo":"250301","nombre":"Padre Abad","region":"25"}},{"type":"MultiPolygon","arcs":[[[4183,-3183,-4180,4184,4185,-2064,4186,4187]]],"properties":{"ubigeo":"250302","nombre":"Irazola","region":"25"}},{"type":"MultiPolygon","arcs":[[[-2620,4188,-2637,-2604,-2605,4189,-2266,4190]]],"properties":{"ubigeo":"120804","nombre":"Marcapomacocha","region":"12"}},{"type":"MultiPolygon","arcs":[[[-4190,-2607,-2228,4191,4192]]],"properties":{"ubigeo":"120805","nombre":"Morococha","region":"12"}},{"type":"MultiPolygon","arcs":[[[-2267,-4193,4193,-2215,-3160,4194]]],"properties":{"ubigeo":"120806","nombre":"Paccha","region":"12"}},{"type":"MultiPolygon","arcs":[[[4195,-2975,4196,4197,4198,-1920]]],"properties":{"ubigeo":"120215","nombre":"Santa Rosa de Ocopa","region":"12"}},{"type":"MultiPolygon","arcs":[[[4199,4200,-3122,-1783,4201,4202]]],"properties":{"ubigeo":"120302","nombre":"Perene","region":"12"}},{"type":"MultiPolygon","arcs":[[[-4202,-1782,-2283,-3136,-2290,-2294,4203]]],"properties":{"ubigeo":"120303","nombre":"Pichanaqui","region":"12"}},{"type":"MultiPolygon","arcs":[[[-3719,-3123,-4201,4204]]],"properties":{"ubigeo":"120304","nombre":"San Luis de Shuaro","region":"12"}},{"type":"MultiPolygon","arcs":[[[4205,-2558,-2563,-1733,4206]]],"properties":{"ubigeo":"150133","nombre":"San Juan de Miraflores","region":"15"}},{"type":"MultiPolygon","arcs":[[[4207,-2614,-2571,4208,4209,4210]]],"properties":{"ubigeo":"150606","nombre":"Ihuari","region":"15"}},{"type":"MultiPolygon","arcs":[[[4211,4212,-558,-271,-420]]],"properties":{"ubigeo":"150202","nombre":"Paramonga","region":"15"}},{"type":"MultiPolygon","arcs":[[[-2629,-3448,4213,4214]]],"properties":{"ubigeo":"150706","nombre":"Cuenca","region":"15"}},{"type":"MultiPolygon","arcs":[[[4215,4216,4217,4218,4219,-3358]]],"properties":{"ubigeo":"150728","nombre":"Santa Eulalia","region":"15"}},{"type":"MultiPolygon","arcs":[[[-2646,4220,-3376]]],"properties":{"ubigeo":"150729","nombre":"Santiago de Anchucaya","region":"15"}},{"type":"MultiPolygon","arcs":[[[-2613,4221,4222,-4139,4223,-2573]]],"properties":{"ubigeo":"150604","nombre":"Aucallama","region":"15"}},{"type":"MultiPolygon","arcs":[[[-4149,4224,4225,-518,4226,4227,4228,-511]]],"properties":{"ubigeo":"150806","nombre":"Huaura","region":"15"}},{"type":"MultiPolygon","arcs":[[[4229,-4211,4230,4231,-524,4232]]],"properties":{"ubigeo":"150807","nombre":"Leoncio Prado","region":"15"}},{"type":"MultiPolygon","arcs":[[[-3473,-3471,-4233,-523]]],"properties":{"ubigeo":"150808","nombre":"Paccho","region":"15"}},{"type":"MultiPolygon","arcs":[[[-132,-3476,-525,-4232,4233,-2622,-3618]]],"properties":{"ubigeo":"150809","nombre":"Santa Leonor","region":"15"}},{"type":"MultiPolygon","arcs":[[[4234,-3469,4235,-4228]]],"properties":{"ubigeo":"150810","nombre":"Santa Maria","region":"15"}},{"type":"MultiPolygon","arcs":[[[-3378,4236,-2644,-3435,4237,4238,-3538,-2001,-2225,4239]]],"properties":{"ubigeo":"150721","nombre":"San Lorenzo de Quinti","region":"15"}},{"type":"MultiPolygon","arcs":[[[-2602,4240,-3375,-2648,-3379,-4240,-2224,-2230,-2606]]],"properties":{"ubigeo":"150722","nombre":"San Mateo","region":"15"}},{"type":"MultiPolygon","arcs":[[[4241,4242,4243,4244]]],"properties":{"ubigeo":"160110","nombre":"Torres Causana","region":"16"}},{"type":"MultiPolygon","arcs":[[[4245,-3555,4246,4247,-3563]]],"properties":{"ubigeo":"160112","nombre":"Belen","region":"16"}},{"type":"MultiPolygon","arcs":[[[4248,4249,-120,-3898,4250,4251,4252,4253]]],"properties":{"ubigeo":"160701","nombre":"Barranca","region":"16"}},{"type":"MultiPolygon","arcs":[[[-3897,4254,4255,-4251]]],"properties":{"ubigeo":"160702","nombre":"Cahuapanas","region":"16"}},{"type":"MultiPolygon","arcs":[[[4256,4257,-121,-4250,4258]]],"properties":{"ubigeo":"160703","nombre":"Manseriche","region":"16"}},{"type":"MultiPolygon","arcs":[[[4259,4260,-4259,-4249,4261,4262]]],"properties":{"ubigeo":"160704","nombre":"Morona","region":"16"}},{"type":"MultiPolygon","arcs":[[[-4262,-4254,4263,4264]]],"properties":{"ubigeo":"160705","nombre":"Pastaza","region":"16"}},{"type":"MultiPolygon","arcs":[[[4265,-4263,-4265,4266,-3389,-3387]]],"properties":{"ubigeo":"160706","nombre":"Andoas","region":"16"}},{"type":"MultiPolygon","arcs":[[[4267,-3443]]],"properties":{"ubigeo":"170302","nombre":"Iberia","region":"17"}},{"type":"MultiPolygon","arcs":[[[-4268,-3442,4268,4269]]],"properties":{"ubigeo":"170303","nombre":"Tahuamanu","region":"17"}},{"type":"MultiPolygon","arcs":[[[-3606,-919,-1095,-3617,-3615,-3591,-3614,-4073,-4076,-3585,4270,-3583,-3451]]],"properties":{"ubigeo":"180101","nombre":"Moquegua","region":"18"}},{"type":"MultiPolygon","arcs":[[[-3595,-3581,4271,-3579,-3456,-3588,-4072,4272,4273,-3677]]],"properties":{"ubigeo":"180102","nombre":"Carumas","region":"18"}},{"type":"MultiPolygon","arcs":[[[4274,4275,4276,4277,-3517,4278,4279]]],"properties":{"ubigeo":"200201","nombre":"Ayabaca","region":"20"}},{"type":"MultiPolygon","arcs":[[[-3737,4280,4281,-3518,-3511,4282,4283]]],"properties":{"ubigeo":"200202","nombre":"Frias","region":"20"}},{"type":"MultiPolygon","arcs":[[[4284,4285,4286,-4275,4287]]],"properties":{"ubigeo":"200203","nombre":"Jilili","region":"20"}},{"type":"MultiPolygon","arcs":[[[-3730,4288,4289,4290,4291]]],"properties":{"ubigeo":"200207","nombre":"Paimas","region":"20"}},{"type":"MultiPolygon","arcs":[[[-3729,-3738,-4284,4292,-4289]]],"properties":{"ubigeo":"200208","nombre":"Sapillica","region":"20"}},{"type":"MultiPolygon","arcs":[[[-4287,4293,-4276]]],"properties":{"ubigeo":"200209","nombre":"Sicchez","region":"20"}},{"type":"MultiPolygon","arcs":[[[-3482,-3367,-3354,-3334,-2148,-3488]]],"properties":{"ubigeo":"151031","nombre":"Tupe","region":"15"}},{"type":"MultiPolygon","arcs":[[[-3370,4294,-3495,-2979,-3493,-3351]]],"properties":{"ubigeo":"151032","nombre":"Viñac","region":"15"}},{"type":"MultiPolygon","arcs":[[[4295,-3530,4296,4297,-3520]]],"properties":{"ubigeo":"200408","nombre":"Santa Catalina de Mossa","region":"20"}},{"type":"MultiPolygon","arcs":[[[4298,-3531,-4296,-3519,-4282]]],"properties":{"ubigeo":"200409","nombre":"Santo Domingo","region":"20"}},{"type":"MultiPolygon","arcs":[[[-3521,-4298,4299,4300,4301,-3513]]],"properties":{"ubigeo":"200410","nombre":"Yamango","region":"20"}},{"type":"MultiPolygon","arcs":[[[-3781,4302,4303,4304,-3739,-3748]]],"properties":{"ubigeo":"200502","nombre":"Amotape","region":"20"}},{"type":"MultiPolygon","arcs":[[[4305,-3565,-3402,-3396,4306]]],"properties":{"ubigeo":"160105","nombre":"Las Amazonas","region":"16"}},{"type":"MultiPolygon","arcs":[[[-3561,4307,-3566,-4306,4308,4309]]],"properties":{"ubigeo":"160106","nombre":"Mazan","region":"16"}},{"type":"MultiPolygon","arcs":[[[4310,-3421,4311,-3412]]],"properties":{"ubigeo":"160508","nombre":"Soplin","region":"16"}},{"type":"MultiPolygon","arcs":[[[-3647,-3628,-3629,4312,4313]]],"properties":{"ubigeo":"190102","nombre":"Huachon","region":"19"}},{"type":"MultiPolygon","arcs":[[[4314,4315,4316,-3679,4317,4318]],[[4319]]],"properties":{"ubigeo":"210112","nombre":"Plateria","region":"21"}},{"type":"MultiPolygon","arcs":[[[4320,-3603,-3676,-3846]]],"properties":{"ubigeo":"210113","nombre":"San Antonio","region":"21"}},{"type":"MultiPolygon","arcs":[[[4321,4322,4323,-3604,-4321,-3845,-3672]]],"properties":{"ubigeo":"210114","nombre":"Tiquillaca","region":"21"}},{"type":"MultiPolygon","arcs":[[[4324,-4323,4325,-3850,4326]]],"properties":{"ubigeo":"210115","nombre":"Vilque","region":"21"}},{"type":"MultiPolygon","arcs":[[[-3684,4327,-3698,4328,-3689,-3688,-3859,4329,-3871,4330]]],"properties":{"ubigeo":"210201","nombre":"Azangaro","region":"21"}},{"type":"MultiPolygon","arcs":[[[-3715,4331,-3711,4332,4333,4334]]],"properties":{"ubigeo":"210304","nombre":"Coasa","region":"21"}},{"type":"MultiPolygon","arcs":[[[-3325,-1711,-1702,-1715,-1004,-3700,4335]]],"properties":{"ubigeo":"210305","nombre":"Corani","region":"21"}},{"type":"MultiPolygon","arcs":[[[-3709,4336,-3876,-3883,4337,4338,4339,4340]]],"properties":{"ubigeo":"210306","nombre":"Crucero","region":"21"}},{"type":"MultiPolygon","arcs":[[[-3714,-3703,-3706,-4332]]],"properties":{"ubigeo":"210307","nombre":"Ituata","region":"21"}},{"type":"MultiPolygon","arcs":[[[-3326,-4336,-3705,-3713,4341,-2961]]],"properties":{"ubigeo":"210308","nombre":"Ollachea","region":"21"}},{"type":"MultiPolygon","arcs":[[[-4342,-3712,-2962]]],"properties":{"ubigeo":"210309","nombre":"San Gaban","region":"21"}},{"type":"MultiPolygon","arcs":[[[-3710,-4341,4342,-4333]]],"properties":{"ubigeo":"210310","nombre":"Usicayos","region":"21"}},{"type":"MultiPolygon","arcs":[[[4343,-3866,4344,4345,4346,4347]]],"properties":{"ubigeo":"210401","nombre":"Juli","region":"21"}},{"type":"MultiPolygon","arcs":[[[4348,-4313,-3630,-3134,-3718]]],"properties":{"ubigeo":"190302","nombre":"Chontabamba","region":"19"}},{"type":"MultiPolygon","arcs":[[[4349,-3038,-3648,-4314,-4349,-3717,4350]]],"properties":{"ubigeo":"190303","nombre":"Huancabamba","region":"19"}},{"type":"MultiPolygon","arcs":[[[4351,-4351,-3721,4352,4353,4354,4355]]],"properties":{"ubigeo":"190304","nombre":"Palcazu","region":"19"}},{"type":"MultiPolygon","arcs":[[[4356,4357,4358,-3735]]],"properties":{"ubigeo":"200104","nombre":"Castilla","region":"20"}},{"type":"MultiPolygon","arcs":[[[4359,4360,4361,4362,-3885]]],"properties":{"ubigeo":"210604","nombre":"Inchupalla","region":"21"}},{"type":"MultiPolygon","arcs":[[[-4318,-3678,-4274,4363,4364,4365,4366]],[[4367,4368]],[[4369]]],"properties":{"ubigeo":"210102","nombre":"Acora","region":"21"}},{"type":"MultiPolygon","arcs":[[[4370,-3315,-3309,4371,4372,4373,-923,4374,4375]]],"properties":{"ubigeo":"210705","nombre":"Ocuviri","region":"21"}},{"type":"MultiPolygon","arcs":[[[4376,-924,-4374,4377,4378,4379]]],"properties":{"ubigeo":"210706","nombre":"Palca","region":"21"}},{"type":"MultiPolygon","arcs":[[[-4373,4380,4381,-4378]]],"properties":{"ubigeo":"210707","nombre":"Paratia","region":"21"}},{"type":"MultiPolygon","arcs":[[[4382,4383,4384]]],"properties":{"ubigeo":"210105","nombre":"Capachica","region":"21"}},{"type":"MultiPolygon","arcs":[[[-3847,-3680,-4317,4385]],[[-4315,4386]]],"properties":{"ubigeo":"210106","nombre":"Chucuito","region":"21"}},{"type":"MultiPolygon","arcs":[[[-1001,-1006,4387,-3699,-4328,-3683,4388,4389]]],"properties":{"ubigeo":"210204","nombre":"Asillo","region":"21"}},{"type":"MultiPolygon","arcs":[[[4390,-3854,4391,4392,4393,4394]]],"properties":{"ubigeo":"210205","nombre":"Caminaca","region":"21"}},{"type":"MultiPolygon","arcs":[[[4395,4396,4397,-3857]]],"properties":{"ubigeo":"210206","nombre":"Chupa","region":"21"}},{"type":"MultiPolygon","arcs":[[[-3863,4398,4399,4400,4401]]],"properties":{"ubigeo":"210404","nombre":"Kelluyo","region":"21"}},{"type":"MultiPolygon","arcs":[[[4402,4403,4404,-4399,-3862]]],"properties":{"ubigeo":"210405","nombre":"Pisacoma","region":"21"}},{"type":"MultiPolygon","arcs":[[[-4345,-3865,4405,4406,4407,4408]]],"properties":{"ubigeo":"210406","nombre":"Pomata","region":"21"}},{"type":"MultiPolygon","arcs":[[[4409,-3880,4410,4411]]],"properties":{"ubigeo":"211005","nombre":"Sina","region":"21"}},{"type":"MultiPolygon","arcs":[[[4412,4413,4414,4415,4416,4417]]],"properties":{"ubigeo":"211101","nombre":"Juliaca","region":"21"}},{"type":"MultiPolygon","arcs":[[[4418,-3978,-3966,-4026,-4021,-4031,-4029,-4023,-3011,4419,4420,4421]]],"properties":{"ubigeo":"220202","nombre":"Alto Biavo","region":"22"}},{"type":"MultiPolygon","arcs":[[[-3985,4422,4423,-4422,4424,4425,-3990,4426,4427]]],"properties":{"ubigeo":"220203","nombre":"Bajo Biavo","region":"22"}},{"type":"MultiPolygon","arcs":[[[4428,-3979,-4419,-4424,4429]]],"properties":{"ubigeo":"220204","nombre":"Huallaga","region":"22"}},{"type":"MultiPolygon","arcs":[[[-111,-3925,-3920,4430,-3982,4431,4432]]],"properties":{"ubigeo":"220205","nombre":"San Pablo","region":"22"}},{"type":"MultiPolygon","arcs":[[[-3914,-3928,4433,4434,-3948,-3929,-3909]]],"properties":{"ubigeo":"220303","nombre":"San Martin","region":"22"}},{"type":"MultiPolygon","arcs":[[[-4000,-4004,-4008,-3889]]],"properties":{"ubigeo":"220807","nombre":"San Fernando","region":"22"}},{"type":"MultiPolygon","arcs":[[[-3200,4435,-3143,-3195,4436,-3203]]],"properties":{"ubigeo":"130611","nombre":"Salpo","region":"13"}},{"type":"MultiPolygon","arcs":[[[4437,4438,4439,-2441,4440,4441,-3973]]],"properties":{"ubigeo":"130802","nombre":"Buldibuyo","region":"13"}},{"type":"MultiPolygon","arcs":[[[4442,-2665,-568,-2682,4443,-4439,4444]]],"properties":{"ubigeo":"130803","nombre":"Chillia","region":"13"}},{"type":"MultiPolygon","arcs":[[[4445,-3044,-371,-3830,-2444,4446]]],"properties":{"ubigeo":"130804","nombre":"Huancaspata","region":"13"}},{"type":"MultiPolygon","arcs":[[[-4441,-2447,4447]]],"properties":{"ubigeo":"130805","nombre":"Huaylillas","region":"13"}},{"type":"MultiPolygon","arcs":[[[-2365,-2389,-2666,-4443,4448]]],"properties":{"ubigeo":"130806","nombre":"Huayo","region":"13"}},{"type":"MultiPolygon","arcs":[[[-4442,-4448,-2446,-4027,-4024,-3974]]],"properties":{"ubigeo":"130807","nombre":"Ongon","region":"13"}},{"type":"MultiPolygon","arcs":[[[-2370,-2366,-4449,-4445,-4438,-3972,4449]]],"properties":{"ubigeo":"130808","nombre":"Parcoy","region":"13"}},{"type":"MultiPolygon","arcs":[[[-3794,-2372,4450,-3970,-2430]]],"properties":{"ubigeo":"130809","nombre":"Pataz","region":"13"}},{"type":"MultiPolygon","arcs":[[[-4451,-2371,-4450,-3971]]],"properties":{"ubigeo":"130810","nombre":"Pias","region":"13"}},{"type":"MultiPolygon","arcs":[[[-612,-3045,-4446,4451]]],"properties":{"ubigeo":"130811","nombre":"Santiago de Challas","region":"13"}},{"type":"MultiPolygon","arcs":[[[-3196,-2408,-2667,-2671,4452,-2383,-2378,-3795]]],"properties":{"ubigeo":"131001","nombre":"Santiago de Chuco","region":"13"}},{"type":"MultiPolygon","arcs":[[[4453,4454,-2844,4455]]],"properties":{"ubigeo":"140109","nombre":"Nueva Arica","region":"14"}},{"type":"MultiPolygon","arcs":[[[-1359,-2457,-2469,4456,-4456,-2843,4457,4458,-1515]]],"properties":{"ubigeo":"140110","nombre":"Oyotun","region":"14"}},{"type":"MultiPolygon","arcs":[[[-2487,-2466,-1403,-1431,-1429]]],"properties":{"ubigeo":"140202","nombre":"Cañaris","region":"14"}},{"type":"MultiPolygon","arcs":[[[4459,4460,4461,4462,4463]]],"properties":{"ubigeo":"150122","nombre":"Miraflores","region":"15"}},{"type":"MultiPolygon","arcs":[[[4464,4465,-2658,4466]]],"properties":{"ubigeo":"150401","nombre":"Canta","region":"15"}},{"type":"MultiPolygon","arcs":[[[-2548,-1158,-4140,4467,-2625,4468,-4216,-3357]]],"properties":{"ubigeo":"150118","nombre":"Lurigancho","region":"15"}},{"type":"MultiPolygon","arcs":[[[-2564,-2561,4469,-2493,4470]]],"properties":{"ubigeo":"150119","nombre":"Lurin","region":"15"}},{"type":"MultiPolygon","arcs":[[[4471,4472,-2135,-3113,-2578,-2586,4473]]],"properties":{"ubigeo":"150501","nombre":"San Vicente de Cañete","region":"15"}},{"type":"MultiPolygon","arcs":[[[4474,4475,4476,-2850,-4016]]],"properties":{"ubigeo":"220913","nombre":"Sauce","region":"22"}},{"type":"MultiPolygon","arcs":[[[4477,-4079,4478,-4066]]],"properties":{"ubigeo":"230202","nombre":"Cairani","region":"23"}},{"type":"MultiPolygon","arcs":[[[-3586,-4080,-4478,-4065]]],"properties":{"ubigeo":"230203","nombre":"Camilaca","region":"23"}},{"type":"MultiPolygon","arcs":[[[4479,4480,-2536,-2505]],[[4481]]],"properties":{"ubigeo":"150138","nombre":"Santa Maria del Mar","region":"15"}},{"type":"MultiPolygon","arcs":[[[-4224,-4138,4482,4483,-2574]]],"properties":{"ubigeo":"150403","nombre":"Huamantanga","region":"15"}},{"type":"MultiPolygon","arcs":[[[4484,-4467,-2663,-2638,-4189,-2619]]],"properties":{"ubigeo":"150404","nombre":"Huaros","region":"15"}},{"type":"MultiPolygon","arcs":[[[-3467,4485,-4222,-2612]]],"properties":{"ubigeo":"150605","nombre":"Chancay","region":"15"}},{"type":"MultiPolygon","arcs":[[[-4229,-4236,-3468,-2610,-4208,-4230,-3470,-512]]],"properties":{"ubigeo":"150811","nombre":"Sayan","region":"15"}},{"type":"MultiPolygon","arcs":[[[-3559,4486,4487,-4247,-3554]]],"properties":{"ubigeo":"160113","nombre":"San Juan Bautista","region":"16"}},{"type":"MultiPolygon","arcs":[[[4488,-3941,-3932,4489,4490,4491]]],"properties":{"ubigeo":"160201","nombre":"Yurimaguas","region":"16"}},{"type":"MultiPolygon","arcs":[[[-3896,4492,4493,-3937,-4489,4494,-4255]]],"properties":{"ubigeo":"160202","nombre":"Balsapuerto","region":"16"}},{"type":"MultiPolygon","arcs":[[[-4256,-4495,-4492,4495,4496,-4252]]],"properties":{"ubigeo":"160205","nombre":"Jeberos","region":"16"}},{"type":"MultiPolygon","arcs":[[[-4267,-4264,-4253,-4497,4497,4498,-3390]]],"properties":{"ubigeo":"160206","nombre":"Lagunas","region":"16"}},{"type":"MultiPolygon","arcs":[[[-4496,-4491,4499,-3574,4500,-4498]]],"properties":{"ubigeo":"160210","nombre":"Santa Cruz","region":"16"}},{"type":"MultiPolygon","arcs":[[[-4490,-3936,-2857,-4013,-3575,-4500]]],"properties":{"ubigeo":"160211","nombre":"Teniente Cesar Lopez Rojas","region":"16"}},{"type":"MultiPolygon","arcs":[[[-3383,4501,-3415,4502,4503,4504,-4487,-3558]]],"properties":{"ubigeo":"160301","nombre":"Nauta","region":"16"}},{"type":"MultiPolygon","arcs":[[[-3391,-4499,-4501,-3573,-3408,-4502]]],"properties":{"ubigeo":"160302","nombre":"Parinari","region":"16"}},{"type":"MultiPolygon","arcs":[[[4505,-4309,-4307,-3400,4506,4507,4508]]],"properties":{"ubigeo":"160801","nombre":"Putumayo","region":"16"}},{"type":"MultiPolygon","arcs":[[[-4243,4509,-4509,4510,4511]]],"properties":{"ubigeo":"160802","nombre":"Rosa Panduro","region":"16"}},{"type":"MultiPolygon","arcs":[[[-4244,-4512,4512]]],"properties":{"ubigeo":"160803","nombre":"Teniente Manuel Clavero","region":"16"}},{"type":"MultiPolygon","arcs":[[[-4507,-3399,-3395,4513]]],"properties":{"ubigeo":"160804","nombre":"Yaguas","region":"16"}},{"type":"MultiPolygon","arcs":[[[-3440,4514,4515,4516,4517,4518,-103,4519,4520]]],"properties":{"ubigeo":"170101","nombre":"Tambopata","region":"17"}},{"type":"MultiPolygon","arcs":[[[4521,-3437,-3716,-4335,4522,-4519,4523]]],"properties":{"ubigeo":"170102","nombre":"Inambari","region":"17"}},{"type":"MultiPolygon","arcs":[[[-4521,4524,-4269,-3441]]],"properties":{"ubigeo":"170103","nombre":"Las Piedras","region":"17"}},{"type":"MultiPolygon","arcs":[[[4525,-4524,-4518]]],"properties":{"ubigeo":"170104","nombre":"Laberinto","region":"17"}},{"type":"MultiPolygon","arcs":[[[-2886,-2896,-1661,-1607,4526,4527]]],"properties":{"ubigeo":"170201","nombre":"Manu","region":"17"}},{"type":"MultiPolygon","arcs":[[[4528,4529,-2887,-4528,4530,-4516]]],"properties":{"ubigeo":"170202","nombre":"Fitzcarrald","region":"17"}},{"type":"MultiPolygon","arcs":[[[-4527,-1606,-2959,-3438,-4522,-4526,-4517,-4531]]],"properties":{"ubigeo":"170203","nombre":"Madre de Dios","region":"17"}},{"type":"MultiPolygon","arcs":[[[4531,-4355,4532,-3155,-3092]]],"properties":{"ubigeo":"190308","nombre":"Constitucion","region":"19"}},{"type":"MultiPolygon","arcs":[[[-4290,-4293,-4283,-3510,-4278,4533]]],"properties":{"ubigeo":"200204","nombre":"Lagunas","region":"20"}},{"type":"MultiPolygon","arcs":[[[-4291,-4534,-4277,-4294,-4286,4534]]],"properties":{"ubigeo":"200205","nombre":"Montero","region":"20"}},{"type":"MultiPolygon","arcs":[[[-3762,-3731,-4292,-4535,-4285,4535]]],"properties":{"ubigeo":"200210","nombre":"Suyo","region":"20"}},{"type":"MultiPolygon","arcs":[[[4536,4537,4538,4539,-3292,4540,-3515]]],"properties":{"ubigeo":"200301","nombre":"Huancabamba","region":"20"}},{"type":"MultiPolygon","arcs":[[[4541,4542,-3536,4543,4544,-4538]]],"properties":{"ubigeo":"200302","nombre":"Canchaque","region":"20"}},{"type":"MultiPolygon","arcs":[[[-4279,-3516,-4541,-3291,-1462,4545]]],"properties":{"ubigeo":"200303","nombre":"El Carmen de la Frontera","region":"20"}},{"type":"MultiPolygon","arcs":[[[-2488,-1436,-1433,4546,4547,4548,-3534,4549]]],"properties":{"ubigeo":"200304","nombre":"Huarmaca","region":"20"}},{"type":"MultiPolygon","arcs":[[[4550,-4542,-4537,-3514,-4302]]],"properties":{"ubigeo":"200305","nombre":"Lalaquiz","region":"20"}},{"type":"MultiPolygon","arcs":[[[-4544,-3535,-4549,4551]]],"properties":{"ubigeo":"200306","nombre":"San Miguel de El Faique","region":"20"}},{"type":"MultiPolygon","arcs":[[[4552,-4547,-1432,-3293,-4540]]],"properties":{"ubigeo":"200307","nombre":"Sondor","region":"20"}},{"type":"MultiPolygon","arcs":[[[-4539,-4545,-4552,-4548,-4553]]],"properties":{"ubigeo":"200308","nombre":"Sondorillo","region":"20"}},{"type":"MultiPolygon","arcs":[[[-4242,4553,-3385,-3557,-4310,-4506,-4510]]],"properties":{"ubigeo":"160107","nombre":"Napo","region":"16"}},{"type":"MultiPolygon","arcs":[[[-3411,-3569,-3422,-4311]]],"properties":{"ubigeo":"160509","nombre":"Tapiche","region":"16"}},{"type":"MultiPolygon","arcs":[[[-4503,-3414,4554,4555]]],"properties":{"ubigeo":"160510","nombre":"Jenaro Herrera","region":"16"}},{"type":"MultiPolygon","arcs":[[[4556,-4555,-3413,-4312,-3420,4557,-3406]]],"properties":{"ubigeo":"160511","nombre":"Yaquerana","region":"16"}},{"type":"MultiPolygon","arcs":[[[4558,-4420,-3010,-2996,-4182,4559,-3169,4560,-2907,-3418,-3571,-3431]]],"properties":{"ubigeo":"160601","nombre":"Contamana","region":"16"}},{"type":"MultiPolygon","arcs":[[[-3042,-3039,-4350,-4352,4561]]],"properties":{"ubigeo":"190305","nombre":"Pozuzo","region":"19"}},{"type":"MultiPolygon","arcs":[[[-4354,4562,-4203,-4204,-2293,-871,-4176,-4533]]],"properties":{"ubigeo":"190306","nombre":"Puerto Bermudez","region":"19"}},{"type":"MultiPolygon","arcs":[[[-3720,-4205,-4200,-4563,-4353]]],"properties":{"ubigeo":"190307","nombre":"Villa Rica","region":"19"}},{"type":"MultiPolygon","arcs":[[[-3895,-3911,-3931,-3953,4563,4564,4565,-4493]]],"properties":{"ubigeo":"220506","nombre":"Pinto Recodo","region":"22"}},{"type":"MultiPolygon","arcs":[[[4566,-3726,4567,4568,-3842,-3785,4569,-3526,4570,-4358,4571,4572]]],"properties":{"ubigeo":"200105","nombre":"Catacaos","region":"20"}},{"type":"MultiPolygon","arcs":[[[-3886,-4363,4573,4574,4575,4576,-3878]]],"properties":{"ubigeo":"210602","nombre":"Cojata","region":"21"}},{"type":"MultiPolygon","arcs":[[[-4395,4577,4578,4579,-4383,4580,4581,4582]]],"properties":{"ubigeo":"210605","nombre":"Pusi","region":"21"}},{"type":"MultiPolygon","arcs":[[[4583,4584,-4575,4585]]],"properties":{"ubigeo":"210606","nombre":"Rosaspata","region":"21"}},{"type":"MultiPolygon","arcs":[[[-4582,4586,4587,4588]]],"properties":{"ubigeo":"210607","nombre":"Taraco","region":"21"}},{"type":"MultiPolygon","arcs":[[[-4384,-4580,4589,4590,4591]],[[4592,4593]]],"properties":{"ubigeo":"210107","nombre":"Coata","region":"21"}},{"type":"MultiPolygon","arcs":[[[-4380,4594,4595,-3691,4596,-3696,4597]]],"properties":{"ubigeo":"210708","nombre":"Pucara","region":"21"}},{"type":"MultiPolygon","arcs":[[[-3231,-2770,4598,4599,4600,-4381,-4372,-3308]]],"properties":{"ubigeo":"210709","nombre":"Santa Lucia","region":"21"}},{"type":"MultiPolygon","arcs":[[[-3697,-4597,-3690,-4329]]],"properties":{"ubigeo":"210207","nombre":"Jose Domingo Choquehuanca","region":"21"}},{"type":"MultiPolygon","arcs":[[[4601,-3685,-4331,-3870,4602]]],"properties":{"ubigeo":"210208","nombre":"Muñani","region":"21"}},{"type":"MultiPolygon","arcs":[[[4603,4604,-4603,-3869,-4337,-3708]]],"properties":{"ubigeo":"210209","nombre":"Potoni","region":"21"}},{"type":"MultiPolygon","arcs":[[[-3855,-4391,-4583,-4589,4605,4606]]],"properties":{"ubigeo":"210210","nombre":"Saman","region":"21"}},{"type":"MultiPolygon","arcs":[[[4607,-4389,-3682,-4602,-4605]]],"properties":{"ubigeo":"210211","nombre":"San Anton","region":"21"}},{"type":"MultiPolygon","arcs":[[[-4406,-3864,-4402,4608,4609,4610,4611]]],"properties":{"ubigeo":"210407","nombre":"Zepita","region":"21"}},{"type":"MultiPolygon","arcs":[[[-4368,4612,-4366,4613,-4348,4614,4615]]],"properties":{"ubigeo":"210501","nombre":"Ilave","region":"21"}},{"type":"MultiPolygon","arcs":[[[-4101,-4086,4616,-4404,4617]]],"properties":{"ubigeo":"210502","nombre":"Capazo","region":"21"}},{"type":"MultiPolygon","arcs":[[[-4615,-4347,4618]]],"properties":{"ubigeo":"210503","nombre":"Pilcuyo","region":"21"}},{"type":"MultiPolygon","arcs":[[[-4364,-4273,-4071,-4100,-4618,-4403,-3861,4619]]],"properties":{"ubigeo":"210504","nombre":"Santa Rosa","region":"21"}},{"type":"MultiPolygon","arcs":[[[-4614,-4365,-4620,-3860,-4344]]],"properties":{"ubigeo":"210505","nombre":"Conduriri","region":"21"}},{"type":"MultiPolygon","arcs":[[[4620,-4397,4621,-4606,-4588,4622,4623,-4361,4624]]],"properties":{"ubigeo":"210601","nombre":"Huancane","region":"21"}},{"type":"MultiPolygon","arcs":[[[-4566,4625,4626,4627,-3938,-4494]]],"properties":{"ubigeo":"220508","nombre":"San Roque de Cumbaza","region":"22"}},{"type":"MultiPolygon","arcs":[[[4628,-4423,-3984]]],"properties":{"ubigeo":"220206","nombre":"San Rafael","region":"22"}},{"type":"MultiPolygon","arcs":[[[-4434,-3927,4629,-108,-3954,-3950,4630]]],"properties":{"ubigeo":"220301","nombre":"San Jose de Sisa","region":"22"}},{"type":"MultiPolygon","arcs":[[[4631,-3945,4632,4633,4634]]],"properties":{"ubigeo":"220910","nombre":"Morales","region":"22"}},{"type":"MultiPolygon","arcs":[[[-3189,-873,-2303,4635,-4529,-4515,-3439]]],"properties":{"ubigeo":"250202","nombre":"Sepahua","region":"25"}},{"type":"MultiPolygon","arcs":[[[-493,-4158,-4156,-293,4636]]],"properties":{"ubigeo":"021404","nombre":"Carhuapampa","region":"02"}},{"type":"MultiPolygon","arcs":[[[-1901,4637,4638,4639,-3102,4640,4641]]],"properties":{"ubigeo":"100322","nombre":"Sillapata","region":"10"}},{"type":"MultiPolygon","arcs":[[[-4154,4642,-521,-3475,-130]]],"properties":{"ubigeo":"150902","nombre":"Andajes","region":"15"}},{"type":"MultiPolygon","arcs":[[[-4565,4643,-3956,4644,-4626]]],"properties":{"ubigeo":"220501","nombre":"Lamas","region":"22"}},{"type":"MultiPolygon","arcs":[[[-170,4645,4646]]],"properties":{"ubigeo":"010303","nombre":"Churuja","region":"01"}},{"type":"MultiPolygon","arcs":[[[4647,4648,-4475,-4015]]],"properties":{"ubigeo":"220902","nombre":"Alberto Leveau","region":"22"}},{"type":"MultiPolygon","arcs":[[[4649,-194,-968]]],"properties":{"ubigeo":"010104","nombre":"Cheto","region":"01"}},{"type":"MultiPolygon","arcs":[[[-28,-90,4650,-4132]]],"properties":{"ubigeo":"010105","nombre":"Chiliquin","region":"01"}},{"type":"MultiPolygon","arcs":[[[4651,-903]]],"properties":{"ubigeo":"010204","nombre":"El Parco","region":"01"}},{"type":"MultiPolygon","arcs":[[[-4006,-974,4652,-970,-138,-3998]]],"properties":{"ubigeo":"010107","nombre":"Granada","region":"01"}},{"type":"MultiPolygon","arcs":[[[4653,4654,-16,-86,4655]]],"properties":{"ubigeo":"010108","nombre":"Huancas","region":"01"}},{"type":"MultiPolygon","arcs":[[[-999,4656,4657,-4375,-925,-4377,-4598,-3695,-4388,-1005]]],"properties":{"ubigeo":"210801","nombre":"Ayaviri","region":"21"}},{"type":"MultiPolygon","arcs":[[[-1002,-4390,-4608,-4604,-3707,-3701]]],"properties":{"ubigeo":"210802","nombre":"Antauta","region":"21"}},{"type":"MultiPolygon","arcs":[[[-949,4658,4659,4660,-201,-197]]],"properties":{"ubigeo":"010109","nombre":"La Jalca","region":"01"}},{"type":"MultiPolygon","arcs":[[[-3317,4661,4662,-990]]],"properties":{"ubigeo":"210803","nombre":"Cupi","region":"21"}},{"type":"MultiPolygon","arcs":[[[-3316,-4371,-4662]]],"properties":{"ubigeo":"210804","nombre":"Llalli","region":"21"}},{"type":"MultiPolygon","arcs":[[[4663,-166,4664,-202,-4661]]],"properties":{"ubigeo":"010113","nombre":"Mariscal Castilla","region":"01"}},{"type":"MultiPolygon","arcs":[[[4665,4666,4667,-252,4668]]],"properties":{"ubigeo":"020502","nombre":"Abelardo Pardo Lezameta","region":"02"}},{"type":"MultiPolygon","arcs":[[[-1276,-47,-2783,4669,4670,4671]]],"properties":{"ubigeo":"050302","nombre":"Carapo","region":"05"}},{"type":"MultiPolygon","arcs":[[[-4665,-165,-40,-3969,-203]]],"properties":{"ubigeo":"010115","nombre":"Montevideo","region":"01"}},{"type":"MultiPolygon","arcs":[[[-4670,-2782,-3251,-1268,-1259,4672]]],"properties":{"ubigeo":"050303","nombre":"Sacsamarca","region":"05"}},{"type":"MultiPolygon","arcs":[[[-4133,-4651,-89,-971,-4653,-973]]],"properties":{"ubigeo":"010117","nombre":"Quinjalca","region":"01"}},{"type":"MultiPolygon","arcs":[[[-1689,-992,4673,-4657,-998]]],"properties":{"ubigeo":"210808","nombre":"Santa Rosa","region":"21"}},{"type":"MultiPolygon","arcs":[[[-991,-4663,-4376,-4658,-4674]]],"properties":{"ubigeo":"210809","nombre":"Umachiri","region":"21"}},{"type":"MultiPolygon","arcs":[[[4674,4675,-85,-3868,4676,4677,-4584]]],"properties":{"ubigeo":"210901","nombre":"Moho","region":"21"}},{"type":"MultiPolygon","arcs":[[[-87,-14,4678,-967]]],"properties":{"ubigeo":"010118","nombre":"San Francisco de Daguas","region":"01"}},{"type":"MultiPolygon","arcs":[[[-13,-947,-52,-195,-4650,-4679]]],"properties":{"ubigeo":"010120","nombre":"Soloco","region":"01"}},{"type":"MultiPolygon","arcs":[[[-1444,4679,-1573,-156,4680,-904,-4652,-902,4681]]],"properties":{"ubigeo":"010201","nombre":"Bagua","region":"01"}},{"type":"MultiPolygon","arcs":[[[-4682,-906,4682,-157,-338,-1456,-1445]]],"properties":{"ubigeo":"010202","nombre":"Aramango","region":"01"}},{"type":"MultiPolygon","arcs":[[[-4683,-905,-4681,-155,-158]]],"properties":{"ubigeo":"010203","nombre":"Copallin","region":"01"}},{"type":"MultiPolygon","arcs":[[[4683,4684,4685,-4327,-3849,4686,-4416]]],"properties":{"ubigeo":"211102","nombre":"Cabana","region":"21"}},{"type":"MultiPolygon","arcs":[[[4687,-4599,-2769,-859,-3464,-3599,4688,-4685]]],"properties":{"ubigeo":"211103","nombre":"Cabanillas","region":"21"}},{"type":"MultiPolygon","arcs":[[[-4417,-4687,-3852,-3669,4689,-4590,-4579,4690]]],"properties":{"ubigeo":"211104","nombre":"Caracoto","region":"21"}},{"type":"MultiPolygon","arcs":[[[4691,-4418,-4691,-4578,-4394]]],"properties":{"ubigeo":"211105","nombre":"San Miguel","region":"21"}},{"type":"MultiPolygon","arcs":[[[4692,4693,4694,4695,4696]]],"properties":{"ubigeo":"211201","nombre":"Sandia","region":"21"}},{"type":"MultiPolygon","arcs":[[[4697,-4338,-3882,4698,-4694]]],"properties":{"ubigeo":"211202","nombre":"Cuyocuyo","region":"21"}},{"type":"MultiPolygon","arcs":[[[-4523,-4334,-4343,-4340,4699,4700,4701,-104]]],"properties":{"ubigeo":"211203","nombre":"Limbani","region":"21"}},{"type":"MultiPolygon","arcs":[[[4702,4703,-39,4704,4705,-185]]],"properties":{"ubigeo":"010511","nombre":"Maria","region":"01"}},{"type":"MultiPolygon","arcs":[[[4706,-289,4707,-4667,4708]]],"properties":{"ubigeo":"020506","nombre":"Canis","region":"02"}},{"type":"MultiPolygon","arcs":[[[-101,-32,-907,-4005,-117]]],"properties":{"ubigeo":"010304","nombre":"Corosha","region":"01"}},{"type":"MultiPolygon","arcs":[[[-94,4709,4710,4711,4712,4713,4714]]],"properties":{"ubigeo":"010513","nombre":"Ocumal","region":"01"}},{"type":"MultiPolygon","arcs":[[[4715,-2823,-33,-4704,4716,-4713]]],"properties":{"ubigeo":"010514","nombre":"Pisuquia","region":"01"}},{"type":"MultiPolygon","arcs":[[[-3272,4717,-4710,-93,4718]]],"properties":{"ubigeo":"010515","nombre":"Providencia","region":"01"}},{"type":"MultiPolygon","arcs":[[[4719,4720,4721,-25,-100]]],"properties":{"ubigeo":"010305","nombre":"Cuispes","region":"01"}},{"type":"MultiPolygon","arcs":[[[4722,-4700,-4339,-4698,-4693,4723]]],"properties":{"ubigeo":"211204","nombre":"Patambuco","region":"21"}},{"type":"MultiPolygon","arcs":[[[-4723,4724,-4701]]],"properties":{"ubigeo":"211205","nombre":"Phara","region":"21"}},{"type":"MultiPolygon","arcs":[[[-4695,-4699,-3881,-4410,4725]]],"properties":{"ubigeo":"211206","nombre":"Quiaca","region":"21"}},{"type":"MultiPolygon","arcs":[[[4726,4727,-106,4728]]],"properties":{"ubigeo":"211207","nombre":"San Juan del Oro","region":"21"}},{"type":"MultiPolygon","arcs":[[[4729,-4696,-4726,-4412,4730,-4727]]],"properties":{"ubigeo":"211208","nombre":"Yanahuaya","region":"21"}},{"type":"MultiPolygon","arcs":[[[-4725,-4724,-4697,-4730,-4729,-105,-4702]]],"properties":{"ubigeo":"211209","nombre":"Alto Inambari","region":"21"}},{"type":"MultiPolygon","arcs":[[[-172,4731,-4721,4732]]],"properties":{"ubigeo":"010307","nombre":"Jazan","region":"01"}},{"type":"MultiPolygon","arcs":[[[4733,-4407,-4612,4734,4735,4736,4737]]],"properties":{"ubigeo":"211301","nombre":"Yunguyo","region":"21"}},{"type":"MultiPolygon","arcs":[[[4738]]],"properties":{"ubigeo":"211302","nombre":"Anapia","region":"21"}},{"type":"MultiPolygon","arcs":[[[-30,-4131,-908]]],"properties":{"ubigeo":"010308","nombre":"Recta","region":"01"}},{"type":"MultiPolygon","arcs":[[[-4732,-171,-4647,4739,-26,-4722]]],"properties":{"ubigeo":"010309","nombre":"San Carlos","region":"01"}},{"type":"MultiPolygon","arcs":[[[-160,4740,-173,-4733,-4720,-99]]],"properties":{"ubigeo":"010310","nombre":"Shipasbamba","region":"01"}},{"type":"MultiPolygon","arcs":[[[4741,4742,-4656,-91,-27,-4740,-4646]]],"properties":{"ubigeo":"010311","nombre":"Valera","region":"01"}},{"type":"MultiPolygon","arcs":[[[4743,-339,-161,-115,-4258,4744]]],"properties":{"ubigeo":"010401","nombre":"Nieva","region":"01"}},{"type":"MultiPolygon","arcs":[[[-340,-4744,4745,4746]]],"properties":{"ubigeo":"010402","nombre":"El Cenepa","region":"01"}},{"type":"MultiPolygon","arcs":[[[4747,-4746,-4745,-4257,-4261]]],"properties":{"ubigeo":"010403","nombre":"Rio Santiago","region":"01"}},{"type":"MultiPolygon","arcs":[[[4748,4749,4750,-4654,-4743]]],"properties":{"ubigeo":"010501","nombre":"Lamud","region":"01"}},{"type":"MultiPolygon","arcs":[[[-1375,-3268,-4719,-92,-124,4751]]],"properties":{"ubigeo":"010502","nombre":"Camporredondo","region":"01"}},{"type":"MultiPolygon","arcs":[[[-4714,4752,-183,-945,-11,4753]]],"properties":{"ubigeo":"010504","nombre":"Colcamar","region":"01"}},{"type":"MultiPolygon","arcs":[[[-95,-4715,-4754,-10,4754]]],"properties":{"ubigeo":"010506","nombre":"Inguilpata","region":"01"}},{"type":"MultiPolygon","arcs":[[[-4753,-4717,-4703,-184]]],"properties":{"ubigeo":"010507","nombre":"Longuita","region":"01"}},{"type":"MultiPolygon","arcs":[[[4755,-205,-190,4756,4757]]],"properties":{"ubigeo":"010611","nombre":"Totora","region":"01"}},{"type":"MultiPolygon","arcs":[[[-125,-96,-4755,-9,4758,4759]]],"properties":{"ubigeo":"010508","nombre":"Lonya Chico","region":"01"}},{"type":"MultiPolygon","arcs":[[[4760,4761,-4759,-8,-4655,-4751]]],"properties":{"ubigeo":"010509","nombre":"Luya","region":"01"}},{"type":"MultiPolygon","arcs":[[[-153,4762,-122,4763,-167,-4741,-159]]],"properties":{"ubigeo":"010705","nombre":"Jamalca","region":"01"}},{"type":"MultiPolygon","arcs":[[[4764,4765,-1370,-4752,-123,-4763,-152]]],"properties":{"ubigeo":"010706","nombre":"Lonya Grande","region":"01"}},{"type":"MultiPolygon","arcs":[[[4766,-1412,4767,-4765,-151]]],"properties":{"ubigeo":"010707","nombre":"Yamon","region":"01"}},{"type":"MultiPolygon","arcs":[[[-126,-4760,-4762,4768,4769]]],"properties":{"ubigeo":"010510","nombre":"Luya Viejo","region":"01"}},{"type":"MultiPolygon","arcs":[[[-169,4770,4771,-4749,-4742]]],"properties":{"ubigeo":"010516","nombre":"San Cristobal","region":"01"}},{"type":"MultiPolygon","arcs":[[[-4706,4772,-4659,-948,-186]]],"properties":{"ubigeo":"010519","nombre":"San Juan de Lopecancha","region":"01"}},{"type":"MultiPolygon","arcs":[[[-4764,-127,-4770,4773,-4771,-168]]],"properties":{"ubigeo":"010520","nombre":"Santa Catalina","region":"01"}},{"type":"MultiPolygon","arcs":[[[4774,4775,4776]]],"properties":{"ubigeo":"140206","nombre":"Pueblo Nuevo","region":"14"}},{"type":"MultiPolygon","arcs":[[[-4705,-38,-163,-4664,-4660,-4773]]],"properties":{"ubigeo":"010521","nombre":"Santo Tomas","region":"01"}},{"type":"MultiPolygon","arcs":[[[-4772,-4774,-4769,-4761,-4750]]],"properties":{"ubigeo":"010523","nombre":"Trita","region":"01"}},{"type":"MultiPolygon","arcs":[[[-2481,-2486,4777,-2484,4778]]],"properties":{"ubigeo":"140307","nombre":"Motupe","region":"14"}},{"type":"MultiPolygon","arcs":[[[-3527,-4570,-3791,4779,4780,-2482,-4779,-2483,-4550,-3533]]],"properties":{"ubigeo":"140308","nombre":"Olmos","region":"14"}},{"type":"MultiPolygon","arcs":[[[4781,-208,4782,4783,4784,-141]]],"properties":{"ubigeo":"010601","nombre":"San Nicolas","region":"01"}},{"type":"MultiPolygon","arcs":[[[-199,-206,-4756,4785,-4783,-207]]],"properties":{"ubigeo":"010604","nombre":"Huambo","region":"01"}},{"type":"MultiPolygon","arcs":[[[-969,-209,-4782,-140]]],"properties":{"ubigeo":"010607","nombre":"Mariscal Benavides","region":"01"}},{"type":"MultiPolygon","arcs":[[[4786,-4757,-189,4787]]],"properties":{"ubigeo":"010608","nombre":"Milpuc","region":"01"}},{"type":"MultiPolygon","arcs":[[[-309,-305]]],"properties":{"ubigeo":"020602","nombre":"Acopampa","region":"02"}},{"type":"MultiPolygon","arcs":[[[-4785,4788,-4788,-193,-3968,-3922,-142]]],"properties":{"ubigeo":"010609","nombre":"Omia","region":"01"}},{"type":"MultiPolygon","arcs":[[[-4786,-4758,-4787,-4789,-4784]]],"properties":{"ubigeo":"010610","nombre":"Santa Rosa","region":"01"}},{"type":"MultiPolygon","arcs":[[[4789,-1397,-1422,-1413,-4767,-150,-1572]]],"properties":{"ubigeo":"010703","nombre":"Cumba","region":"01"}},{"type":"MultiPolygon","arcs":[[[-631,-344,-228,-635]]],"properties":{"ubigeo":"020102","nombre":"Cochabamba","region":"02"}},{"type":"MultiPolygon","arcs":[[[-224,4790,4791,-230]]],"properties":{"ubigeo":"020103","nombre":"Colcabamba","region":"02"}},{"type":"MultiPolygon","arcs":[[[4792,4793,4794]]],"properties":{"ubigeo":"020603","nombre":"Amashca","region":"02"}},{"type":"MultiPolygon","arcs":[[[-222,-2247,4795,4796]]],"properties":{"ubigeo":"020104","nombre":"Huanchay","region":"02"}},{"type":"MultiPolygon","arcs":[[[4797,4798,-212,4799]]],"properties":{"ubigeo":"020106","nombre":"Jangas","region":"02"}},{"type":"MultiPolygon","arcs":[[[4800,4801,4802]]],"properties":{"ubigeo":"020203","nombre":"Huacllan","region":"02"}},{"type":"MultiPolygon","arcs":[[[-4791,-223,-4797,4803,4804,-176,4805]]],"properties":{"ubigeo":"020107","nombre":"La Libertad","region":"02"}},{"type":"MultiPolygon","arcs":[[[-4792,-4806,-175,-213,-4799,4806,-231]]],"properties":{"ubigeo":"020111","nombre":"Pira","region":"02"}},{"type":"MultiPolygon","arcs":[[[4807,4808,-4800,-211,-316]]],"properties":{"ubigeo":"020112","nombre":"Tarica","region":"02"}},{"type":"MultiPolygon","arcs":[[[4809,-4803,4810,4811,-389,-378,-582,-375,-178,4812]]],"properties":{"ubigeo":"020201","nombre":"Aija","region":"02"}},{"type":"MultiPolygon","arcs":[[[-4796,-2246,-425,4813,4814,-4801,-4810,4815,-4804]]],"properties":{"ubigeo":"020202","nombre":"Coris","region":"02"}},{"type":"MultiPolygon","arcs":[[[-4805,-4816,-4813,-177]]],"properties":{"ubigeo":"020204","nombre":"La Merced","region":"02"}},{"type":"MultiPolygon","arcs":[[[-4802,-4815,4816,4817,-4811]]],"properties":{"ubigeo":"020205","nombre":"Succha","region":"02"}},{"type":"MultiPolygon","arcs":[[[4818,4819,-238,-3810]]],"properties":{"ubigeo":"020303","nombre":"Chaccho","region":"02"}},{"type":"MultiPolygon","arcs":[[[-2197,-1921,-4199,4820]]],"properties":{"ubigeo":"120207","nombre":"Heroinas Toledo","region":"12"}},{"type":"MultiPolygon","arcs":[[[4821,-246,-245,4822,-413,-235]]],"properties":{"ubigeo":"020304","nombre":"Chingas","region":"02"}},{"type":"MultiPolygon","arcs":[[[4823,-396,-247,-4822,-234,-4820]]],"properties":{"ubigeo":"020305","nombre":"Mirgas","region":"02"}},{"type":"MultiPolygon","arcs":[[[4824,-307,-314,-361,-320,4825]]],"properties":{"ubigeo":"020401","nombre":"Chacas","region":"02"}},{"type":"MultiPolygon","arcs":[[[-4826,-319,-640]]],"properties":{"ubigeo":"020402","nombre":"Acochaca","region":"02"}},{"type":"MultiPolygon","arcs":[[[-391,4826,-275,4827,-264,-577]]],"properties":{"ubigeo":"020503","nombre":"Antonio Raymondi","region":"02"}},{"type":"MultiPolygon","arcs":[[[-303,-232,4828,4829,-310]]],"properties":{"ubigeo":"020604","nombre":"Anta","region":"02"}},{"type":"MultiPolygon","arcs":[[[-4829,-4807,-4798,-4809,4830]]],"properties":{"ubigeo":"020611","nombre":"Yungar","region":"02"}},{"type":"MultiPolygon","arcs":[[[4831,4832,4833,-323,-397,-4824,-4819,-3809,-3086]]],"properties":{"ubigeo":"020702","nombre":"San Nicolas","region":"02"}},{"type":"MultiPolygon","arcs":[[[-274,4834,-481,-265,-4828]]],"properties":{"ubigeo":"020510","nombre":"Huayllacayan","region":"02"}},{"type":"MultiPolygon","arcs":[[[-253,-4668,-4708,-288,-296]]],"properties":{"ubigeo":"020511","nombre":"La Primavera","region":"02"}},{"type":"MultiPolygon","arcs":[[[4835,4836,4837,4838,4839]]],"properties":{"ubigeo":"140114","nombre":"Santa Rosa","region":"14"}},{"type":"MultiPolygon","arcs":[[[4840,-4709,-4666,4841]]],"properties":{"ubigeo":"020514","nombre":"San Miguel de Corpanqui","region":"02"}},{"type":"MultiPolygon","arcs":[[[4842,-300,4843,-4793,4844]]],"properties":{"ubigeo":"020610","nombre":"Tinco","region":"02"}},{"type":"MultiPolygon","arcs":[[[-2056,4845,-4454,-4457,-2468]]],"properties":{"ubigeo":"140116","nombre":"Cayalti","region":"14"}},{"type":"MultiPolygon","arcs":[[[-268,4846,-4842,-4669,-251]]],"properties":{"ubigeo":"020515","nombre":"Ticllos","region":"02"}},{"type":"MultiPolygon","arcs":[[[-636,-301,-4843,4847]]],"properties":{"ubigeo":"020605","nombre":"Ataquero","region":"02"}},{"type":"MultiPolygon","arcs":[[[-4830,-4831,-4808,-315,-311]]],"properties":{"ubigeo":"020607","nombre":"Pariahuanca","region":"02"}},{"type":"MultiPolygon","arcs":[[[-626,4848,-4794,-4844,-308,-4825,-639]]],"properties":{"ubigeo":"020609","nombre":"Shilla","region":"02"}},{"type":"MultiPolygon","arcs":[[[4849,-407,4850]]],"properties":{"ubigeo":"021012","nombre":"Rahuapampa","region":"02"}},{"type":"MultiPolygon","arcs":[[[-404,-1935,-3817,-1936,-3823,-3815]]],"properties":{"ubigeo":"021013","nombre":"Rapayan","region":"02"}},{"type":"MultiPolygon","arcs":[[[-412,-400,-260,-278,-3812,4851,-409]]],"properties":{"ubigeo":"021014","nombre":"San Marcos","region":"02"}},{"type":"MultiPolygon","arcs":[[[-410,-4852,-3811,-1927,-3826,4852]]],"properties":{"ubigeo":"021015","nombre":"San Pedro de Chana","region":"02"}},{"type":"MultiPolygon","arcs":[[[4853,4854,-4833,4855]]],"properties":{"ubigeo":"021305","nombre":"Llama","region":"02"}},{"type":"MultiPolygon","arcs":[[[-641,4856,4857]]],"properties":{"ubigeo":"021306","nombre":"Llumpa","region":"02"}},{"type":"MultiPolygon","arcs":[[[-642,-4858,4858,-2970]]],"properties":{"ubigeo":"021307","nombre":"Lucma","region":"02"}},{"type":"MultiPolygon","arcs":[[[-4855,4859,-4857,-324,-4834]]],"properties":{"ubigeo":"020703","nombre":"Yauya","region":"02"}},{"type":"MultiPolygon","arcs":[[[-2673,4860,4861,4862,-355,4863,4864,4865]]],"properties":{"ubigeo":"020901","nombre":"Corongo","region":"02"}},{"type":"MultiPolygon","arcs":[[[4866,-4865,4867,-347]]],"properties":{"ubigeo":"020902","nombre":"Aco","region":"02"}},{"type":"MultiPolygon","arcs":[[[-2668,-587,4868,-4862,4869]]],"properties":{"ubigeo":"020903","nombre":"Bambas","region":"02"}},{"type":"MultiPolygon","arcs":[[[-4868,-4864,-360,-348]]],"properties":{"ubigeo":"020906","nombre":"Yanac","region":"02"}},{"type":"MultiPolygon","arcs":[[[4870,-574]]],"properties":{"ubigeo":"021504","nombre":"Huacaschuque","region":"02"}},{"type":"MultiPolygon","arcs":[[[-4869,-586,-356,-4863]]],"properties":{"ubigeo":"020907","nombre":"Yupan","region":"02"}},{"type":"MultiPolygon","arcs":[[[4871,-243,4872,-1931,-402,-415]]],"properties":{"ubigeo":"021002","nombre":"Anra","region":"02"}},{"type":"MultiPolygon","arcs":[[[-242,4873,-3827,-1932,-4873]]],"properties":{"ubigeo":"021005","nombre":"Huacachi","region":"02"}},{"type":"MultiPolygon","arcs":[[[-408,-4850,4874,-394]]],"properties":{"ubigeo":"021009","nombre":"Masin","region":"02"}},{"type":"MultiPolygon","arcs":[[[-241,-395,-4875,-4851,-411,-4853,-3825,-4874]]],"properties":{"ubigeo":"021011","nombre":"Ponto","region":"02"}},{"type":"MultiPolygon","arcs":[[[-4823,-244,-4872,-414]]],"properties":{"ubigeo":"021016","nombre":"Uco","region":"02"}},{"type":"MultiPolygon","arcs":[[[-424,4875,-4817,-4814]]],"properties":{"ubigeo":"021104","nombre":"Huayan","region":"02"}},{"type":"MultiPolygon","arcs":[[[-4876,-423,-2244,-385,-4812,-4818]]],"properties":{"ubigeo":"021105","nombre":"Malvas","region":"02"}},{"type":"MultiPolygon","arcs":[[[4876,4877,-434,4878,-621,-638,-440]]],"properties":{"ubigeo":"021201","nombre":"Caraz","region":"02"}},{"type":"MultiPolygon","arcs":[[[-585,-447,-430,-438,-448,-358]]],"properties":{"ubigeo":"021202","nombre":"Huallanca","region":"02"}},{"type":"MultiPolygon","arcs":[[[4879,-435,-4878]]],"properties":{"ubigeo":"021203","nombre":"Huata","region":"02"}},{"type":"MultiPolygon","arcs":[[[-2680,-436,-4880,-4877,-439,-428]]],"properties":{"ubigeo":"021205","nombre":"Mato","region":"02"}},{"type":"MultiPolygon","arcs":[[[-433,-633,-629,4880,-622,-4879]]],"properties":{"ubigeo":"021207","nombre":"Pueblo Libre","region":"02"}},{"type":"MultiPolygon","arcs":[[[4881,-2971,4882,-469]]],"properties":{"ubigeo":"021301","nombre":"Piscobamba","region":"02"}},{"type":"MultiPolygon","arcs":[[[4883,-73,-2797]]],"properties":{"ubigeo":"050512","nombre":"Union Progreso","region":"05"}},{"type":"MultiPolygon","arcs":[[[4884,-68,-70,4885]]],"properties":{"ubigeo":"050513","nombre":"Rio Magdalena","region":"05"}},{"type":"MultiPolygon","arcs":[[[-2969,-2972,-4882,-468]]],"properties":{"ubigeo":"021302","nombre":"Casca","region":"02"}},{"type":"MultiPolygon","arcs":[[[-3214,4886,-461,4887,4888,4889,-2800,-3259,-3255,-3252]]],"properties":{"ubigeo":"050611","nombre":"Lucanas","region":"05"}},{"type":"MultiPolygon","arcs":[[[-3806,-3808,-3798,4890,-3212,-453]]],"properties":{"ubigeo":"050612","nombre":"Ocaña","region":"05"}},{"type":"MultiPolygon","arcs":[[[-4891,-3797,-456,-4887,-3213]]],"properties":{"ubigeo":"050613","nombre":"Otoca","region":"05"}},{"type":"MultiPolygon","arcs":[[[4891,-2809,4892]]],"properties":{"ubigeo":"050614","nombre":"Saisa","region":"05"}},{"type":"MultiPolygon","arcs":[[[4893,-4893,-2808,-2802,4894,-4889]]],"properties":{"ubigeo":"050615","nombre":"San Cristobal","region":"05"}},{"type":"MultiPolygon","arcs":[[[4895,-4856,-4832,-3085,-471]]],"properties":{"ubigeo":"021303","nombre":"Eleazar Guzman Barron","region":"02"}},{"type":"MultiPolygon","arcs":[[[-671,-648,-661,4896]]],"properties":{"ubigeo":"030109","nombre":"Tamburco","region":"03"}},{"type":"MultiPolygon","arcs":[[[4897,-1527,4898,4899,-2860,-1522]]],"properties":{"ubigeo":"061311","nombre":"Yauyucan","region":"06"}},{"type":"MultiPolygon","arcs":[[[-4883,-4859,-4860,-4854,-4896,-470]]],"properties":{"ubigeo":"021308","nombre":"Musga","region":"02"}},{"type":"MultiPolygon","arcs":[[[-267,-488,4900,-290,-4707,-4841,-4847]]],"properties":{"ubigeo":"021403","nombre":"Cajamarquilla","region":"02"}},{"type":"MultiPolygon","arcs":[[[-783,-708,4901,-1192,-480,-770,-2707,-2701]]],"properties":{"ubigeo":"030406","nombre":"Cotaruse","region":"03"}},{"type":"MultiPolygon","arcs":[[[4902,-534,4903,4904,4905]]],"properties":{"ubigeo":"030407","nombre":"Huayllo","region":"03"}},{"type":"MultiPolygon","arcs":[[[-273,-560,-482,-4835]]],"properties":{"ubigeo":"021406","nombre":"Congas","region":"02"}},{"type":"MultiPolygon","arcs":[[[-487,4906,-291,-4901]]],"properties":{"ubigeo":"021407","nombre":"Llipa","region":"02"}},{"type":"MultiPolygon","arcs":[[[-486,4907,-494,-4637,-292,-4907]]],"properties":{"ubigeo":"021408","nombre":"San Cristobal de Rajan","region":"02"}},{"type":"MultiPolygon","arcs":[[[4908,4909,-801,4910,4911]]],"properties":{"ubigeo":"030609","nombre":"Rocchacc","region":"03"}},{"type":"MultiPolygon","arcs":[[[-531,-489,-4908,-485]]],"properties":{"ubigeo":"021410","nombre":"Santiago de Chilcas","region":"02"}},{"type":"MultiPolygon","arcs":[[[-2674,-4866,-4867,-346,-564,4912,4913]]],"properties":{"ubigeo":"021501","nombre":"Cabana","region":"02"}},{"type":"MultiPolygon","arcs":[[[-2384,-4453,-2675,-4914,4914,-572]]],"properties":{"ubigeo":"021502","nombre":"Bolognesi","region":"02"}},{"type":"MultiPolygon","arcs":[[[-575,-4871,-573,-4915,-4913,-563,4915]]],"properties":{"ubigeo":"021505","nombre":"Huandoval","region":"02"}},{"type":"MultiPolygon","arcs":[[[-576,-4916,-562,-2664]]],"properties":{"ubigeo":"021506","nombre":"Lacabamba","region":"02"}},{"type":"MultiPolygon","arcs":[[[-2669,-4870,-4861,-2672]]],"properties":{"ubigeo":"021507","nombre":"Llapo","region":"02"}},{"type":"MultiPolygon","arcs":[[[-579,-4827,-390,4916]]],"properties":{"ubigeo":"021705","nombre":"Llacllin","region":"02"}},{"type":"MultiPolygon","arcs":[[[-578,-262,-383]]],"properties":{"ubigeo":"021707","nombre":"Pampas Chico","region":"02"}},{"type":"MultiPolygon","arcs":[[[-388,-580,-4917,-393,-380]]],"properties":{"ubigeo":"021709","nombre":"Tapacocha","region":"02"}},{"type":"MultiPolygon","arcs":[[[4917,-2677,4918]]],"properties":{"ubigeo":"021803","nombre":"Coishco","region":"02"}},{"type":"MultiPolygon","arcs":[[[-2411,4919,-4919,-2676]]],"properties":{"ubigeo":"021808","nombre":"Santa","region":"02"}},{"type":"MultiPolygon","arcs":[[[-812,4920,4921,-2683]]],"properties":{"ubigeo":"030712","nombre":"Vilcabamba","region":"03"}},{"type":"MultiPolygon","arcs":[[[-616,4922,-620,-605]]],"properties":{"ubigeo":"021901","nombre":"Sihuas","region":"02"}},{"type":"MultiPolygon","arcs":[[[-3987,4923,4924,4925]]],"properties":{"ubigeo":"220703","nombre":"Caspisapa","region":"22"}},{"type":"MultiPolygon","arcs":[[[-615,-352,-617,-4923]]],"properties":{"ubigeo":"021904","nombre":"Cashapampa","region":"02"}},{"type":"MultiPolygon","arcs":[[[-619,-2967,-367,-607]]],"properties":{"ubigeo":"021910","nombre":"Sicsibamba","region":"02"}},{"type":"MultiPolygon","arcs":[[[-625,4926,4927,-637,-4848,-4845,-4795,-4849]]],"properties":{"ubigeo":"022003","nombre":"Mancos","region":"02"}},{"type":"MultiPolygon","arcs":[[[-4881,-628,-634,-4928,4928,-623]]],"properties":{"ubigeo":"022004","nombre":"Matacoto","region":"02"}},{"type":"MultiPolygon","arcs":[[[4929,4930,-3282,4931]]],"properties":{"ubigeo":"060506","nombre":"Santa Cruz de Toled","region":"06"}},{"type":"MultiPolygon","arcs":[[[-4929,-4927,-624]]],"properties":{"ubigeo":"022006","nombre":"Ranrahirca","region":"02"}},{"type":"MultiPolygon","arcs":[[[-807,4932,4933,-794]]],"properties":{"ubigeo":"030612","nombre":"Ahuayro","region":"03"}},{"type":"MultiPolygon","arcs":[[[-672,-4897,-660,-1626,-2901]]],"properties":{"ubigeo":"030108","nombre":"San Pedro de Cachora","region":"03"}},{"type":"MultiPolygon","arcs":[[[-804,-743,4934,4935,-79]]],"properties":{"ubigeo":"030202","nombre":"Andarapa","region":"03"}},{"type":"MultiPolygon","arcs":[[[4936,4937,-738,-746,4938,-727]]],"properties":{"ubigeo":"030203","nombre":"Chiara","region":"03"}},{"type":"MultiPolygon","arcs":[[[-728,-4939,-745,4939,4940]]],"properties":{"ubigeo":"030205","nombre":"Huancaray","region":"03"}},{"type":"MultiPolygon","arcs":[[[4941,4942,4943]]],"properties":{"ubigeo":"061002","nombre":"Chancay","region":"06"}},{"type":"MultiPolygon","arcs":[[[4944,-4935,-742,-501,-735,-2690]]],"properties":{"ubigeo":"030209","nombre":"Pacucha","region":"03"}},{"type":"MultiPolygon","arcs":[[[-701,4945,-1256,-703,4946,-747]]],"properties":{"ubigeo":"030211","nombre":"Pomacocha","region":"03"}},{"type":"MultiPolygon","arcs":[[[-803,4947,4948,-729,-4941,-740]]],"properties":{"ubigeo":"030215","nombre":"Santa Maria de Chicmo","region":"03"}},{"type":"MultiPolygon","arcs":[[[-4940,-744,-496,-741]]],"properties":{"ubigeo":"030218","nombre":"Turpo","region":"03"}},{"type":"MultiPolygon","arcs":[[[-755,4949,-2154]]],"properties":{"ubigeo":"120104","nombre":"Carhuacallanga","region":"12"}},{"type":"MultiPolygon","arcs":[[[-4936,-4945,-2693,-80]]],"properties":{"ubigeo":"030219","nombre":"Kaquiabamba","region":"03"}},{"type":"MultiPolygon","arcs":[[[4950,-2695,-656,-653,-789]]],"properties":{"ubigeo":"030302","nombre":"El Oro","region":"03"}},{"type":"MultiPolygon","arcs":[[[-748,-4947,-710,-782,4951,-4904,-533]]],"properties":{"ubigeo":"030402","nombre":"Capaya","region":"03"}},{"type":"MultiPolygon","arcs":[[[-4162,4952,4953,4954]]],"properties":{"ubigeo":"120116","nombre":"Huacrapuquio","region":"12"}},{"type":"MultiPolygon","arcs":[[[-757,-498,-749,-535,-4903,4955,-3209,-2710,4956]]],"properties":{"ubigeo":"030405","nombre":"Colcabamba","region":"03"}},{"type":"MultiPolygon","arcs":[[[-4956,-4906,4957,-2705,4958,-786]]],"properties":{"ubigeo":"030408","nombre":"Justo Apu Sahuaraura","region":"03"}},{"type":"MultiPolygon","arcs":[[[-758,-4957,-2709,4959,-731]]],"properties":{"ubigeo":"030409","nombre":"Lucre","region":"03"}},{"type":"MultiPolygon","arcs":[[[-788,4960,-2703,-2698,-2696,-4951]]],"properties":{"ubigeo":"030410","nombre":"Pocohuanca","region":"03"}},{"type":"MultiPolygon","arcs":[[[-732,-4960,-2708]]],"properties":{"ubigeo":"030411","nombre":"San Juan de Chacña","region":"03"}},{"type":"MultiPolygon","arcs":[[[-4952,-785,-2706,-4958,-4905]]],"properties":{"ubigeo":"030413","nombre":"Soraya","region":"03"}},{"type":"MultiPolygon","arcs":[[[-4959,-2704,-4961,-787]]],"properties":{"ubigeo":"030417","nombre":"Yanaca","region":"03"}},{"type":"MultiPolygon","arcs":[[[-664,-542,-3210,-1613]]],"properties":{"ubigeo":"030502","nombre":"Cotabambas","region":"03"}},{"type":"MultiPolygon","arcs":[[[4961,4962,4963,4964,-795,-4934]]],"properties":{"ubigeo":"030601","nombre":"Chincheros","region":"03"}},{"type":"MultiPolygon","arcs":[[[-4964,4965,4966,4967,-4909,4968]]],"properties":{"ubigeo":"030602","nombre":"Anco_huallo","region":"03"}},{"type":"MultiPolygon","arcs":[[[4969,-1284,4970,4971,-4966,-4963]]],"properties":{"ubigeo":"030603","nombre":"Cocharcas","region":"03"}},{"type":"MultiPolygon","arcs":[[[-796,-4965,-4969,-4912,4972]]],"properties":{"ubigeo":"030606","nombre":"Ongoy","region":"03"}},{"type":"MultiPolygon","arcs":[[[-4967,-4972,4973,-721,-4949,4974]]],"properties":{"ubigeo":"030607","nombre":"Uranmarca","region":"03"}},{"type":"MultiPolygon","arcs":[[[-4910,-4968,-4975,-4948,-802]]],"properties":{"ubigeo":"030608","nombre":"Ranracancha","region":"03"}},{"type":"MultiPolygon","arcs":[[[4975,4976,4977,-2162]]],"properties":{"ubigeo":"120117","nombre":"Hualhuas","region":"12"}},{"type":"MultiPolygon","arcs":[[[-797,-4973,-4911,-800,-77,-3249]]],"properties":{"ubigeo":"030610","nombre":"El Porvenir","region":"03"}},{"type":"MultiPolygon","arcs":[[[-826,4978,4979,4980]]],"properties":{"ubigeo":"030709","nombre":"San Antonio","region":"03"}},{"type":"MultiPolygon","arcs":[[[-811,-827,4981,-4921]]],"properties":{"ubigeo":"030710","nombre":"Santa Rosa","region":"03"}},{"type":"MultiPolygon","arcs":[[[-4980,4982,-774,4983]]],"properties":{"ubigeo":"030705","nombre":"Mamara","region":"03"}},{"type":"MultiPolygon","arcs":[[[-2684,-4922,-4982,-4981,-4984,-773,-829]]],"properties":{"ubigeo":"030706","nombre":"Micaela Bastidas","region":"03"}},{"type":"MultiPolygon","arcs":[[[4984,4985,4986,4987,4988,4989,4990,4991]]],"properties":{"ubigeo":"040101","nombre":"Arequipa","region":"04"}},{"type":"MultiPolygon","arcs":[[[4992,4993,4994]]],"properties":{"ubigeo":"140311","nombre":"San Jose","region":"14"}},{"type":"MultiPolygon","arcs":[[[-825,4995,-775,-4983,-4979]]],"properties":{"ubigeo":"030711","nombre":"Turpay","region":"03"}},{"type":"MultiPolygon","arcs":[[[-767,-776,-4996,-824]]],"properties":{"ubigeo":"030713","nombre":"Virundo","region":"03"}},{"type":"MultiPolygon","arcs":[[[-4987,4996,4997,-1076,4998,4999]]],"properties":{"ubigeo":"040107","nombre":"Jacobo Hunter","region":"04"}},{"type":"MultiPolygon","arcs":[[[5000,-4990,5001,5002]]],"properties":{"ubigeo":"040109","nombre":"Mariano Melgar","region":"04"}},{"type":"MultiPolygon","arcs":[[[5003,-4992,5004,-833]]],"properties":{"ubigeo":"040102","nombre":"Alto Selva Alegre","region":"04"}},{"type":"MultiPolygon","arcs":[[[5005,-5003,5006,5007,-846,-853]]],"properties":{"ubigeo":"040106","nombre":"Chiguata","region":"04"}},{"type":"MultiPolygon","arcs":[[[-5005,-4991,-5001,-5006]]],"properties":{"ubigeo":"040110","nombre":"Miraflores","region":"04"}},{"type":"MultiPolygon","arcs":[[[-3241,-2735,-867,-863]]],"properties":{"ubigeo":"040118","nombre":"San Juan de Siguas","region":"04"}},{"type":"MultiPolygon","arcs":[[[-832,-839,5008,-4985,-5004]]],"properties":{"ubigeo":"040126","nombre":"Yanahuara","region":"04"}},{"type":"MultiPolygon","arcs":[[[-4890,-4895,-2801]]],"properties":{"ubigeo":"050616","nombre":"San Juan","region":"05"}},{"type":"MultiPolygon","arcs":[[[-3218,-1025,-3261,5009,-2812]]],"properties":{"ubigeo":"050619","nombre":"Sancos","region":"05"}},{"type":"MultiPolygon","arcs":[[[5010,-1074,5011,5012,-843]]],"properties":{"ubigeo":"040111","nombre":"Mollebaya","region":"04"}},{"type":"MultiPolygon","arcs":[[[-5002,-4989,5013,5014,-5007]]],"properties":{"ubigeo":"040112","nombre":"Paucarpata","region":"04"}},{"type":"MultiPolygon","arcs":[[[-4988,-5000,5015,5016,-5014]]],"properties":{"ubigeo":"040129","nombre":"Jose Luis Bustamante y Rivero","region":"04"}},{"type":"MultiPolygon","arcs":[[[-844,-5013,5017,-1011,-3449,-854]]],"properties":{"ubigeo":"040113","nombre":"Pocsi","region":"04"}},{"type":"MultiPolygon","arcs":[[[-1073,-1012,-5018,-5012]]],"properties":{"ubigeo":"040115","nombre":"Quequeña","region":"04"}},{"type":"MultiPolygon","arcs":[[[5018,-1010,5019,-1018]]],"properties":{"ubigeo":"040202","nombre":"Jose Maria Quimper","region":"04"}},{"type":"MultiPolygon","arcs":[[[-2731,5020,-1007,-5019,-1017,-2717]]],"properties":{"ubigeo":"040204","nombre":"Mariscal Caceres","region":"04"}},{"type":"MultiPolygon","arcs":[[[-5015,-5017,5021,-841,-5008]]],"properties":{"ubigeo":"040116","nombre":"Sabandia","region":"04"}},{"type":"MultiPolygon","arcs":[[[5022,-4997,-4986,-5009,-838]]],"properties":{"ubigeo":"040117","nombre":"Sachaca","region":"04"}},{"type":"MultiPolygon","arcs":[[[-4999,-1075,-5011,-842,-5022,-5016]]],"properties":{"ubigeo":"040122","nombre":"Socabaya","region":"04"}},{"type":"MultiPolygon","arcs":[[[-1265,-3254,5023]]],"properties":{"ubigeo":"050620","nombre":"Santa Ana de Huaycahuacho","region":"05"}},{"type":"MultiPolygon","arcs":[[[-460,-3803,-3801,5024,-3219,-2810,-4892,-4894,-4888]]],"properties":{"ubigeo":"050621","nombre":"Santa Lucia","region":"05"}},{"type":"MultiPolygon","arcs":[[[5025,-2805,5026,5027,-1208,-1193,-4902,-707]]],"properties":{"ubigeo":"050701","nombre":"Coracora","region":"05"}},{"type":"MultiPolygon","arcs":[[[-837,-1052,-1072,-4998,-5023]]],"properties":{"ubigeo":"040123","nombre":"Tiabaya","region":"04"}},{"type":"MultiPolygon","arcs":[[[-2251,-3051,5028,5029,5030]]],"properties":{"ubigeo":"120408","nombre":"Huamali","region":"12"}},{"type":"MultiPolygon","arcs":[[[-5020,-1009,5031,-2733,-3240,-1019]]],"properties":{"ubigeo":"040208","nombre":"Samuel Pastor","region":"04"}},{"type":"MultiPolygon","arcs":[[[-3800,-1027,5032,-3217,-5025]]],"properties":{"ubigeo":"040305","nombre":"Bella Union","region":"04"}},{"type":"MultiPolygon","arcs":[[[5033,-1032,-3220,-2755,-879,-897,-1101,-1197]]],"properties":{"ubigeo":"040306","nombre":"Cahuacho","region":"04"}},{"type":"MultiPolygon","arcs":[[[-3224,5034,5035,5036]]],"properties":{"ubigeo":"040307","nombre":"Chala","region":"04"}},{"type":"MultiPolygon","arcs":[[[5037,-5036,5038,-3221,-1030]]],"properties":{"ubigeo":"040308","nombre":"Chaparra","region":"04"}},{"type":"MultiPolygon","arcs":[[[-3225,-5037,-5038,-1029,-3262]]],"properties":{"ubigeo":"040309","nombre":"Huanuhuanu","region":"04"}},{"type":"MultiPolygon","arcs":[[[5039,-3266,5040,-1209,-5028]]],"properties":{"ubigeo":"050702","nombre":"Chumpi","region":"05"}},{"type":"MultiPolygon","arcs":[[[5041,-2753,-1043,-2758,-2751]]],"properties":{"ubigeo":"040411","nombre":"Tipan","region":"04"}},{"type":"MultiPolygon","arcs":[[[-2754,-5042,-2750,-893]]],"properties":{"ubigeo":"040414","nombre":"Viraco","region":"04"}},{"type":"MultiPolygon","arcs":[[[-2726,-2742,-2746,-2776,-1082,-3239,-2771,-3234,-1575,-3312]]],"properties":{"ubigeo":"040505","nombre":"Caylloma","region":"04"}},{"type":"MultiPolygon","arcs":[[[-3229,-1059,-1080]]],"properties":{"ubigeo":"040509","nombre":"Ichupampa","region":"04"}},{"type":"MultiPolygon","arcs":[[[-1091,5042,-1092,-917]]],"properties":{"ubigeo":"040703","nombre":"Dean Valdivia","region":"04"}},{"type":"MultiPolygon","arcs":[[[-934,5043,-885,-939]]],"properties":{"ubigeo":"040802","nombre":"Alca","region":"04"}},{"type":"MultiPolygon","arcs":[[[-1198,-1099,5044]]],"properties":{"ubigeo":"040808","nombre":"Sayla","region":"04"}},{"type":"MultiPolygon","arcs":[[[-933,-1097,-886,-5044]]],"properties":{"ubigeo":"040810","nombre":"Tomepampa","region":"04"}},{"type":"MultiPolygon","arcs":[[[-1769,-1111,-1131,5045,5046]]],"properties":{"ubigeo":"050107","nombre":"Pacaycasa","region":"05"}},{"type":"MultiPolygon","arcs":[[[5047,5048,-2514]]],"properties":{"ubigeo":"150105","nombre":"Breña","region":"15"}},{"type":"MultiPolygon","arcs":[[[5049,-1786,5050,-3242,-1105,-1768]]],"properties":{"ubigeo":"050109","nombre":"San Jose de Ticllas","region":"05"}},{"type":"MultiPolygon","arcs":[[[5051,5052,-1787,-5050,-1767]]],"properties":{"ubigeo":"050111","nombre":"Santiago de Pischa","region":"05"}},{"type":"MultiPolygon","arcs":[[[-1785,-1758,-3012,-1161,-963,-964,-3243,-5051]]],"properties":{"ubigeo":"050114","nombre":"Vinchos","region":"05"}},{"type":"MultiPolygon","arcs":[[[-1110,5053,-3244,-1132]]],"properties":{"ubigeo":"050115","nombre":"Jesus Nazareno","region":"05"}},{"type":"MultiPolygon","arcs":[[[-1109,-1143,-3245,-5054]]],"properties":{"ubigeo":"050116","nombre":"Andres Avelino Caceres Dorregaray","region":"05"}},{"type":"MultiPolygon","arcs":[[[-961,5054,-951,-965]]],"properties":{"ubigeo":"050204","nombre":"Maria Parado de Bellido","region":"05"}},{"type":"MultiPolygon","arcs":[[[-979,5055,-5046,-1130,-61]]],"properties":{"ubigeo":"050403","nombre":"Huamanguilla","region":"05"}},{"type":"MultiPolygon","arcs":[[[-1770,-5047,-5056,-978]]],"properties":{"ubigeo":"050404","nombre":"Iguain","region":"05"}},{"type":"MultiPolygon","arcs":[[[-985,-1172,-2784,-1173,-1179]]],"properties":{"ubigeo":"050413","nombre":"Putis","region":"05"}},{"type":"MultiPolygon","arcs":[[[-1188,5056,-1121,-3247,-2792]]],"properties":{"ubigeo":"050514","nombre":"Ninabamba","region":"05"}},{"type":"MultiPolygon","arcs":[[[-1187,-1122,-5057]]],"properties":{"ubigeo":"050515","nombre":"Patibamba","region":"05"}},{"type":"MultiPolygon","arcs":[[[-2804,-2813,-5010,-3267,-5040,-5027]]],"properties":{"ubigeo":"050605","nombre":"Chaviña","region":"05"}},{"type":"MultiPolygon","arcs":[[[-3257,-3260,-2806,-5026,-706,-1251,-1255,-1238,5057]]],"properties":{"ubigeo":"050606","nombre":"Chipao","region":"05"}},{"type":"MultiPolygon","arcs":[[[-1959,5058,5059,-462,-1854]]],"properties":{"ubigeo":"050607","nombre":"Huac-huas","region":"05"}},{"type":"MultiPolygon","arcs":[[[-1191,5060,-1215,-476]]],"properties":{"ubigeo":"050704","nombre":"Pacapausa","region":"05"}},{"type":"MultiPolygon","arcs":[[[-3265,5061,-3263,-1033,-5034,-1196,5062,-1210,-5041]]],"properties":{"ubigeo":"050706","nombre":"Puyusca","region":"05"}},{"type":"MultiPolygon","arcs":[[[-5061,-1214,5063,5064,-1216]]],"properties":{"ubigeo":"050707","nombre":"San Francisco de Ravacayco","region":"05"}},{"type":"MultiPolygon","arcs":[[[-1205,-1199,-5045,-1098,-942,5065]]],"properties":{"ubigeo":"050803","nombre":"Corculla","region":"05"}},{"type":"MultiPolygon","arcs":[[[-5064,-1213,-1203,5066]]],"properties":{"ubigeo":"050805","nombre":"Marcabamba","region":"05"}},{"type":"MultiPolygon","arcs":[[[5067,-1194,-1212]]],"properties":{"ubigeo":"050807","nombre":"Pararca","region":"05"}},{"type":"MultiPolygon","arcs":[[[-5067,-1202,-1217,-5065]]],"properties":{"ubigeo":"050808","nombre":"San Javier de Alpabamba","region":"05"}},{"type":"MultiPolygon","arcs":[[[-1206,-5066,-926,-1218]]],"properties":{"ubigeo":"050809","nombre":"San Jose de Ushua","region":"05"}},{"type":"MultiPolygon","arcs":[[[-5063,-1195,-5068,-1211]]],"properties":{"ubigeo":"050810","nombre":"Sara Sara","region":"05"}},{"type":"MultiPolygon","arcs":[[[5068,-506,5069,5070,-724]]],"properties":{"ubigeo":"050902","nombre":"Belen","region":"05"}},{"type":"MultiPolygon","arcs":[[[5071,5072,5073,5074]]],"properties":{"ubigeo":"120119","nombre":"Huancan","region":"12"}},{"type":"MultiPolygon","arcs":[[[5075,5076,-1226,5077,-725,-5071]]],"properties":{"ubigeo":"050903","nombre":"Chalcos","region":"05"}},{"type":"MultiPolygon","arcs":[[[5078,-2841,5079,-4160,5080,-5073]]],"properties":{"ubigeo":"120121","nombre":"Huayucachi","region":"12"}},{"type":"MultiPolygon","arcs":[[[-5078,-1225,5081,-4937,-726]]],"properties":{"ubigeo":"050904","nombre":"Chilcayoc","region":"05"}},{"type":"MultiPolygon","arcs":[[[5082,5083,5084,-1293]]],"properties":{"ubigeo":"060103","nombre":"Chetilla","region":"06"}},{"type":"MultiPolygon","arcs":[[[-5024,-3258,-5058,-1237]]],"properties":{"ubigeo":"050905","nombre":"Huacaña","region":"05"}},{"type":"MultiPolygon","arcs":[[[5085,5086,-699,-737]]],"properties":{"ubigeo":"050907","nombre":"Paico","region":"05"}},{"type":"MultiPolygon","arcs":[[[-5082,-1224,-1254,5087,-5086,-736,-4938]]],"properties":{"ubigeo":"050909","nombre":"San Salvador de Quije","region":"05"}},{"type":"MultiPolygon","arcs":[[[-5087,-5088,-1253,-4946,-700]]],"properties":{"ubigeo":"050910","nombre":"Santiago de Paucaray","region":"05"}},{"type":"MultiPolygon","arcs":[[[-960,5088,5089,-1257,-952,-5055]]],"properties":{"ubigeo":"051002","nombre":"Alcamenca","region":"05"}},{"type":"MultiPolygon","arcs":[[[-1235,-1266]]],"properties":{"ubigeo":"051004","nombre":"Asquipata","region":"05"}},{"type":"MultiPolygon","arcs":[[[5090,-1262,-1272,-504]]],"properties":{"ubigeo":"051006","nombre":"Cayara","region":"05"}},{"type":"MultiPolygon","arcs":[[[-1263,-5091,-503,-1282,-1288,-954]]],"properties":{"ubigeo":"051007","nombre":"Colca","region":"05"}},{"type":"MultiPolygon","arcs":[[[-1277,-4672,5091,-5089]]],"properties":{"ubigeo":"051008","nombre":"Huamanquiquia","region":"05"}},{"type":"MultiPolygon","arcs":[[[-5090,-5092,-4671,-4673,-1258]]],"properties":{"ubigeo":"051009","nombre":"Huancaraylla","region":"05"}},{"type":"MultiPolygon","arcs":[[[-1274,5092,-5076,-5070,-505]]],"properties":{"ubigeo":"051102","nombre":"Accomarca","region":"05"}},{"type":"MultiPolygon","arcs":[[[-507,-5069,-723,5093]]],"properties":{"ubigeo":"051103","nombre":"Carhuanca","region":"05"}},{"type":"MultiPolygon","arcs":[[[-1297,5094,5095,-1286]]],"properties":{"ubigeo":"060107","nombre":"Llacanora","region":"06"}},{"type":"MultiPolygon","arcs":[[[-1289,-1280,-4970,-4962,-4933,-2777]]],"properties":{"ubigeo":"051104","nombre":"Concepcion","region":"05"}},{"type":"MultiPolygon","arcs":[[[-1273,-1270,-1219,-5077,-5093]]],"properties":{"ubigeo":"051106","nombre":"Independencia","region":"05"}},{"type":"MultiPolygon","arcs":[[[-1283,-508,-5094,-722,-4974,-4971]]],"properties":{"ubigeo":"051107","nombre":"Saurama","region":"05"}},{"type":"MultiPolygon","arcs":[[[-1296,5096,-1299,-1232,-1307,5097,5098,5099,-5095]]],"properties":{"ubigeo":"060106","nombre":"Jesus","region":"06"}},{"type":"MultiPolygon","arcs":[[[5100,5101,-3284,-1301,5102,-1294,-5085]]],"properties":{"ubigeo":"060109","nombre":"Magdalena","region":"06"}},{"type":"MultiPolygon","arcs":[[[-5099,5103,5104,5105]]],"properties":{"ubigeo":"060110","nombre":"Matara","region":"06"}},{"type":"MultiPolygon","arcs":[[[5106,-2237,5107,-2164,5108]]],"properties":{"ubigeo":"120125","nombre":"Pilcomayo","region":"12"}},{"type":"MultiPolygon","arcs":[[[-1287,-5096,-5100,-5106,5109,-1244]]],"properties":{"ubigeo":"060111","nombre":"Namora","region":"06"}},{"type":"MultiPolygon","arcs":[[[-5103,-1300,-5097,-1295]]],"properties":{"ubigeo":"060112","nombre":"San Juan","region":"06"}},{"type":"MultiPolygon","arcs":[[[5110,5111,5112,5113,-2174,5114]]],"properties":{"ubigeo":"120130","nombre":"San Jeronimo de Tunan","region":"12"}},{"type":"MultiPolygon","arcs":[[[5115,5116,5117,-1317,-2824,-4716,-4712]]],"properties":{"ubigeo":"060303","nombre":"Cortegana","region":"06"}},{"type":"MultiPolygon","arcs":[[[5118,-2833,-2831,-19,5119]]],"properties":{"ubigeo":"060305","nombre":"Jorge Chavez","region":"06"}},{"type":"MultiPolygon","arcs":[[[-2827,-2834,-5119,5120,-2820]]],"properties":{"ubigeo":"060306","nombre":"Jose Galvez","region":"06"}},{"type":"MultiPolygon","arcs":[[[-1384,-1331,5121,-3273]]],"properties":{"ubigeo":"060404","nombre":"Chiguirip","region":"06"}},{"type":"MultiPolygon","arcs":[[[-1248,-2832,-2825]]],"properties":{"ubigeo":"060309","nombre":"Sorochuco","region":"06"}},{"type":"MultiPolygon","arcs":[[[-5121,-5120,-18,-4134,-2821]]],"properties":{"ubigeo":"060311","nombre":"Utco","region":"06"}},{"type":"MultiPolygon","arcs":[[[-2828,-2818,-1321]]],"properties":{"ubigeo":"060312","nombre":"La Libertad de Pallan","region":"06"}},{"type":"MultiPolygon","arcs":[[[-3276,-3280,5122,-5117,5123]]],"properties":{"ubigeo":"060403","nombre":"Chadin","region":"06"}},{"type":"MultiPolygon","arcs":[[[5124,5125,-1341,-3283,-4931]]],"properties":{"ubigeo":"060504","nombre":"Guzmango","region":"06"}},{"type":"MultiPolygon","arcs":[[[-3277,-5124,-5116,-4711,-4718,-3271]]],"properties":{"ubigeo":"060406","nombre":"Choropampa","region":"06"}},{"type":"MultiPolygon","arcs":[[[-5122,-1330,-3278,-3274]]],"properties":{"ubigeo":"060408","nombre":"Conchan","region":"06"}},{"type":"MultiPolygon","arcs":[[[-3279,-1426,-1318,-5118,-5123]]],"properties":{"ubigeo":"060413","nombre":"Paccha","region":"06"}},{"type":"MultiPolygon","arcs":[[[5126,-4932,-3281,-5102,5127]]],"properties":{"ubigeo":"060502","nombre":"Chilete","region":"06"}},{"type":"MultiPolygon","arcs":[[[-1380,-2339,-2419,-1342,-5126,5128]]],"properties":{"ubigeo":"060503","nombre":"Cupisnique","region":"06"}},{"type":"MultiPolygon","arcs":[[[-1381,-5129,-5125,-4930,-5127,5129,-715]]],"properties":{"ubigeo":"060507","nombre":"Tantarica","region":"06"}},{"type":"MultiPolygon","arcs":[[[-1416,5130,5131,-1371,-4766,-4768]]],"properties":{"ubigeo":"060604","nombre":"Cujillo","region":"06"}},{"type":"MultiPolygon","arcs":[[[-5132,5132,-1421,5133,-1372]]],"properties":{"ubigeo":"060605","nombre":"La Ramada","region":"06"}},{"type":"MultiPolygon","arcs":[[[-5131,-1415,-1410,-1417,-5133]]],"properties":{"ubigeo":"060609","nombre":"San Juan de Cutervo","region":"06"}},{"type":"MultiPolygon","arcs":[[[-5134,-1420,-1333,-3269,-1373]]],"properties":{"ubigeo":"060610","nombre":"San Luis de Lucma","region":"06"}},{"type":"MultiPolygon","arcs":[[[-1387,-1418,-1408,-1391]]],"properties":{"ubigeo":"060612","nombre":"Santo Domingo de la Capilla","region":"06"}},{"type":"MultiPolygon","arcs":[[[5134,5135,5136,-3049,5137]]],"properties":{"ubigeo":"120409","nombre":"Huaripampa","region":"12"}},{"type":"MultiPolygon","arcs":[[[5138,5139,5140,5141,-1326,-1354]]],"properties":{"ubigeo":"060702","nombre":"Chugur","region":"06"}},{"type":"MultiPolygon","arcs":[[[-5114,5142,5143,-4976,-2161,-2175]]],"properties":{"ubigeo":"120132","nombre":"Saño","region":"12"}},{"type":"MultiPolygon","arcs":[[[-5142,5144,-1491,-1508,-1240,-1424,-1327]]],"properties":{"ubigeo":"060703","nombre":"Hualgayoc","region":"06"}},{"type":"MultiPolygon","arcs":[[[-1453,-1460,-1439,5145,5146,-3290,-1398,-4790,-1574,-4680,-1443,-1459]]],"properties":{"ubigeo":"060802","nombre":"Bellavista","region":"06"}},{"type":"MultiPolygon","arcs":[[[-1438,-3289,5147,-5146]]],"properties":{"ubigeo":"060805","nombre":"Huabal","region":"06"}},{"type":"MultiPolygon","arcs":[[[-5148,-3288,-5147]]],"properties":{"ubigeo":"060806","nombre":"Las Pirias","region":"06"}},{"type":"MultiPolygon","arcs":[[[5148,-5104,-5098,-1314,5149,-4942,5150,5151,-1475]]],"properties":{"ubigeo":"061001","nombre":"Pedro Galvez","region":"06"}},{"type":"MultiPolygon","arcs":[[[-4950,-754,-1754,5152,-2155]]],"properties":{"ubigeo":"090107","nombre":"Huayllahuara","region":"09"}},{"type":"MultiPolygon","arcs":[[[-1313,-1316,5153,-4943,-5150]]],"properties":{"ubigeo":"061003","nombre":"Eduardo Villanueva","region":"06"}},{"type":"MultiPolygon","arcs":[[[-1553,-2490]]],"properties":{"ubigeo":"070107","nombre":"Mi Peru","region":"07"}},{"type":"MultiPolygon","arcs":[[[-1245,-5110,-5105,-5149,-1474,-2830]]],"properties":{"ubigeo":"061004","nombre":"Gregorio Pita","region":"06"}},{"type":"MultiPolygon","arcs":[[[-4944,-5154,-2815,5154,-5151]]],"properties":{"ubigeo":"061005","nombre":"Ichocan","region":"06"}},{"type":"MultiPolygon","arcs":[[[-5152,-5155,-2814,-1476]]],"properties":{"ubigeo":"061006","nombre":"Jose Manuel Quiroz","region":"06"}},{"type":"MultiPolygon","arcs":[[[-2846,5155]]],"properties":{"ubigeo":"061102","nombre":"Bolivar","region":"06"}},{"type":"MultiPolygon","arcs":[[[-2974,5156,5157,-5112,5158,-4197]]],"properties":{"ubigeo":"120201","nombre":"Concepcion","region":"12"}},{"type":"MultiPolygon","arcs":[[[5159,-1492,-5145,-5141,5160]]],"properties":{"ubigeo":"061104","nombre":"Catilluc","region":"06"}},{"type":"MultiPolygon","arcs":[[[5161,-1505,-712,-1483]]],"properties":{"ubigeo":"061105","nombre":"El Prado","region":"06"}},{"type":"MultiPolygon","arcs":[[[-4459,5162,-1481,-1516]]],"properties":{"ubigeo":"061106","nombre":"La Florida","region":"06"}},{"type":"MultiPolygon","arcs":[[[5163,-3946,-4632,5164]]],"properties":{"ubigeo":"220903","nombre":"Cacatachi","region":"22"}},{"type":"MultiPolygon","arcs":[[[-4458,-2847,-5156,-1497,-1506,-5162,-1482,-5163]]],"properties":{"ubigeo":"061109","nombre":"Niepos","region":"06"}},{"type":"MultiPolygon","arcs":[[[-4899,-1526,-1485,-1488,-5160,5165]]],"properties":{"ubigeo":"061112","nombre":"Tongod","region":"06"}},{"type":"MultiPolygon","arcs":[[[5166,5167,-5083,-1292,-1507,-1498,-718]]],"properties":{"ubigeo":"061201","nombre":"San Pablo","region":"06"}},{"type":"MultiPolygon","arcs":[[[5168,-716,-5130,-5128,-5101,-5084,-5168]]],"properties":{"ubigeo":"061202","nombre":"San Bernardino","region":"06"}},{"type":"MultiPolygon","arcs":[[[-717,-5169,-5167]]],"properties":{"ubigeo":"061203","nombre":"San Luis","region":"06"}},{"type":"MultiPolygon","arcs":[[[5169,5170,-1472,-3299]]],"properties":{"ubigeo":"080103","nombre":"Poroy","region":"08"}},{"type":"MultiPolygon","arcs":[[[-1524,-2861,-4900,-5166,-5161,-5140,5171]]],"properties":{"ubigeo":"061306","nombre":"Ninabamba","region":"06"}},{"type":"MultiPolygon","arcs":[[[5172,-1693,5173,-1704]]],"properties":{"ubigeo":"080204","nombre":"Mosoc Llacta","region":"08"}},{"type":"MultiPolygon","arcs":[[[-3250,-82,-2694,-668,-2905]]],"properties":{"ubigeo":"080911","nombre":"Inkawasi","region":"08"}},{"type":"MultiPolygon","arcs":[[[5174,-2795,-3248,-2903,5175]]],"properties":{"ubigeo":"080912","nombre":"Villa Virgen","region":"08"}},{"type":"MultiPolygon","arcs":[[[-74,-4884,-2796,-5175,5176,5177]]],"properties":{"ubigeo":"080913","nombre":"Villa Kintiarina","region":"08"}},{"type":"MultiPolygon","arcs":[[[-2302,-2888,-4530,-4636]]],"properties":{"ubigeo":"080914","nombre":"Megantoni","region":"08"}},{"type":"MultiPolygon","arcs":[[[-1528,-4898,-1512]]],"properties":{"ubigeo":"061308","nombre":"Saucepampa","region":"06"}},{"type":"MultiPolygon","arcs":[[[5178,-2947,-1863,5179]]],"properties":{"ubigeo":"090108","nombre":"Izcuchaca","region":"09"}},{"type":"MultiPolygon","arcs":[[[-2300,-2899,5180,5181,-5177,-5176,-2902,-2881]]],"properties":{"ubigeo":"080915","nombre":"Kumpirushiato","region":"08"}},{"type":"MultiPolygon","arcs":[[[-1521,-1525,-5172,-5139,-1353]]],"properties":{"ubigeo":"061310","nombre":"Uticyacu","region":"06"}},{"type":"MultiPolygon","arcs":[[[-818,5182,-2553,-2511]]],"properties":{"ubigeo":"070102","nombre":"Bellavista","region":"07"}},{"type":"MultiPolygon","arcs":[[[-2550,-820,-2510]]],"properties":{"ubigeo":"070103","nombre":"Carmen de la Legua Reynoso","region":"07"}},{"type":"MultiPolygon","arcs":[[[-5183,-817,5183,-2554]]],"properties":{"ubigeo":"070104","nombre":"La Perla","region":"07"}},{"type":"MultiPolygon","arcs":[[[-1545,-1466,-5171,5184]]],"properties":{"ubigeo":"080308","nombre":"Pucyura","region":"08"}},{"type":"MultiPolygon","arcs":[[[-815,5185]]],"properties":{"ubigeo":"070105","nombre":"La Punta","region":"07"}},{"type":"MultiPolygon","arcs":[[[-1560,5186,-1653]]],"properties":{"ubigeo":"080107","nombre":"Saylla","region":"08"}},{"type":"MultiPolygon","arcs":[[[-4105,-4129,5187,-4127,5188]]],"properties":{"ubigeo":"240304","nombre":"Papayal","region":"24"}},{"type":"MultiPolygon","arcs":[[[-1570,-1564,-3294]]],"properties":{"ubigeo":"080108","nombre":"Wanchaq","region":"08"}},{"type":"MultiPolygon","arcs":[[[-2932,5189,-1651,-1657,-3333,5190,-2916,-2957,-3318]]],"properties":{"ubigeo":"081104","nombre":"Colquepata","region":"08"}},{"type":"MultiPolygon","arcs":[[[-3332,-2917,-5191]]],"properties":{"ubigeo":"081105","nombre":"Huancarani","region":"08"}},{"type":"MultiPolygon","arcs":[[[-1532,-1610,-2862,-1536,-1718,-2925]]],"properties":{"ubigeo":"080201","nombre":"Acomayo","region":"08"}},{"type":"MultiPolygon","arcs":[[[-1538,-2864,-5173,-1703,-1699]]],"properties":{"ubigeo":"080202","nombre":"Acopia","region":"08"}},{"type":"MultiPolygon","arcs":[[[-1622,-1611,5191,-1617]]],"properties":{"ubigeo":"080302","nombre":"Ancahuasi","region":"08"}},{"type":"MultiPolygon","arcs":[[[-2946,-3339,-1963]]],"properties":{"ubigeo":"090111","nombre":"Mariscal Caceres","region":"09"}},{"type":"MultiPolygon","arcs":[[[-1546,-5185,-5170,-3298,5192]]],"properties":{"ubigeo":"080303","nombre":"Cachimayo","region":"08"}},{"type":"MultiPolygon","arcs":[[[5193,5194,5195,-1861]]],"properties":{"ubigeo":"090115","nombre":"Pilchaca","region":"09"}},{"type":"MultiPolygon","arcs":[[[-5192,-1615,-1543,-1618]]],"properties":{"ubigeo":"080309","nombre":"Zurite","region":"08"}},{"type":"MultiPolygon","arcs":[[[5196,-2208,5197,-5157,-2973,-4196,-1919]]],"properties":{"ubigeo":"120210","nombre":"Matahuasi","region":"12"}},{"type":"MultiPolygon","arcs":[[[-2930,5198,-3296,5199,-1648,5200]]],"properties":{"ubigeo":"080402","nombre":"Coya","region":"08"}},{"type":"MultiPolygon","arcs":[[[-2931,-5201,-1647,-5190]]],"properties":{"ubigeo":"080403","nombre":"Lamay","region":"08"}},{"type":"MultiPolygon","arcs":[[[-5200,-3295,-1567,-1562,-1652,-1649]]],"properties":{"ubigeo":"080407","nombre":"Taray","region":"08"}},{"type":"MultiPolygon","arcs":[[[-5174,-1692,-1668,5201,-1705]]],"properties":{"ubigeo":"080506","nombre":"Pampamarca","region":"08"}},{"type":"MultiPolygon","arcs":[[[-2207,5202,5203,-5158,-5198]]],"properties":{"ubigeo":"120211","nombre":"Mito","region":"12"}},{"type":"MultiPolygon","arcs":[[[5204,-1713,-1707]]],"properties":{"ubigeo":"080607","nombre":"San Pedro","region":"08"}},{"type":"MultiPolygon","arcs":[[[-5202,-1667,-1714,-5205,-1706]]],"properties":{"ubigeo":"080608","nombre":"Tinta","region":"08"}},{"type":"MultiPolygon","arcs":[[[-552,-2869,-1591,-2954,-3329]]],"properties":{"ubigeo":"080702","nombre":"Capacmarca","region":"08"}},{"type":"MultiPolygon","arcs":[[[-2870,-1592,-2868,-3328,-3302]]],"properties":{"ubigeo":"080703","nombre":"Chamaca","region":"08"}},{"type":"MultiPolygon","arcs":[[[5205,-4886,-75,-5178,-5182]]],"properties":{"ubigeo":"080916","nombre":"Cielo Punco","region":"08"}},{"type":"MultiPolygon","arcs":[[[-2898,-57,-69,-4885,-5206,-5181]]],"properties":{"ubigeo":"080917","nombre":"Manitea","region":"08"}},{"type":"MultiPolygon","arcs":[[[-2297,-1185,-1181,-2906]]],"properties":{"ubigeo":"080918","nombre":"Union Ashaninka","region":"08"}},{"type":"MultiPolygon","arcs":[[[5206,-1597,-1578,-1529,-3321]]],"properties":{"ubigeo":"081001","nombre":"Paruro","region":"08"}},{"type":"MultiPolygon","arcs":[[[-1582,-2955,-1589,-1608]]],"properties":{"ubigeo":"081008","nombre":"Pillpinto","region":"08"}},{"type":"MultiPolygon","arcs":[[[-1569,-1588,-1598,-5207,-3320,-1557,-1566]]],"properties":{"ubigeo":"081009","nombre":"Yaurisque","region":"08"}},{"type":"MultiPolygon","arcs":[[[-3331,5207,-2926,-1716,-2919]]],"properties":{"ubigeo":"081201","nombre":"Urcos","region":"08"}},{"type":"MultiPolygon","arcs":[[[-3322,-1534,-2924,-5208,-3330]]],"properties":{"ubigeo":"081202","nombre":"Andahuaylillas","region":"08"}},{"type":"MultiPolygon","arcs":[[[-5187,-1559,-3319,-1654]]],"properties":{"ubigeo":"081211","nombre":"Oropesa","region":"08"}},{"type":"MultiPolygon","arcs":[[[5208,-1547,-5193,-3297,-5199,-2929,5209]]],"properties":{"ubigeo":"081302","nombre":"Chinchero","region":"08"}},{"type":"MultiPolygon","arcs":[[[5210,5211,-5210,-2928]]],"properties":{"ubigeo":"081303","nombre":"Huayllabamba","region":"08"}},{"type":"MultiPolygon","arcs":[[[-1731,-1619,-1548,-5209,-5212,-1723]]],"properties":{"ubigeo":"081305","nombre":"Maras","region":"08"}},{"type":"MultiPolygon","arcs":[[[-1724,-5211,-2927]]],"properties":{"ubigeo":"081307","nombre":"Yucay","region":"08"}},{"type":"MultiPolygon","arcs":[[[-5049,5212,5213,5214,5215,-2515]]],"properties":{"ubigeo":"150113","nombre":"Jesus Maria","region":"15"}},{"type":"MultiPolygon","arcs":[[[5216,5217,-2942,-5179,5218]]],"properties":{"ubigeo":"090104","nombre":"Conayca","region":"09"}},{"type":"MultiPolygon","arcs":[[[-5196,5219,-5219,-5180,-1862]]],"properties":{"ubigeo":"090105","nombre":"Cuenca","region":"09"}},{"type":"MultiPolygon","arcs":[[[5220,-1745,-1750,-2943,-5218]]],"properties":{"ubigeo":"090109","nombre":"Laria","region":"09"}},{"type":"MultiPolygon","arcs":[[[-2156,-5153,-1753,-1746,-5221,-5217,-5220,-5195]]],"properties":{"ubigeo":"090112","nombre":"Moya","region":"09"}},{"type":"MultiPolygon","arcs":[[[-2941,-2966,-3340,-2944]]],"properties":{"ubigeo":"090114","nombre":"Palca","region":"09"}},{"type":"MultiPolygon","arcs":[[[-3341,-1639,5221,5222,5223]]],"properties":{"ubigeo":"090202","nombre":"Andabamba","region":"09"}},{"type":"MultiPolygon","arcs":[[[-2950,-1774,-1628]]],"properties":{"ubigeo":"090207","nombre":"Pomacocha","region":"09"}},{"type":"MultiPolygon","arcs":[[[-2952,5224,5225,-5222,-1638,-7]]],"properties":{"ubigeo":"090208","nombre":"Rosario","region":"09"}},{"type":"MultiPolygon","arcs":[[[-2935,-1764,-1755,5226,-3]]],"properties":{"ubigeo":"090302","nombre":"Anchonga","region":"09"}},{"type":"MultiPolygon","arcs":[[[5227,5228,-2948,-5]]],"properties":{"ubigeo":"090303","nombre":"Callanmarca","region":"09"}},{"type":"MultiPolygon","arcs":[[[-4,-5227,-1762,5229,-5228]]],"properties":{"ubigeo":"090308","nombre":"Huayllay Grande","region":"09"}},{"type":"MultiPolygon","arcs":[[[-5229,-5230,-1761,-1771,-2949]]],"properties":{"ubigeo":"090307","nombre":"Huanca-huanca","region":"09"}},{"type":"MultiPolygon","arcs":[[[-1790,-1788,-5053,5230]]],"properties":{"ubigeo":"090310","nombre":"San Antonio de Antaparco","region":"09"}},{"type":"MultiPolygon","arcs":[[[-2078,-3112,-2104,-3065,-2107,5231]]],"properties":{"ubigeo":"110107","nombre":"Pueblo Nuevo","region":"11"}},{"type":"MultiPolygon","arcs":[[[-1633,-1773,-1791,-5231,-5052,-1766]]],"properties":{"ubigeo":"090309","nombre":"Julcamarca","region":"09"}},{"type":"MultiPolygon","arcs":[[[-1827,-3344,-1796]]],"properties":{"ubigeo":"090406","nombre":"Cocas","region":"09"}},{"type":"MultiPolygon","arcs":[[[-2977,-1823,-1794,-1805]]],"properties":{"ubigeo":"090407","nombre":"Huachos","region":"09"}},{"type":"MultiPolygon","arcs":[[[-3114,-1832,5232,-3118]]],"properties":{"ubigeo":"090408","nombre":"Huamatambo","region":"09"}},{"type":"MultiPolygon","arcs":[[[-4628,-5165,-4635,5233,-4009,-3939]]],"properties":{"ubigeo":"220912","nombre":"San Antonio","region":"22"}},{"type":"MultiPolygon","arcs":[[[-2982,-3119,-5233,-1831,-1803,-1808]]],"properties":{"ubigeo":"090412","nombre":"Tantara","region":"09"}},{"type":"MultiPolygon","arcs":[[[-1872,5234,5235,-1168,-3346]]],"properties":{"ubigeo":"090501","nombre":"Churcampa","region":"09"}},{"type":"MultiPolygon","arcs":[[[5236,-5223,-5226,5237,-1875]]],"properties":{"ubigeo":"090502","nombre":"Anco","region":"09"}},{"type":"MultiPolygon","arcs":[[[-5238,-5225,-2951,-1869,-1876]]],"properties":{"ubigeo":"090504","nombre":"El Carmen","region":"09"}},{"type":"MultiPolygon","arcs":[[[-5236,5238,-1635,-1163,-1169]]],"properties":{"ubigeo":"090505","nombre":"La Merced","region":"09"}},{"type":"MultiPolygon","arcs":[[[-1871,-1636,-5239,-5235]]],"properties":{"ubigeo":"090508","nombre":"San Miguel de Mayocc","region":"09"}},{"type":"MultiPolygon","arcs":[[[-2178,-2169,-3056,-3013]]],"properties":{"ubigeo":"090724","nombre":"Lambras","region":"09"}},{"type":"MultiPolygon","arcs":[[[-3063,-3342,-5224,-5237,-1874,-1812]]],"properties":{"ubigeo":"090511","nombre":"Cosme","region":"09"}},{"type":"MultiPolygon","arcs":[[[-1845,-2111,5239,-1957,5240]]],"properties":{"ubigeo":"090603","nombre":"Cordova","region":"09"}},{"type":"MultiPolygon","arcs":[[[-1910,5241,5242,-3047,5243,5244]]],"properties":{"ubigeo":"120401","nombre":"Jauja","region":"12"}},{"type":"MultiPolygon","arcs":[[[-2985,-1882,-1837]]],"properties":{"ubigeo":"090604","nombre":"Huayacundo Arma","region":"09"}},{"type":"MultiPolygon","arcs":[[[-1852,-1846,-5241,-1960,-1818]]],"properties":{"ubigeo":"090605","nombre":"Laramarca","region":"09"}},{"type":"MultiPolygon","arcs":[[[5245,-1965,-3338,-3061,-1972]]],"properties":{"ubigeo":"090701","nombre":"Pampas","region":"09"}},{"type":"MultiPolygon","arcs":[[[-1981,-1866,-1961,-3016]]],"properties":{"ubigeo":"090703","nombre":"Acraquia","region":"09"}},{"type":"MultiPolygon","arcs":[[[5246,5247,5248,-3070,-3034,5249]]],"properties":{"ubigeo":"100803","nombre":"Molino","region":"10"}},{"type":"MultiPolygon","arcs":[[[-2049,-2030,-2035,-2994,5250,-5250,-3033,-3041]]],"properties":{"ubigeo":"100804","nombre":"Umari","region":"10"}},{"type":"MultiPolygon","arcs":[[[-4186,5251,-3094,-3154,-2065]]],"properties":{"ubigeo":"100901","nombre":"Puerto Inca","region":"10"}},{"type":"MultiPolygon","arcs":[[[-4179,-1950,-3043,-4562,-4356,-4532,-3091,-5252,-4185]]],"properties":{"ubigeo":"100902","nombre":"Codo del Pozuzo","region":"10"}},{"type":"MultiPolygon","arcs":[[[5252,-2157,-5194,-1860,-1980]]],"properties":{"ubigeo":"090710","nombre":"Ñahuimpuquio","region":"09"}},{"type":"MultiPolygon","arcs":[[[5253,5254,-5244,-3046,-2249,5255,-2254]]],"properties":{"ubigeo":"120410","nombre":"Huertas","region":"12"}},{"type":"MultiPolygon","arcs":[[[-1975,5256,-3053,-2011]]],"properties":{"ubigeo":"090713","nombre":"Quishuar","region":"09"}},{"type":"MultiPolygon","arcs":[[[-3837,5257,5258]]],"properties":{"ubigeo":"101103","nombre":"Chacabamba","region":"10"}},{"type":"MultiPolygon","arcs":[[[-2021,-2013,-3052,-2168]]],"properties":{"ubigeo":"090715","nombre":"Salcahuasi","region":"09"}},{"type":"MultiPolygon","arcs":[[[-5257,-1974,-1970,-1816,-2788,5259,5260,-3057,-3054]]],"properties":{"ubigeo":"090720","nombre":"Andaymarca","region":"09"}},{"type":"MultiPolygon","arcs":[[[5261,-5260,-2787,-3059]]],"properties":{"ubigeo":"090721","nombre":"Roble","region":"09"}},{"type":"MultiPolygon","arcs":[[[-1971,-3017,-1966,-5246]]],"properties":{"ubigeo":"090723","nombre":"Santiago de Tucuma","region":"09"}},{"type":"MultiPolygon","arcs":[[[-5261,-5262,-3058]]],"properties":{"ubigeo":"090725","nombre":"Cochabamba","region":"09"}},{"type":"MultiPolygon","arcs":[[[-2048,5262,-5247,-5251,-2993,-2027]]],"properties":{"ubigeo":"100102","nombre":"Amarilis","region":"10"}},{"type":"MultiPolygon","arcs":[[[-1996,5263,5264,5265,5266,-2024,-2992]]],"properties":{"ubigeo":"100106","nombre":"Quisqui (kichki)","region":"10"}},{"type":"MultiPolygon","arcs":[[[-5267,5267,-2991,-2043,-2025]]],"properties":{"ubigeo":"100107","nombre":"San Francisco de Cayran","region":"10"}},{"type":"MultiPolygon","arcs":[[[5268,-2041,-2988,-5268,-5266]]],"properties":{"ubigeo":"100110","nombre":"Yarumayo","region":"10"}},{"type":"MultiPolygon","arcs":[[[5269,5270,-3839,-2042,-5269,-5265]]],"properties":{"ubigeo":"100112","nombre":"Yacus","region":"10"}},{"type":"MultiPolygon","arcs":[[[-2047,5271,-3067,5272,-5248,-5263]]],"properties":{"ubigeo":"100204","nombre":"Conchamarca","region":"10"}},{"type":"MultiPolygon","arcs":[[[-5272,-2046,-3074,5273,5274,-3068]]],"properties":{"ubigeo":"100205","nombre":"Huacar","region":"10"}},{"type":"MultiPolygon","arcs":[[[-3665,-3657,-3668,5275,5276,-5274,-3073]]],"properties":{"ubigeo":"100206","nombre":"San Francisco","region":"10"}},{"type":"MultiPolygon","arcs":[[[-5275,-5277,5277,5278,-3644,-3036,-3069]]],"properties":{"ubigeo":"100207","nombre":"San Rafael","region":"10"}},{"type":"MultiPolygon","arcs":[[[-3066,-5249,-5273]]],"properties":{"ubigeo":"100208","nombre":"Tomay Kichwa","region":"10"}},{"type":"MultiPolygon","arcs":[[[5279,-283,-3834,-3103,-4640]]],"properties":{"ubigeo":"100301","nombre":"La Union","region":"10"}},{"type":"MultiPolygon","arcs":[[[-1903,5280,5281,-2014,-1892]]],"properties":{"ubigeo":"100307","nombre":"Chuquis","region":"10"}},{"type":"MultiPolygon","arcs":[[[-3813,-1904,-1890,-3821]]],"properties":{"ubigeo":"100316","nombre":"Quivilla","region":"10"}},{"type":"MultiPolygon","arcs":[[[-2080,5282,-2084]]],"properties":{"ubigeo":"110106","nombre":"Parcona","region":"11"}},{"type":"MultiPolygon","arcs":[[[-284,-5280,-4639,5283,-1899]]],"properties":{"ubigeo":"100317","nombre":"Ripan","region":"10"}},{"type":"MultiPolygon","arcs":[[[-5284,-4638,-1900]]],"properties":{"ubigeo":"100321","nombre":"Shunqui","region":"10"}},{"type":"MultiPolygon","arcs":[[[-2137,5284,5285,5286]]],"properties":{"ubigeo":"110211","nombre":"Tambo de Mora","region":"11"}},{"type":"MultiPolygon","arcs":[[[-4642,5287,-5281,-1902]]],"properties":{"ubigeo":"100323","nombre":"Yanas","region":"10"}},{"type":"MultiPolygon","arcs":[[[-3001,-3090,-3824,-1939,-3822,-1898,-3007,-1942]]],"properties":{"ubigeo":"100507","nombre":"Monzon","region":"10"}},{"type":"MultiPolygon","arcs":[[[-2071,-3807,-3804,-463,-5060,5288]]],"properties":{"ubigeo":"110403","nombre":"Rio Grande","region":"11"}},{"type":"MultiPolygon","arcs":[[[-3004,-3829,-1945]]],"properties":{"ubigeo":"100608","nombre":"Castillo Grande","region":"10"}},{"type":"MultiPolygon","arcs":[[[-3003,-3828,-3184,-4183]]],"properties":{"ubigeo":"100610","nombre":"Santo Domingo de Anda","region":"10"}},{"type":"MultiPolygon","arcs":[[[-3150,-2067,-3153,-4172,5289]]],"properties":{"ubigeo":"100903","nombre":"Honoria","region":"10"}},{"type":"MultiPolygon","arcs":[[[-3105,-3838,-5259,5290,-1993]]],"properties":{"ubigeo":"101102","nombre":"Cahuac","region":"10"}},{"type":"MultiPolygon","arcs":[[[-1995,5291,-5270,-5264]]],"properties":{"ubigeo":"101105","nombre":"Jacas Chico","region":"10"}},{"type":"MultiPolygon","arcs":[[[-5288,-4641,-3106,-2015,-5282]]],"properties":{"ubigeo":"101107","nombre":"Pampamarca","region":"10"}},{"type":"MultiPolygon","arcs":[[[5292,5293,5294,5295]]],"properties":{"ubigeo":"110501","nombre":"Pisco","region":"11"}},{"type":"MultiPolygon","arcs":[[[-2976,-2133,5296,-3109,-1884,-2984,-3343,-1825]]],"properties":{"ubigeo":"110502","nombre":"Huancano","region":"11"}},{"type":"MultiPolygon","arcs":[[[-2089,5297,5298,5299,-2101,-3107,-5297,-2132]]],"properties":{"ubigeo":"110503","nombre":"Humay","region":"11"}},{"type":"MultiPolygon","arcs":[[[-1994,-5291,-5258,-3836,-3840,-5271,-5292]]],"properties":{"ubigeo":"101108","nombre":"Choras","region":"10"}},{"type":"MultiPolygon","arcs":[[[-2085,-5283,-2079,-5232,-2106]]],"properties":{"ubigeo":"110103","nombre":"Los Aquijes","region":"11"}},{"type":"MultiPolygon","arcs":[[[-2099,5300,-2082,-2083,-3108]]],"properties":{"ubigeo":"110110","nombre":"San Juan Bautista","region":"11"}},{"type":"MultiPolygon","arcs":[[[-2092,-2073,-5301,-2098]]],"properties":{"ubigeo":"110112","nombre":"Subtanjalla","region":"11"}},{"type":"MultiPolygon","arcs":[[[-2198,-4821,-4198,-5159,-5111,5301]]],"properties":{"ubigeo":"120127","nombre":"Quichuay","region":"12"}},{"type":"MultiPolygon","arcs":[[[-4978,5302,-5109,-2163]]],"properties":{"ubigeo":"120129","nombre":"San Agustin","region":"12"}},{"type":"MultiPolygon","arcs":[[[-5286,5303,-2129,-2119,-2115,5304]]],"properties":{"ubigeo":"110204","nombre":"Chincha Baja","region":"11"}},{"type":"MultiPolygon","arcs":[[[-5287,-5305,-2114,-2138]]],"properties":{"ubigeo":"110210","nombre":"Sunampe","region":"11"}},{"type":"MultiPolygon","arcs":[[[-5240,-2110,-3111,-2072,-5289,-5059,-1958]]],"properties":{"ubigeo":"110405","nombre":"Tibillo","region":"11"}},{"type":"MultiPolygon","arcs":[[[5305,-2094,-2097,-5300,5306,-5294]]],"properties":{"ubigeo":"110506","nombre":"San Andres","region":"11"}},{"type":"MultiPolygon","arcs":[[[5307,-5030,5308,5309,5310]]],"properties":{"ubigeo":"120407","nombre":"El Mantaro","region":"12"}},{"type":"MultiPolygon","arcs":[[[-2131,5311,-5296,5312,-5298,-2088]]],"properties":{"ubigeo":"110507","nombre":"San Clemente","region":"11"}},{"type":"MultiPolygon","arcs":[[[-5295,-5307,-5299,-5313]]],"properties":{"ubigeo":"110508","nombre":"Tupac Amaru Inca","region":"11"}},{"type":"MultiPolygon","arcs":[[[-4169,-2151,-750,-2153,-2839]]],"properties":{"ubigeo":"120106","nombre":"Chicche","region":"12"}},{"type":"MultiPolygon","arcs":[[[-5256,-2248,5313,-2255]]],"properties":{"ubigeo":"120412","nombre":"Julcan","region":"12"}},{"type":"MultiPolygon","arcs":[[[5314,5315,-5075,5316,-2141]]],"properties":{"ubigeo":"120107","nombre":"Chilca","region":"12"}},{"type":"MultiPolygon","arcs":[[[-2159,5317,-4953,-4161,-5080,-2840]]],"properties":{"ubigeo":"120111","nombre":"Chupuro","region":"12"}},{"type":"MultiPolygon","arcs":[[[-4954,-5318,-2158,-5253,-1979,5318]]],"properties":{"ubigeo":"120113","nombre":"Cullhuas","region":"12"}},{"type":"MultiPolygon","arcs":[[[-751,-2150]]],"properties":{"ubigeo":"120120","nombre":"Huasicancha","region":"12"}},{"type":"MultiPolygon","arcs":[[[-5302,-5115,-2173,-2199]]],"properties":{"ubigeo":"120122","nombre":"Ingenio","region":"12"}},{"type":"MultiPolygon","arcs":[[[-5319,-1978,-2019,5319]]],"properties":{"ubigeo":"120126","nombre":"Pucara","region":"12"}},{"type":"MultiPolygon","arcs":[[[5320,5321,5322,-2202,5323,-5310]]],"properties":{"ubigeo":"120413","nombre":"Leonor Ordoñez","region":"12"}},{"type":"MultiPolygon","arcs":[[[-2190,5324,5325,-5203,-2206]]],"properties":{"ubigeo":"120202","nombre":"Aco","region":"12"}},{"type":"MultiPolygon","arcs":[[[-5204,-5326,5326,-3287,5327,-5143,-5113]]],"properties":{"ubigeo":"120213","nombre":"Orcotuna","region":"12"}},{"type":"MultiPolygon","arcs":[[[-2005,-3547,-4167,-2316,-2185,-2205]]],"properties":{"ubigeo":"120214","nombre":"San Jose de Quero","region":"12"}},{"type":"MultiPolygon","arcs":[[[-5317,-5074,-5081,-4163,-4955,-5320,-2018,-2142]]],"properties":{"ubigeo":"120133","nombre":"Sapallanga","region":"12"}},{"type":"MultiPolygon","arcs":[[[-5137,5328,-5322,5329,-3050]]],"properties":{"ubigeo":"120421","nombre":"Muquiyauyo","region":"12"}},{"type":"MultiPolygon","arcs":[[[-5328,-3286,-2238,-5107,-5303,-4977,-5144]]],"properties":{"ubigeo":"120134","nombre":"Sicaya","region":"12"}},{"type":"MultiPolygon","arcs":[[[-2189,-3285,-5327,-5325]]],"properties":{"ubigeo":"120208","nombre":"Manzanares","region":"12"}},{"type":"MultiPolygon","arcs":[[[5330,-1911,-5245,-5255,5331,5332]]],"properties":{"ubigeo":"120424","nombre":"Pancan","region":"12"}},{"type":"MultiPolygon","arcs":[[[-2194,-2195,-2260]]],"properties":{"ubigeo":"120209","nombre":"Mariscal Castilla","region":"12"}},{"type":"MultiPolygon","arcs":[[[-2220,-2008,5333,5334,-4164]]],"properties":{"ubigeo":"120406","nombre":"Curicaca","region":"12"}},{"type":"MultiPolygon","arcs":[[[-5335,5335,5336,5337,-4165]]],"properties":{"ubigeo":"120411","nombre":"Janjaillo","region":"12"}},{"type":"MultiPolygon","arcs":[[[5338,-5337,5339,5340,-1908]]],"properties":{"ubigeo":"120415","nombre":"Marco","region":"12"}},{"type":"MultiPolygon","arcs":[[[-2007,-2204,5341,5342,-5336,-5334]]],"properties":{"ubigeo":"120414","nombre":"Llocllapampa","region":"12"}},{"type":"MultiPolygon","arcs":[[[-5343,5343,5344,-5340]]],"properties":{"ubigeo":"120425","nombre":"Parco","region":"12"}},{"type":"MultiPolygon","arcs":[[[5345,5346,5347,5348,5349]]],"properties":{"ubigeo":"140105","nombre":"Jose Leonardo Ortiz","region":"14"}},{"type":"MultiPolygon","arcs":[[[-5314,-5031,-5308,5350,-1917,-2256]]],"properties":{"ubigeo":"120417","nombre":"Masma Chicche","region":"12"}},{"type":"MultiPolygon","arcs":[[[-5330,-5321,-5309,-5029]]],"properties":{"ubigeo":"120420","nombre":"Muqui","region":"12"}},{"type":"MultiPolygon","arcs":[[[-5331,5351,5352,-1912]]],"properties":{"ubigeo":"120422","nombre":"Paca","region":"12"}},{"type":"MultiPolygon","arcs":[[[-5344,-5342,-2203,-5323,-5329,-5136,5353]]],"properties":{"ubigeo":"120423","nombre":"Paccha","region":"12"}},{"type":"MultiPolygon","arcs":[[[-5311,-5324,-5197,-1918,-5351]]],"properties":{"ubigeo":"120428","nombre":"San Lorenzo","region":"12"}},{"type":"MultiPolygon","arcs":[[[-5352,-5333,5354]]],"properties":{"ubigeo":"120429","nombre":"San Pedro de Chunan","region":"12"}},{"type":"MultiPolygon","arcs":[[[5355,-5138,-3048,-5243]]],"properties":{"ubigeo":"120430","nombre":"Sausa","region":"12"}},{"type":"MultiPolygon","arcs":[[[-4166,-5338,-5339,-1907]]],"properties":{"ubigeo":"120432","nombre":"Tunan Marca","region":"12"}},{"type":"MultiPolygon","arcs":[[[-2842,-5079,-5072,-5316,5356]]],"properties":{"ubigeo":"120908","nombre":"Tres de Diciembre","region":"12"}},{"type":"MultiPolygon","arcs":[[[-1913,-5353,-5355,-5332,-5254,-2253,-3126]]],"properties":{"ubigeo":"120433","nombre":"Yauli","region":"12"}},{"type":"MultiPolygon","arcs":[[[-1909,-5341,-5345,-5354,-5135,-5356,-5242]]],"properties":{"ubigeo":"120434","nombre":"Yauyos","region":"12"}},{"type":"MultiPolygon","arcs":[[[5357,-3206,5358,-2350]]],"properties":{"ubigeo":"130105","nombre":"La Esperanza","region":"13"}},{"type":"MultiPolygon","arcs":[[[-2284,-2275,-2281,-3137]]],"properties":{"ubigeo":"120602","nombre":"Coviriali","region":"12"}},{"type":"MultiPolygon","arcs":[[[-3176,5359,-3163,-2209,-2305,-4175]]],"properties":{"ubigeo":"120702","nombre":"Acobamba","region":"12"}},{"type":"MultiPolygon","arcs":[[[-4560,-4181,-3181,-4184,5360,-3147,-3170]]],"properties":{"ubigeo":"250303","nombre":"Curimana","region":"25"}},{"type":"MultiPolygon","arcs":[[[-5361,-4188,5361,-3148]]],"properties":{"ubigeo":"250304","nombre":"Neshuya","region":"25"}},{"type":"MultiPolygon","arcs":[[[-4187,-2063,-3149,-5362]]],"properties":{"ubigeo":"250305","nombre":"Alexander Von Humboldt","region":"25"}},{"type":"MultiPolygon","arcs":[[[-3178,-2268,-4195,-3159,-5360,-3175]]],"properties":{"ubigeo":"120705","nombre":"La Union","region":"12"}},{"type":"MultiPolygon","arcs":[[[-3180,-2226,-1999,-2219]]],"properties":{"ubigeo":"120802","nombre":"Chacapalpa","region":"12"}},{"type":"MultiPolygon","arcs":[[[-2568,-2621,-4191,-2265,-3129,-3619]]],"properties":{"ubigeo":"120807","nombre":"Santa Barbara de Carhuacayan","region":"12"}},{"type":"MultiPolygon","arcs":[[[-4194,-4192,-2232,-2216]]],"properties":{"ubigeo":"120808","nombre":"Santa Rosa de Sacco","region":"12"}},{"type":"MultiPolygon","arcs":[[[-2236,-2836,-5357,-5315,-2140,-2165,-5108]]],"properties":{"ubigeo":"120905","nombre":"Huamancaca Chico","region":"12"}},{"type":"MultiPolygon","arcs":[[[-2348,5362,5363,5364]]],"properties":{"ubigeo":"130111","nombre":"Victor Larco Herrera","region":"13"}},{"type":"MultiPolygon","arcs":[[[-2242,-4170,-2837,-2234]]],"properties":{"ubigeo":"120906","nombre":"San Juan de Iscos","region":"12"}},{"type":"MultiPolygon","arcs":[[[-2349,-5365,5365,-3139,5366,-3207,-5358]]],"properties":{"ubigeo":"130101","nombre":"Trujillo","region":"13"}},{"type":"MultiPolygon","arcs":[[[5367,5368]]],"properties":{"ubigeo":"140104","nombre":"Eten Puerto","region":"14"}},{"type":"MultiPolygon","arcs":[[[-5359,-3208,-5367,-3138,-2351]]],"properties":{"ubigeo":"130102","nombre":"El Porvenir","region":"13"}},{"type":"MultiPolygon","arcs":[[[-5364,5369,-3164,-3140,-5366]]],"properties":{"ubigeo":"130107","nombre":"Moche","region":"13"}},{"type":"MultiPolygon","arcs":[[[-3166,-3144,-4436,-3199,5370]]],"properties":{"ubigeo":"130108","nombre":"Poroto","region":"13"}},{"type":"MultiPolygon","arcs":[[[5371,5372,-2310,-2418]]],"properties":{"ubigeo":"130203","nombre":"Chocope","region":"13"}},{"type":"MultiPolygon","arcs":[[[-2414,5373,5374,-5373,5375]]],"properties":{"ubigeo":"130204","nombre":"Magdalena de Cao","region":"13"}},{"type":"MultiPolygon","arcs":[[[-5376,-5372,-2417,-2415]]],"properties":{"ubigeo":"130205","nombre":"Paijan","region":"13"}},{"type":"MultiPolygon","arcs":[[[-5375,5376,-2346,-2311]]],"properties":{"ubigeo":"130207","nombre":"Santiago de Cao","region":"13"}},{"type":"MultiPolygon","arcs":[[[-1479,-2420,-2435,-2433]]],"properties":{"ubigeo":"130306","nombre":"Ucuncha","region":"13"}},{"type":"MultiPolygon","arcs":[[[5377,5378,-2344,-1377,-1495]]],"properties":{"ubigeo":"130401","nombre":"Chepen","region":"13"}},{"type":"MultiPolygon","arcs":[[[-4846,-2055,-2462,5379,-5378,-1494,-2845,-4455]]],"properties":{"ubigeo":"130402","nombre":"Pacanga","region":"13"}},{"type":"MultiPolygon","arcs":[[[-2461,5380,-2345,-5379,-5380]]],"properties":{"ubigeo":"130403","nombre":"Pueblo Nuevo","region":"13"}},{"type":"MultiPolygon","arcs":[[[-3202,-2330,-2438]]],"properties":{"ubigeo":"130604","nombre":"Charat","region":"13"}},{"type":"MultiPolygon","arcs":[[[5381,-3167,-5371,-3198,-2326]]],"properties":{"ubigeo":"130606","nombre":"La Cuesta","region":"13"}},{"type":"MultiPolygon","arcs":[[[-4437,-3194,-2319,-3204]]],"properties":{"ubigeo":"130608","nombre":"Mache","region":"13"}},{"type":"MultiPolygon","arcs":[[[-2325,-3168,-5382]]],"properties":{"ubigeo":"130610","nombre":"Paranday","region":"13"}},{"type":"MultiPolygon","arcs":[[[5382,5383,-2439,-2342]]],"properties":{"ubigeo":"130703","nombre":"Jequetepeque","region":"13"}},{"type":"MultiPolygon","arcs":[[[5384,5385,5386,-2053]]],"properties":{"ubigeo":"140113","nombre":"Reque","region":"14"}},{"type":"MultiPolygon","arcs":[[[-5384,5387,-2335,-2440]]],"properties":{"ubigeo":"130704","nombre":"Pacasmayo","region":"13"}},{"type":"MultiPolygon","arcs":[[[-4440,-4444,-2681,-614,5388,-2442]]],"properties":{"ubigeo":"130812","nombre":"Taurija","region":"13"}},{"type":"MultiPolygon","arcs":[[[-5389,-613,-4452,-4447,-2443]]],"properties":{"ubigeo":"130813","nombre":"Urpay","region":"13"}},{"type":"MultiPolygon","arcs":[[[-3793,-2362,-2358]]],"properties":{"ubigeo":"130904","nombre":"Curgos","region":"13"}},{"type":"MultiPolygon","arcs":[[[-2380,-2375,-2451,-2386]]],"properties":{"ubigeo":"131004","nombre":"Mollebamba","region":"13"}},{"type":"MultiPolygon","arcs":[[[-5347,5389,5390,5391,5392]]],"properties":{"ubigeo":"140101","nombre":"Chiclayo","region":"14"}},{"type":"MultiPolygon","arcs":[[[5393,-4838,5394,-5369,5395,-2459,-5387]]],"properties":{"ubigeo":"140103","nombre":"Eten","region":"14"}},{"type":"MultiPolygon","arcs":[[[-5392,5396,-4839,-5394,-5386,5397]]],"properties":{"ubigeo":"140108","nombre":"Monsefu","region":"14"}},{"type":"MultiPolygon","arcs":[[[-4596,5398,5399,5400,-3692]]],"properties":{"ubigeo":"210704","nombre":"Nicasio","region":"21"}},{"type":"MultiPolygon","arcs":[[[5401,-4840,-5397,-5391]]],"properties":{"ubigeo":"140106","nombre":"La Victoria","region":"14"}},{"type":"MultiPolygon","arcs":[[[5402,-5349,5403,5404,5405,5406]]],"properties":{"ubigeo":"140111","nombre":"Picsi","region":"14"}},{"type":"MultiPolygon","arcs":[[[5407,-4777,5408,-5407,5409,-2476]]],"properties":{"ubigeo":"140201","nombre":"Ferreñafe","region":"14"}},{"type":"MultiPolygon","arcs":[[[5410,-4994,5411,-4836,-5402,-5390,-5346]]],"properties":{"ubigeo":"140112","nombre":"Pimentel","region":"14"}},{"type":"MultiPolygon","arcs":[[[5412,5413,-2470,-2455]]],"properties":{"ubigeo":"140117","nombre":"Patapo","region":"14"}},{"type":"MultiPolygon","arcs":[[[-5348,-5393,-5398,-5385,-2052,5414,-5404]]],"properties":{"ubigeo":"140118","nombre":"Pomalca","region":"14"}},{"type":"MultiPolygon","arcs":[[[-5405,-5415,-2051,-2467,-5414,5415]]],"properties":{"ubigeo":"140120","nombre":"Tuman","region":"14"}},{"type":"MultiPolygon","arcs":[[[-5410,-5406,-5416,-5413,-2454,-2477]]],"properties":{"ubigeo":"140204","nombre":"Manuel Antonio Mesones Muro","region":"14"}},{"type":"MultiPolygon","arcs":[[[5416,5417,-4995,-5411,-5350,-5403,-5409,-4776,5418]]],"properties":{"ubigeo":"140301","nombre":"Lambayeque","region":"14"}},{"type":"MultiPolygon","arcs":[[[-2485,-4778]]],"properties":{"ubigeo":"140302","nombre":"Chochope","region":"14"}},{"type":"MultiPolygon","arcs":[[[5419,-2473,5420]]],"properties":{"ubigeo":"140303","nombre":"Illimo","region":"14"}},{"type":"MultiPolygon","arcs":[[[5421,5422,-5419,-4775,-5408,-2475]]],"properties":{"ubigeo":"140305","nombre":"Mochumi","region":"14"}},{"type":"MultiPolygon","arcs":[[[-2513,-2557,5423,-5213,-5048]]],"properties":{"ubigeo":"150121","nombre":"Pueblo Libre","region":"15"}},{"type":"MultiPolygon","arcs":[[[-1735,-2565,-4471,-3445,-2627,-1145]]],"properties":{"ubigeo":"150123","nombre":"Pachacamac","region":"15"}},{"type":"MultiPolygon","arcs":[[[5424,-2537,-4481]],[[5425]],[[5426]]],"properties":{"ubigeo":"150124","nombre":"Pucusana","region":"15"}},{"type":"MultiPolygon","arcs":[[[-3790,5427,-5417,-5423,5428,5429,-4780]]],"properties":{"ubigeo":"140306","nombre":"Morrope","region":"14"}},{"type":"MultiPolygon","arcs":[[[-4781,-5430,-5421,-2472,-2479]]],"properties":{"ubigeo":"140309","nombre":"Pacora","region":"14"}},{"type":"MultiPolygon","arcs":[[[-5429,-5422,-2474,-5420]]],"properties":{"ubigeo":"140312","nombre":"Tucume","region":"14"}},{"type":"MultiPolygon","arcs":[[[5430,5431,-4146]]],"properties":{"ubigeo":"150205","nombre":"Supe Puerto","region":"15"}},{"type":"MultiPolygon","arcs":[[[5432,5433,5434,-4462]]],"properties":{"ubigeo":"150104","nombre":"Barranco","region":"15"}},{"type":"MultiPolygon","arcs":[[[-4145,-1147,-2626,-4468]]],"properties":{"ubigeo":"150107","nombre":"Chaclacayo","region":"15"}},{"type":"MultiPolygon","arcs":[[[5435,-2559,-4206,5436,-5434]]],"properties":{"ubigeo":"150108","nombre":"Chorrillos","region":"15"}},{"type":"MultiPolygon","arcs":[[[-1150,-4159,-2551,-2500,-2547]]],"properties":{"ubigeo":"150112","nombre":"Independencia","region":"15"}},{"type":"MultiPolygon","arcs":[[[5437,5438,5439,5440,-2517]]],"properties":{"ubigeo":"150115","nombre":"La Victoria","region":"15"}},{"type":"MultiPolygon","arcs":[[[-2516,-5216,5441,-5438]]],"properties":{"ubigeo":"150116","nombre":"Lince","region":"15"}},{"type":"MultiPolygon","arcs":[[[-2583,5442,-2535,-2593,-2543]]],"properties":{"ubigeo":"150502","nombre":"Asia","region":"15"}},{"type":"MultiPolygon","arcs":[[[-2556,5443,5444,-5214,-5424]]],"properties":{"ubigeo":"150120","nombre":"Magdalena del Mar","region":"15"}},{"type":"MultiPolygon","arcs":[[[5445,-5440,5446,5447,5448,-4143]]],"properties":{"ubigeo":"150130","nombre":"San Borja","region":"15"}},{"type":"MultiPolygon","arcs":[[[-2532,5449,-4472,5450]]],"properties":{"ubigeo":"150514","nombre":"San Luis","region":"15"}},{"type":"MultiPolygon","arcs":[[[-5215,-5445,5451,-4460,5452,-5447,-5439,-5442]]],"properties":{"ubigeo":"150131","nombre":"San Isidro","region":"15"}},{"type":"MultiPolygon","arcs":[[[-2518,-5441,-5446,-4142,-1154]]],"properties":{"ubigeo":"150134","nombre":"San Luis","region":"15"}},{"type":"MultiPolygon","arcs":[[[-1156,-4141]]],"properties":{"ubigeo":"150137","nombre":"Santa Anita","region":"15"}},{"type":"MultiPolygon","arcs":[[[5453,-1549,-4136]]],"properties":{"ubigeo":"150139","nombre":"Santa Rosa","region":"15"}},{"type":"MultiPolygon","arcs":[[[-4144,-5449,5454,-4463,-5435,-5437,-4207,-1732]]],"properties":{"ubigeo":"150140","nombre":"Santiago de Surco","region":"15"}},{"type":"MultiPolygon","arcs":[[[5455,5456,-2616,5457]]],"properties":{"ubigeo":"150609","nombre":"San Miguel de Acos","region":"15"}},{"type":"MultiPolygon","arcs":[[[-4464,-5455,-5448,-5453]]],"properties":{"ubigeo":"150141","nombre":"Surquillo","region":"15"}},{"type":"MultiPolygon","arcs":[[[5458,5459,-5431,-4150,-529]]],"properties":{"ubigeo":"150201","nombre":"Barranca","region":"15"}},{"type":"MultiPolygon","arcs":[[[-4219,5460,5461]]],"properties":{"ubigeo":"150703","nombre":"Callahuanca","region":"15"}},{"type":"MultiPolygon","arcs":[[[-4213,5462,-5459,-528,-559]]],"properties":{"ubigeo":"150203","nombre":"Pativilca","region":"15"}},{"type":"MultiPolygon","arcs":[[[-3355,5463,-2660,5464,5465]]],"properties":{"ubigeo":"150402","nombre":"Arahuay","region":"15"}},{"type":"MultiPolygon","arcs":[[[5466,5467,-5465,-2659,-4466]]],"properties":{"ubigeo":"150405","nombre":"Lachaqui","region":"15"}},{"type":"MultiPolygon","arcs":[[[5468,-2575,-4484,-5467,-4465,-4485,-2618]]],"properties":{"ubigeo":"150406","nombre":"San Buenaventura","region":"15"}},{"type":"MultiPolygon","arcs":[[[-4483,-4137,-1135,-3356,-5466,-5468]]],"properties":{"ubigeo":"150407","nombre":"Santa Rosa de Quives","region":"15"}},{"type":"MultiPolygon","arcs":[[[-2533,-5451,-4474,-2585,-2594]]],"properties":{"ubigeo":"150507","nombre":"Imperial","region":"15"}},{"type":"MultiPolygon","arcs":[[[-2597,-2580,-2525,-2540]]],"properties":{"ubigeo":"150515","nombre":"Santa Cruz de Flores","region":"15"}},{"type":"MultiPolygon","arcs":[[[5469,5470,-2634,5471,5472]]],"properties":{"ubigeo":"150727","nombre":"Santa Cruz de Cocachacra","region":"15"}},{"type":"MultiPolygon","arcs":[[[5473,-2576,-5469,-2617,-5457]]],"properties":{"ubigeo":"150603","nombre":"Atavillos Bajo","region":"15"}},{"type":"MultiPolygon","arcs":[[[-4209,-2570,-5474,-5456,5474]]],"properties":{"ubigeo":"150607","nombre":"Lampian","region":"15"}},{"type":"MultiPolygon","arcs":[[[-4231,-4210,-5475,-5458,-2623,-4234]]],"properties":{"ubigeo":"150612","nombre":"Veintisiete de Noviembre","region":"15"}},{"type":"MultiPolygon","arcs":[[[5475,5476,5477,-3371,-4241,-2601]]],"properties":{"ubigeo":"150701","nombre":"Matucana","region":"15"}},{"type":"MultiPolygon","arcs":[[[-5464,-3360,5478,5479,-2661]]],"properties":{"ubigeo":"150707","nombre":"Huachupampa","region":"15"}},{"type":"MultiPolygon","arcs":[[[-4227,-520,5480,-3465,-4235]]],"properties":{"ubigeo":"150805","nombre":"Hualmay","region":"15"}},{"type":"MultiPolygon","arcs":[[[-2630,-4215,5481,-2640,-3374]]],"properties":{"ubigeo":"150710","nombre":"Lahuaytambo","region":"15"}},{"type":"MultiPolygon","arcs":[[[-4214,-3447,5482,-2641,-5482]]],"properties":{"ubigeo":"150711","nombre":"Langa","region":"15"}},{"type":"MultiPolygon","arcs":[[[-3446,-2530,5483,-3433,-2642,-5483]]],"properties":{"ubigeo":"150713","nombre":"Mariatana","region":"15"}},{"type":"MultiPolygon","arcs":[[[-3666,-3662]]],"properties":{"ubigeo":"190203","nombre":"Goyllarisquizga","region":"19"}},{"type":"MultiPolygon","arcs":[[[-4469,-2635,-5471,-4217]]],"properties":{"ubigeo":"150714","nombre":"Ricardo Palma","region":"15"}},{"type":"MultiPolygon","arcs":[[[5484,5485,-2632,-3373,5486]]],"properties":{"ubigeo":"150715","nombre":"San Andres de Tupicocha","region":"15"}},{"type":"MultiPolygon","arcs":[[[5487,-5473,5488,-5485,5489]]],"properties":{"ubigeo":"150717","nombre":"San Bartolome","region":"15"}},{"type":"MultiPolygon","arcs":[[[-3560,-3556,-4246,-3562,-4308]]],"properties":{"ubigeo":"160108","nombre":"Punchana","region":"16"}},{"type":"MultiPolygon","arcs":[[[-2662,-5480,5490,5491,-5476,-2600]]],"properties":{"ubigeo":"150719","nombre":"San Juan de Iris","region":"15"}},{"type":"MultiPolygon","arcs":[[[5492,-5461,-4218,-5470,-5488,5493,-5477,-5492]]],"properties":{"ubigeo":"150723","nombre":"San Mateo de Otao","region":"15"}},{"type":"MultiPolygon","arcs":[[[5494,5495,5496,5497]]],"properties":{"ubigeo":"200802","nombre":"Bellavista de la Union","region":"20"}},{"type":"MultiPolygon","arcs":[[[-5479,-3359,-4220,-5462,-5493,-5491]]],"properties":{"ubigeo":"150724","nombre":"San Pedro de Casta","region":"15"}},{"type":"MultiPolygon","arcs":[[[-5497,5498,-3844,5499,5500]]],"properties":{"ubigeo":"200803","nombre":"Bernal","region":"20"}},{"type":"MultiPolygon","arcs":[[[-4221,-2645,-4237,-3377]]],"properties":{"ubigeo":"150725","nombre":"San Pedro de Huancayre","region":"15"}},{"type":"MultiPolygon","arcs":[[[-5472,-2633,-5486,-5489]]],"properties":{"ubigeo":"150730","nombre":"Santiago de Tuna","region":"15"}},{"type":"MultiPolygon","arcs":[[[-5494,-5490,-5487,-3372,-5478]]],"properties":{"ubigeo":"150732","nombre":"Surco","region":"15"}},{"type":"MultiPolygon","arcs":[[[-4271,-3584]]],"properties":{"ubigeo":"180104","nombre":"Samegua","region":"18"}},{"type":"MultiPolygon","arcs":[[[5501,-4225,-4148]]],"properties":{"ubigeo":"150812","nombre":"Vegueta","region":"15"}},{"type":"MultiPolygon","arcs":[[[-515,-3474,-522,-4643,-4153]]],"properties":{"ubigeo":"150903","nombre":"Caujul","region":"15"}},{"type":"MultiPolygon","arcs":[[[5502,-3498,-3492,-4168,-3545]]],"properties":{"ubigeo":"151002","nombre":"Alis","region":"15"}},{"type":"MultiPolygon","arcs":[[[-3508,5503,-3503,-2657,-3477,-3361,-3497,-3541]]],"properties":{"ubigeo":"151004","nombre":"Ayaviri","region":"15"}},{"type":"MultiPolygon","arcs":[[[-4238,5504,5505,-3506,5506]]],"properties":{"ubigeo":"151010","nombre":"Cochas","region":"15"}},{"type":"MultiPolygon","arcs":[[[5507,-3504,-5504,-3507,-5506]]],"properties":{"ubigeo":"151013","nombre":"Huampara","region":"15"}},{"type":"MultiPolygon","arcs":[[[-3369,-3349,-3494,-4295]]],"properties":{"ubigeo":"151015","nombre":"Huangascar","region":"15"}},{"type":"MultiPolygon","arcs":[[[-3505,-3540,5508]]],"properties":{"ubigeo":"151017","nombre":"Huañec","region":"15"}},{"type":"MultiPolygon","arcs":[[[-3478,-2655,-3366,-3481]]],"properties":{"ubigeo":"151023","nombre":"Putinza","region":"15"}},{"type":"MultiPolygon","arcs":[[[5509,-4573,5510]]],"properties":{"ubigeo":"200115","nombre":"Veintiseis de Octubre","region":"20"}},{"type":"MultiPolygon","arcs":[[[-5484,-2529,-3500,-5508,-5505,-3434]]],"properties":{"ubigeo":"151025","nombre":"Quinocay","region":"15"}},{"type":"MultiPolygon","arcs":[[[-3736,-4359,-4571,-3525,-3528,-4299,-4281]]],"properties":{"ubigeo":"200401","nombre":"Chulucanas","region":"20"}},{"type":"MultiPolygon","arcs":[[[-3529,-3523,-3532,5511,-4300,-4297]]],"properties":{"ubigeo":"200402","nombre":"Buenos Aires","region":"20"}},{"type":"MultiPolygon","arcs":[[[-4239,-5507,-5509,-3539]]],"properties":{"ubigeo":"151026","nombre":"San Joaquin","region":"15"}},{"type":"MultiPolygon","arcs":[[[-3543,-2650,-3502]]],"properties":{"ubigeo":"151027","nombre":"San Pedro de Pilas","region":"15"}},{"type":"MultiPolygon","arcs":[[[-3542,-3499,-5503,-3544,-3486]]],"properties":{"ubigeo":"151033","nombre":"Vitis","region":"15"}},{"type":"MultiPolygon","arcs":[[[-4488,-4505,5512,-3404,-3564,-4248]]],"properties":{"ubigeo":"160103","nombre":"Fernando Lores","region":"16"}},{"type":"MultiPolygon","arcs":[[[-3740,-4305,5513]]],"properties":{"ubigeo":"200503","nombre":"Arenal","region":"20"}},{"type":"MultiPolygon","arcs":[[[-3577,-3570,-3410]]],"properties":{"ubigeo":"160503","nombre":"Capelo","region":"16"}},{"type":"MultiPolygon","arcs":[[[5514,5515,5516]]],"properties":{"ubigeo":"200705","nombre":"Los Organos","region":"20"}},{"type":"MultiPolygon","arcs":[[[-4504,-4556,-4557,-3405,-5513]]],"properties":{"ubigeo":"160507","nombre":"Saquena","region":"16"}},{"type":"MultiPolygon","arcs":[[[5517,-3429]]],"properties":{"ubigeo":"160602","nombre":"Inahuaya","region":"16"}},{"type":"MultiPolygon","arcs":[[[-4561,-3172,-2908]]],"properties":{"ubigeo":"160603","nombre":"Padre Marquez","region":"16"}},{"type":"MultiPolygon","arcs":[[[-2852,5518,5519,-4425,-4421,-4559,-3430,-5518,-3428,-3425,-2858]]],"properties":{"ubigeo":"160604","nombre":"Pampa Hermosa","region":"16"}},{"type":"MultiPolygon","arcs":[[[-4272,-3580]]],"properties":{"ubigeo":"180103","nombre":"Cuchumbaya","region":"18"}},{"type":"MultiPolygon","arcs":[[[-3453,-3592,-3607,-856]]],"properties":{"ubigeo":"180203","nombre":"Coalaque","region":"18"}},{"type":"MultiPolygon","arcs":[[[5520,-3461,-3598,-3601]]],"properties":{"ubigeo":"180206","nombre":"Lloque","region":"18"}},{"type":"MultiPolygon","arcs":[[[-3462,-5521,-3600]]],"properties":{"ubigeo":"180211","nombre":"Yunga","region":"18"}},{"type":"MultiPolygon","arcs":[[[5521,-3651,-3642]]],"properties":{"ubigeo":"190101","nombre":"Chaupimarca","region":"19"}},{"type":"MultiPolygon","arcs":[[[5522,-3636,-3645,-5279]]],"properties":{"ubigeo":"190103","nombre":"Huariaca","region":"19"}},{"type":"MultiPolygon","arcs":[[[-3667,-3631,-5523,-5278,-5276]]],"properties":{"ubigeo":"190106","nombre":"Pallanchacra","region":"19"}},{"type":"MultiPolygon","arcs":[[[-5522,-3641,-3650,-3624,-3652]]],"properties":{"ubigeo":"190111","nombre":"Tinyahuarco","region":"19"}},{"type":"MultiPolygon","arcs":[[[-3656,5523,-1987]]],"properties":{"ubigeo":"190205","nombre":"San Pedro de Pillao","region":"19"}},{"type":"MultiPolygon","arcs":[[[-1988,-5524,-3655,5524,-3659,-3664]]],"properties":{"ubigeo":"190207","nombre":"Tapuc","region":"19"}},{"type":"MultiPolygon","arcs":[[[5525,5526,-3962,-3980,-4429,5527]]],"properties":{"ubigeo":"220406","nombre":"Tingo de Saposoa","region":"22"}},{"type":"MultiPolygon","arcs":[[[-5525,-3654,-3660]]],"properties":{"ubigeo":"190208","nombre":"Vilcabamba","region":"19"}},{"type":"MultiPolygon","arcs":[[[-3734,-3754,5528,-5511,-4572,-4357]]],"properties":{"ubigeo":"200101","nombre":"Piura","region":"20"}},{"type":"MultiPolygon","arcs":[[[5529,-4625,-4360,-3884,-3873]]],"properties":{"ubigeo":"210603","nombre":"Huatasani","region":"21"}},{"type":"MultiPolygon","arcs":[[[-3725,5530,-4568]]],"properties":{"ubigeo":"200107","nombre":"Cura Mori","region":"20"}},{"type":"MultiPolygon","arcs":[[[-4362,-4624,5531,-4675,-4586,-4574]]],"properties":{"ubigeo":"210608","nombre":"Vilque Chico","region":"21"}},{"type":"MultiPolygon","arcs":[[[-4595,-4379,-4382,-4601,5532,-4414,5533,-5399]]],"properties":{"ubigeo":"210701","nombre":"Lampa","region":"21"}},{"type":"MultiPolygon","arcs":[[[-4600,-4688,-4684,-4415,-5533]]],"properties":{"ubigeo":"210702","nombre":"Cabanilla","region":"21"}},{"type":"MultiPolygon","arcs":[[[-5400,-5534,-4413,-4692,-4393,5534]]],"properties":{"ubigeo":"210703","nombre":"Calapuja","region":"21"}},{"type":"MultiPolygon","arcs":[[[-3724,5535,-5500,-3843,-4569,-5531]]],"properties":{"ubigeo":"200108","nombre":"El Tallan","region":"20"}},{"type":"MultiPolygon","arcs":[[[-3551,5536,-5498,-5501,-5536,-3723,5537,-3742]]],"properties":{"ubigeo":"200110","nombre":"La Union","region":"20"}},{"type":"MultiPolygon","arcs":[[[-5512,-3537,-4543,-4551,-4301]]],"properties":{"ubigeo":"200407","nombre":"San Juan de Bigote","region":"20"}},{"type":"MultiPolygon","arcs":[[[5538,-3548,-3741,-5514,-4304,5539]]],"properties":{"ubigeo":"200504","nombre":"Colan","region":"20"}},{"type":"MultiPolygon","arcs":[[[-3780,5540,-5540,-4303]]],"properties":{"ubigeo":"200507","nombre":"Vichayal","region":"20"}},{"type":"MultiPolygon","arcs":[[[-3756,5541]]],"properties":{"ubigeo":"200602","nombre":"Bellavista","region":"20"}},{"type":"MultiPolygon","arcs":[[[-3782,-3749,-3745,-3768]]],"properties":{"ubigeo":"200603","nombre":"Ignacio Escudero","region":"20"}},{"type":"MultiPolygon","arcs":[[[-3743,-5538,-3722,-4567,-5510,-5529,-3753,-3769]]],"properties":{"ubigeo":"200606","nombre":"Miguel Checa","region":"20"}},{"type":"MultiPolygon","arcs":[[[-3770,-3751,-3774]]],"properties":{"ubigeo":"200608","nombre":"Salitral","region":"20"}},{"type":"MultiPolygon","arcs":[[[-5516,5542,-3784,-3775,-3765]]],"properties":{"ubigeo":"200702","nombre":"El Alto","region":"20"}},{"type":"MultiPolygon","arcs":[[[5543,-5517,-3764,-4125]]],"properties":{"ubigeo":"200706","nombre":"Mancora","region":"20"}},{"type":"MultiPolygon","arcs":[[[-3787,-3841,-5499,-5496,5544]]],"properties":{"ubigeo":"200806","nombre":"Rinconada Llicuar","region":"20"}},{"type":"MultiPolygon","arcs":[[[-3952,-4644,-4564]]],"properties":{"ubigeo":"220509","nombre":"Shanao","region":"22"}},{"type":"MultiPolygon","arcs":[[[-3550,5545,-3788,-5545,-5495,-5537]]],"properties":{"ubigeo":"200805","nombre":"Vice","region":"20"}},{"type":"MultiPolygon","arcs":[[[5546]],[[5547]]],"properties":{"ubigeo":"210103","nombre":"Amantani","region":"21"}},{"type":"MultiPolygon","arcs":[[[-4690,-3675,5548,-4593,-4591]]],"properties":{"ubigeo":"210108","nombre":"Huata","region":"21"}},{"type":"MultiPolygon","arcs":[[[-4689,-3605,-4324,-4325,-4686]]],"properties":{"ubigeo":"210109","nombre":"Mañazo","region":"21"}},{"type":"MultiPolygon","arcs":[[[-5401,-5535,-4392,-3853,-3693]]],"properties":{"ubigeo":"210202","nombre":"Achaya","region":"21"}},{"type":"MultiPolygon","arcs":[[[-4609,-4401,5549]]],"properties":{"ubigeo":"210402","nombre":"Desaguadero","region":"21"}},{"type":"MultiPolygon","arcs":[[[-4585,-4678,5550,-4576]]],"properties":{"ubigeo":"210903","nombre":"Huayrapata","region":"21"}},{"type":"MultiPolygon","arcs":[[[-4645,-3955,-3947,-5164,-4627]]],"properties":{"ubigeo":"220507","nombre":"Rumisapa","region":"22"}},{"type":"MultiPolygon","arcs":[[[-4330,-3858,-4398,-4621,-5530,-3872]]],"properties":{"ubigeo":"211003","nombre":"Pedro Vilca Apaza","region":"21"}},{"type":"MultiPolygon","arcs":[[[-4611,5551,-4735]]],"properties":{"ubigeo":"211303","nombre":"Copani","region":"21"}},{"type":"MultiPolygon","arcs":[[[5552,-4408,-4734]]],"properties":{"ubigeo":"211304","nombre":"Cuturapi","region":"21"}},{"type":"MultiPolygon","arcs":[[[5553,-4737,5554,5555,5556]]],"properties":{"ubigeo":"211305","nombre":"Ollaraya","region":"21"}},{"type":"MultiPolygon","arcs":[[[-5557,5557,5558]]],"properties":{"ubigeo":"211306","nombre":"Tinicachi","region":"21"}},{"type":"MultiPolygon","arcs":[[[-5558,-5556,5559]],[[5560]]],"properties":{"ubigeo":"211307","nombre":"Unicachi","region":"21"}},{"type":"MultiPolygon","arcs":[[[-3919,5561,-5528,-4430,-4629,-3983,-4431]]],"properties":{"ubigeo":"220201","nombre":"Bellavista","region":"22"}},{"type":"MultiPolygon","arcs":[[[-4630,-3926,-109]]],"properties":{"ubigeo":"220302","nombre":"Agua Blanca","region":"22"}},{"type":"MultiPolygon","arcs":[[[-4435,-4631,-3949]]],"properties":{"ubigeo":"220305","nombre":"Shatoja","region":"22"}},{"type":"MultiPolygon","arcs":[[[-3918,5562,5563,-5526,-5562]]],"properties":{"ubigeo":"220403","nombre":"El Eslabon","region":"22"}},{"type":"MultiPolygon","arcs":[[[-3977,-3957,5564,-5563,-3917]]],"properties":{"ubigeo":"220404","nombre":"Piscoyacu","region":"22"}},{"type":"MultiPolygon","arcs":[[[-5565,-3963,-5527,-5564]]],"properties":{"ubigeo":"220405","nombre":"Sacanche","region":"22"}},{"type":"MultiPolygon","arcs":[[[5565,5566,5567,-4476,-4649]]],"properties":{"ubigeo":"220704","nombre":"Pilluana","region":"22"}},{"type":"MultiPolygon","arcs":[[[-4428,5568,-4924,-3986]]],"properties":{"ubigeo":"220706","nombre":"San Cristobal","region":"22"}},{"type":"MultiPolygon","arcs":[[[-4925,-5569,-4427,-3989,5569]]],"properties":{"ubigeo":"220701","nombre":"Picota","region":"22"}},{"type":"MultiPolygon","arcs":[[[-3943,-112,-4433,5570,-5566,5571]]],"properties":{"ubigeo":"220702","nombre":"Buenos Aires","region":"22"}},{"type":"MultiPolygon","arcs":[[[-4432,-3981,-4926,-5570,-3988,5572,-5567,-5571]]],"properties":{"ubigeo":"220705","nombre":"Pucacaca","region":"22"}},{"type":"MultiPolygon","arcs":[[[-3991,-4426,-5520,5573]]],"properties":{"ubigeo":"220708","nombre":"Shamboyacu","region":"22"}},{"type":"MultiPolygon","arcs":[[[-4477,-5568,-5573,-3992,-5574,-5519,-2851]]],"properties":{"ubigeo":"220710","nombre":"Tres Unidos","region":"22"}},{"type":"MultiPolygon","arcs":[[[-3994,-145,-3912,-3905]]],"properties":{"ubigeo":"220808","nombre":"Yorongos","region":"22"}},{"type":"MultiPolygon","arcs":[[[-5234,-4634,5574,-4010]]],"properties":{"ubigeo":"220901","nombre":"Tarapoto","region":"22"}},{"type":"MultiPolygon","arcs":[[[-5575,-4633,-3944,-5572,-4648,-4014,-4011]]],"properties":{"ubigeo":"220908","nombre":"Juan Guerra","region":"22"}},{"type":"MultiPolygon","arcs":[[[-4047,5575,-4054]]],"properties":{"ubigeo":"230103","nombre":"Calana","region":"23"}},{"type":"MultiPolygon","arcs":[[[5576,-4034]]],"properties":{"ubigeo":"230111","nombre":"La Yarada los Palos","region":"23"}},{"type":"MultiPolygon","arcs":[[[-4055,-5576,-4046,-4039,5577,-4037,-4060]]],"properties":{"ubigeo":"230108","nombre":"Pocollay","region":"23"}},{"type":"MultiPolygon","arcs":[[[-4038,-5578]]],"properties":{"ubigeo":"230110","nombre":"Coronel Gregorio Albarracin Lanchipa","region":"23"}},{"type":"MultiPolygon","arcs":[[[-4479,-4078,5578,5579,-4067]]],"properties":{"ubigeo":"230205","nombre":"Huanuara","region":"23"}},{"type":"MultiPolygon","arcs":[[[-5580,5580,-4087,-4096,-4068]]],"properties":{"ubigeo":"230206","nombre":"Quilahuani","region":"23"}},{"type":"MultiPolygon","arcs":[[[-5579,-4077,-4088,-5581]]],"properties":{"ubigeo":"230204","nombre":"Curibaya","region":"23"}},{"type":"MultiPolygon","arcs":[[[5581,-4111,-4117,-4102,5582]]],"properties":{"ubigeo":"240102","nombre":"Corrales","region":"24"}},{"type":"MultiPolygon","arcs":[[[5583,-4122,-4112,-5582]]],"properties":{"ubigeo":"240103","nombre":"La Cruz","region":"24"}},{"type":"MultiPolygon","arcs":[[[-5189,-4126,5584]]],"properties":{"ubigeo":"240301","nombre":"Zarumilla","region":"24"}},{"type":"MultiPolygon","arcs":[[[-3171,-3152,-2910]]],"properties":{"ubigeo":"250105","nombre":"Yarinacocha","region":"25"}},{"type":"MultiPolygon","arcs":[[[-3151,-5290,-4171,-2912]]],"properties":{"ubigeo":"250107","nombre":"Manantay","region":"25"}}]}},"arcs":[[[52592,30563],[-363,-187],[-56,-50],[1,-95],[-117,-123]],[[52057,30108],[65,-32],[177,-2]],[[52299,30074],[165,111],[195,-177],[-213,-241]],[[52446,29767],[243,98]],[[52689,29865],[125,188],[77,29],[77,-48]],[[52968,30034],[-17,345]],[[52951,30379],[-117,57],[-227,-12],[-15,139]],[[26977,66476],[58,-137],[-122,-154]],[[26913,66185],[-31,-60]],[[26882,66125],[-153,-94],[-5,-80]],[[26724,65951],[-3,-53],[41,-11]],[[26762,65887],[206,12],[190,-72],[140,56],[156,-4],[2,59],[39,2],[211,-43],[62,-74]],[[27768,65823],[73,-9],[109,77],[56,-23],[110,24],[2,84]],[[28118,65976],[-119,123],[-24,105]],[[27975,66204],[-137,35],[-97,-30],[-186,86]],[[27555,66295],[-106,65],[-228,13],[18,72],[-40,22],[-222,9]],[[27235,62683],[35,-28],[-38,-75],[-307,-125],[-188,95],[-234,-86],[-250,14]],[[26253,62478],[-99,-132]],[[26154,62346],[109,-43]],[[26263,62303],[-2,-157]],[[26261,62146],[126,41],[171,-74],[174,3],[72,-55]],[[26804,62061],[253,33],[145,96],[292,-79],[78,110],[248,-51],[179,135]],[[27999,62305],[-14,81],[-154,38],[-11,44],[-124,2],[-44,65],[-109,17],[-139,125],[-66,27],[-103,-21]],[[27502,68409],[-50,-60],[-150,-41],[6,-114],[-94,-44]],[[27214,68150],[98,-88],[33,-118],[-81,-82],[99,-136],[-33,-51]],[[27330,67675],[34,-113],[75,-50],[17,63],[125,27],[245,-87],[-264,-236],[34,-99],[-33,-84]],[[27563,67096],[96,-195],[251,-132]],[[27910,66769],[-136,235],[12,268],[72,34],[71,-13],[63,178]],[[27992,67471],[60,40],[-15,75]],[[28037,67586],[-181,116],[-25,57],[86,151],[-21,88]],[[27896,67998],[-143,159]],[[27753,68157],[-236,140],[-15,112]],[[26269,64611],[-24,-94],[-95,-30],[-31,-52],[-147,51],[-184,-78],[-301,30],[-227,-83],[-81,41]],[[25179,64396],[-7,-26],[163,-78],[-35,-59],[37,-73]],[[25337,64160],[99,-119],[-15,-117],[90,-67],[114,11],[38,-25],[-20,-50],[166,-37],[88,-76],[82,-290]],[[25979,63390],[208,-1],[63,119],[327,40],[140,59],[45,72]],[[26762,63679],[100,95],[12,223]],[[26874,63997],[-116,92],[-67,218]],[[26691,64307],[-66,33],[-44,127],[-312,144]],[[28306,63910],[-190,-85],[-264,31]],[[27852,63856],[-35,-269],[-140,-33],[-89,-100],[-197,20],[-288,-37]],[[27103,63437],[105,-69],[-6,-197],[-79,-74],[46,-61],[-32,-112],[75,-36],[-14,-94],[37,-111]],[[27999,62305],[161,-126]],[[28160,62179],[161,88],[-15,62],[52,46],[142,40],[68,71],[-127,81],[-146,289],[-181,222],[259,89],[-42,127],[-86,84],[68,185],[-55,230],[48,117]],[[51768,25003],[31,-43]],[[51799,24960],[103,-8],[87,-80],[135,48],[145,-66],[36,-54],[116,8],[59,-78],[293,-89],[112,26],[74,-88],[-77,-92],[131,-48],[27,-83],[-41,-48],[105,-137],[146,56],[104,-53],[244,-9],[26,-57],[248,-23],[73,-119],[242,141],[196,-14],[249,187],[142,-34],[162,177],[117,24],[96,155]],[[55149,24602],[12,33],[-132,101],[-250,104],[-273,45],[-51,-20]],[[54455,24865],[-418,201],[-97,11],[-47,96],[-186,29],[-44,114],[-69,33]],[[53594,25349],[-98,-51],[-150,0],[-199,117],[-225,4],[28,-78],[-153,-165],[-292,-38],[-270,12],[-365,-88],[-102,-59]],[[27065,65512],[90,-27],[68,-87],[230,-69],[127,21],[668,-47]],[[28248,65303],[140,114]],[[28388,65417],[-99,158],[-146,-32]],[[28143,65543],[-3,-30],[-88,-2],[-243,65],[-70,91],[-180,87],[-322,19],[-123,-94],[-49,-167]],[[59709,31133],[-501,-177],[-199,-149],[-16,-170],[-301,-280],[-30,-184],[-94,-87],[31,-101]],[[58599,29985],[93,-27],[19,-62]],[[58711,29896],[312,-1],[69,39],[184,-38],[21,-44],[127,-2],[23,97],[287,133],[23,69],[121,60],[15,97],[238,171],[91,159],[306,82]],[[60528,30718],[-77,84]],[[60451,30802],[-131,123],[-113,19],[-20,73],[-101,27],[-101,160],[-87,-13],[-58,-68],[-131,10]],[[57847,30106],[-57,-33],[-64,26],[-87,-22],[-176,-122],[-205,-53],[-86,80],[-123,-33],[-87,79],[-154,-14],[-166,-97]],[[56642,29917],[44,-81],[89,-35],[9,-113]],[[56784,29688],[104,-64],[6,-73],[82,-54],[-46,-66],[65,-113],[-95,-37],[-21,-97]],[[56879,29184],[112,12],[213,107]],[[57204,29303],[116,23],[127,-72],[118,75],[145,-54],[92,19],[154,150],[194,54],[226,13],[36,79],[59,12],[-51,74],[41,38],[74,-9],[69,61]],[[58604,29766],[107,130]],[[58599,29985],[-63,-40],[-197,91],[-92,-57],[-156,24],[-145,96],[-99,7]],[[58604,29766],[234,-26],[-7,-74],[119,-27],[-18,-84],[107,-78]],[[59039,29477],[247,87],[186,14],[116,-10],[124,-86],[248,26]],[[59960,29508],[-16,19],[-179,71],[-66,85],[178,35],[41,158],[-72,44],[14,59],[143,0],[229,-101],[227,148],[258,47],[-112,120],[145,53],[82,62]],[[60832,30308],[-76,78],[18,109],[-276,176],[30,47]],[[61062,30136],[-91,-12],[-36,-86],[-181,-31],[-36,-78],[34,-65],[-71,-32],[-46,-124],[-104,-66],[-436,-83],[-76,-62],[-59,11]],[[59039,29477],[-81,-38],[-68,-124],[86,-69],[150,-28],[27,-112],[-47,-59]],[[59106,29047],[168,-12],[156,-66],[66,21],[-26,46],[49,30],[254,14],[146,-49],[-12,54],[61,47],[163,-50],[160,155],[173,23],[74,136],[313,140],[100,116],[105,35]],[[61056,29687],[188,79],[262,39]],[[61506,29805],[-354,174]],[[61152,29979],[-114,100],[24,57]],[[62461,28166],[-79,66],[-93,-27],[-97,-114],[-472,-223],[-166,45],[-143,-37],[48,-73],[124,-19],[57,-140],[193,63],[-4,-120],[-224,-344],[38,-124]],[[61643,27119],[29,10]],[[61672,27129],[134,-92],[100,-170],[285,3]],[[62191,26870],[82,0],[66,-43],[127,13],[51,-49],[448,55],[111,-50],[8,-66]],[[63084,26730],[85,-3],[76,54],[404,-116],[119,14],[71,-62]],[[63839,26617],[125,63],[-24,80],[112,101],[-19,71]],[[64033,26932],[-305,96],[0,49],[-60,-14],[-15,59],[-212,64],[-21,96],[-115,26],[-67,140],[-135,87],[-93,-14],[-57,58],[60,51],[-91,3],[46,72],[-43,39],[-95,5],[-52,128],[-91,41],[1,74],[-140,82],[-73,-14],[-45,88],[31,18]],[[93501,15964],[129,-137],[158,-55],[37,-80],[-48,-75],[76,-79],[118,8],[17,33],[-136,62],[-7,46],[146,-18],[132,-6],[144,63],[168,-66]],[[94435,15660],[-22,117],[-99,58],[137,12],[-1,54]],[[94450,15901],[-524,197],[-93,-128],[-332,-6]],[[27351,66795],[-47,-86],[257,-348],[-6,-66]],[[27975,66204],[185,13],[246,83]],[[28406,66300],[4,204]],[[28410,66504],[-168,44]],[[28242,66548],[-332,221]],[[27910,66769],[-247,-36],[-312,62]],[[24161,66701],[-32,-175],[-171,-133],[31,-236],[-168,-152]],[[23821,66005],[108,-45],[152,43],[352,-17]],[[24433,65986],[86,25],[227,-47],[200,2],[213,95]],[[25159,66061],[3,62],[135,79],[183,39]],[[25480,66241],[-67,96]],[[25413,66337],[-158,-3],[-110,-73],[-255,141],[-98,-6],[-126,68],[-78,5],[-18,-44],[-71,-8],[-56,34],[-5,72],[-277,178]],[[25581,68580],[-130,-176],[47,-71]],[[25498,68333],[109,-15],[135,62],[93,-30],[112,31],[122,-153],[175,-42],[198,-142]],[[26442,68044],[74,57],[283,-1],[102,50],[17,56],[296,-56]],[[27502,68409],[-119,103]],[[27383,68512],[-391,196],[-50,157],[-315,-239],[-196,-58],[-235,-21],[-78,34],[-110,-7],[-94,-79],[-116,113],[-217,-28]],[[98273,29199],[-6119,-1842]],[[92154,27357],[61,-81],[113,-51],[517,8],[-9,-127],[175,-61],[129,-16],[223,40],[92,-26],[60,-209],[98,-15],[-74,-56],[119,-116],[-154,-65],[15,-133],[41,-32],[133,1],[-21,-112],[75,-33],[-192,-100],[46,-48],[-57,-58],[-17,-135],[135,-75],[335,-45],[52,-52],[136,-19],[69,-143],[204,-123],[-46,-130],[96,-59],[-29,-64],[142,-98],[53,-116],[-31,-108],[-130,-65],[-22,-44],[63,-83],[-164,-147],[-19,-79]],[[94371,24482],[104,-103],[158,10],[6,-79],[65,-64],[142,40],[419,-120],[187,5],[45,-89],[127,-10],[177,-77],[122,46],[56,-89],[114,-4],[155,-75],[-30,-70],[338,-136],[50,-62],[-50,-145],[63,-149],[-51,-54],[-156,14],[-64,-61],[-104,29],[-80,-124],[51,-123]],[[96215,22992],[171,-36],[83,24],[245,-64],[108,-92],[50,38],[230,-18],[211,41],[-1,-125],[95,-70],[-1,-87],[96,-74]],[[97502,22529],[57,29],[1070,24],[-36,57],[-118,45],[-78,187],[79,53],[98,-5],[3,49],[-126,36],[-172,149],[-33,132],[-69,16],[37,105],[-107,71],[21,28],[-148,34],[-70,71],[-145,6],[-79,119],[-61,-4],[-196,157],[123,152],[-56,2],[-98,99],[2,193],[77,69],[172,19],[78,214],[142,63],[46,75],[-263,77],[-63,53],[-124,-32],[-157,48],[14,52],[95,-28],[46,123],[-262,120],[-143,-4],[-76,126],[-101,32],[-51,91],[-98,38],[32,149],[129,79],[88,25],[21,-74],[63,17],[37,-37],[193,29],[-7,70],[51,25],[-116,59],[143,68],[114,3],[1,53],[156,-16],[-44,79],[97,116],[-29,94],[109,91],[-41,68],[44,-37],[104,64],[22,-43],[38,70],[-59,13],[73,29],[27,47],[-36,24],[51,14],[-74,27],[89,48],[-22,32],[54,-4],[-36,74],[78,-25],[-77,72],[-1,60],[57,-52],[-14,63],[87,-1],[-66,120],[99,49],[-74,15],[80,47],[-7,48],[-49,6],[67,10],[-42,51],[74,1],[-10,39],[91,30],[-52,29],[66,17],[-94,35],[87,59],[-86,22],[153,94],[-71,68],[91,32],[-31,40],[49,23],[-57,61],[101,9],[-81,13],[51,32],[-52,29],[112,51],[-37,55],[-60,9],[30,70],[-71,-15],[11,68],[52,-24],[20,34],[-157,160],[87,-12],[-19,35],[53,39],[-111,11],[101,95],[-93,9],[17,79],[-48,-32],[-33,23],[94,92],[-56,34],[110,-1],[-57,12],[52,84],[-73,77],[117,118],[-69,68],[102,-3],[-13,85],[-119,9],[107,81],[-142,-14],[-28,29],[61,23],[-38,28]],[[37325,64218],[-274,-228]],[[37051,63990],[-103,-150],[44,-106],[-44,-69],[74,-161],[-55,-78],[-203,-155],[-156,-35],[-143,-87],[-240,-19]],[[36225,63130],[17,-67]],[[36242,63063],[293,19],[108,-59],[495,186],[148,-40],[56,-61],[477,249],[84,128]],[[37903,63485],[-2,177]],[[37901,63662],[-270,115],[23,99],[165,154]],[[37819,64030],[-26,85],[-116,78],[-352,25]],[[28267,72181],[-1658,-1457]],[[26609,70724],[3,-97],[114,-43],[77,-200],[-14,-158],[-69,8],[-391,-120],[48,-79],[-48,-62],[48,-211],[-206,-137],[-17,-67],[-726,-786],[225,-64],[-72,-128]],[[27383,68512],[72,139],[110,22],[128,-75],[97,18],[176,-46],[103,33]],[[28069,68603],[77,96],[-93,94],[59,27],[44,101],[-124,104],[0,115],[163,168],[14,117],[108,84],[20,71],[-232,383],[70,137],[-117,120],[9,75],[172,100],[-149,133],[181,157]],[[28271,70685],[253,-52],[132,29]],[[28656,70662],[-55,158],[162,230],[-13,241],[-119,229],[-84,78],[-161,61],[-75,91],[249,114],[103,130],[-104,89]],[[28559,72083],[-92,56],[-200,42]],[[24961,67352],[-303,-99],[-155,-142],[-230,19],[-259,-35]],[[24014,67095],[-42,6],[-119,-120]],[[23853,66981],[208,-131],[17,-130],[83,-19]],[[25413,66337],[193,170]],[[25606,66507],[-79,215],[-421,79],[-207,170],[-95,137],[85,115]],[[24889,67223],[72,129]],[[35726,43314],[-230,-60],[49,-289],[-86,2],[-55,49],[-130,-108],[20,-295],[-89,-43],[63,-64],[-56,-95]],[[35212,42411],[44,-61],[-31,-143],[-115,-180],[-94,8],[-45,-71],[-82,-6]],[[34889,41958],[126,-189],[-130,-134],[112,-75],[101,-340]],[[35098,41220],[146,164],[303,71],[29,62],[127,11],[43,47],[107,-72],[55,-107],[195,7],[150,-140],[50,-185],[-109,-56],[-40,-78],[305,-194]],[[36459,40750],[93,51],[323,-15],[306,92],[74,73],[141,37]],[[37396,40988],[-106,159],[-103,-5],[-54,40],[-95,140],[45,98],[-155,191]],[[36928,41611],[-94,235],[-91,56],[120,169]],[[36863,42071],[-157,138],[23,63],[-104,155],[-140,-39],[-52,262],[-158,176],[41,124],[-33,36]],[[36283,42986],[-82,66],[-258,16],[-119,139],[-98,-5],[0,112]],[[30384,67446],[-80,-56],[-15,-100],[-164,-21],[-64,-123],[-125,-46]],[[29936,67100],[99,-120],[116,-22],[-23,-160],[93,-77],[-5,-129]],[[30216,66592],[80,-12],[145,-152]],[[30441,66428],[86,-36],[89,-159],[8,-118],[190,-195],[97,-10],[65,-91]],[[30976,65819],[81,-123],[103,-1]],[[31160,65695],[257,-13],[128,-78],[212,34],[127,-44]],[[31884,65594],[1,44],[90,20],[107,2],[45,-48],[90,-8],[26,-83],[156,-156],[99,33],[125,-35],[215,11],[152,155]],[[32990,65529],[113,155],[-3,111],[-211,175],[-90,28],[-26,102],[-183,71]],[[32590,66171],[-172,206],[119,70]],[[32537,66447],[-160,204],[-129,-23],[-103,62],[-211,-21],[-58,43]],[[31876,66712],[-123,10],[-229,111],[-110,-11],[-103,230]],[[31311,67052],[-166,-43],[-113,219],[-181,42],[-113,-162],[-354,338]],[[22048,69390],[-111,-189],[-223,-69],[100,-120],[-28,-78],[44,-63],[-86,-112],[-54,-207],[-139,-190],[-3,-127],[48,-71]],[[21596,68164],[77,-46],[207,2],[154,-56],[168,-144],[90,-17],[42,-136]],[[22334,67767],[178,26],[87,-85],[71,66],[324,-45]],[[22994,67729],[61,-69],[353,-80],[152,-164]],[[23560,67416],[220,91],[59,236],[227,324],[-9,136],[-164,226],[29,59]],[[23922,68488],[-48,70],[-184,-12],[-281,112],[-414,31],[-53,68],[-166,50],[0,64],[-59,-12],[-52,45]],[[22665,68904],[-33,94],[-345,132],[43,56]],[[22330,69186],[-61,7],[-74,116],[-147,81]],[[23798,70253],[67,-81],[-78,-37],[-90,-140],[-93,-26],[102,-65],[-17,-51]],[[23689,69853],[95,-201],[-10,-109],[-421,-59],[-269,-247],[-26,-100],[-393,-233]],[[23922,68488],[230,-109],[50,35],[82,-18],[130,-87],[-23,-54],[113,-37],[68,-82],[160,-84],[310,30],[149,-58]],[[25191,68024],[101,17],[29,102],[177,190]],[[26609,70724],[-79,36],[-213,7],[-140,120],[-91,22],[-235,-55],[-31,-99],[56,-90],[-176,1],[-78,43],[12,56],[-214,274]],[[25420,71039],[-119,72],[-198,-63],[-9,-103],[-97,-61],[-29,-89],[-238,-174],[-229,-91],[-128,-192],[-223,-24],[-56,23],[-109,-55],[-187,-29]],[[27600,64357],[-64,-38],[-151,-12],[-111,-118],[-276,-102],[-53,-81],[-71,-9]],[[26762,63679],[131,-3],[93,-59],[117,-180]],[[27852,63856],[-126,128],[14,124]],[[27740,64108],[-140,249]],[[25226,67978],[-67,-55],[24,-75],[-69,-92],[75,-82],[-150,-30],[-142,-166]],[[24897,67478],[119,-57],[176,29],[180,-16],[63,33],[127,-64],[170,-7],[60,44],[69,-28],[221,-224],[-115,-123],[-36,-127]],[[25931,66938],[248,-62],[178,70],[136,10],[79,196],[176,88]],[[26748,67240],[-232,198],[21,58],[-44,41]],[[26493,67537],[-76,101]],[[26417,67638],[-159,-31],[-45,-40],[-409,17],[-168,113],[25,46],[-55,65],[47,92]],[[25653,67900],[-364,-19],[-63,97]],[[31625,48731],[-162,-39],[-259,-129],[-148,-125],[-404,-194],[-182,9],[-328,-75],[-223,23],[-170,-128],[-35,-126],[-89,-62],[-109,45],[-85,-12],[-58,47],[-165,-11]],[[29208,47954],[19,-60],[-167,-57],[-19,-64]],[[29041,47773],[204,-100]],[[29245,47673],[96,-49],[-36,-105],[122,51],[49,-104],[180,-57],[218,-200],[-43,-36],[65,-129]],[[29896,47044],[20,-10]],[[29916,47034],[88,62],[33,97],[-49,74],[40,60],[142,114],[158,10]],[[30328,47451],[-33,97],[-103,89],[524,105],[469,252],[248,51],[166,88],[107,-19]],[[31706,48114],[37,26],[-44,113]],[[31699,48253],[-79,74],[-47,160],[140,40],[62,133],[-150,71]],[[26799,65695],[-346,-49],[-124,-135],[-72,31],[-164,-11]],[[26093,65531],[244,-215],[343,-88],[-78,-77]],[[26602,65151],[-4,-124],[89,-94]],[[26687,64933],[128,86],[250,53],[132,90],[49,-26]],[[27246,65136],[2,69],[-109,20],[-130,131],[-9,83],[-107,-7],[-37,63]],[[26856,65495],[-57,200]],[[31151,64805],[18,-119],[-85,-67],[-12,-105],[-166,86],[-189,-53],[-38,70]],[[30679,64617],[-289,50]],[[30390,64667],[-151,-5],[22,-125],[-80,-62],[-69,-154],[272,-156],[187,90],[121,-99]],[[30692,64156],[347,-1],[106,183],[202,47],[155,209],[24,190]],[[31526,64784],[-106,-6],[-179,89],[-90,-62]],[[29274,65913],[-90,-180],[-323,-143],[-97,18]],[[28764,65608],[-188,-13],[-35,-54],[49,-69],[-202,-55]],[[28248,65303],[-36,-61],[57,-129]],[[28269,65113],[-8,-51],[105,-106]],[[28366,64956],[223,38],[12,-25],[188,3],[222,128],[31,53],[-65,66],[18,48],[94,9],[17,32],[-59,62],[104,2],[25,-82],[159,-109]],[[29335,65181],[334,10],[123,55]],[[29792,65246],[-68,19],[-3,56],[-137,-24],[-89,171],[-228,182],[0,89],[48,21],[-41,153]],[[28366,64956],[-50,-48],[81,-160],[21,-317]],[[28418,64431],[153,-42],[-16,-98],[37,-25]],[[28592,64266],[100,-21],[69,39],[128,4],[83,-139],[231,-49]],[[29203,64100],[113,2],[224,-121],[119,-20],[195,-212],[72,16],[109,-31],[83,41],[278,-62],[149,17],[141,-107],[148,-36],[101,-110],[69,111],[132,49],[-184,188],[-22,92],[-126,44],[-94,110],[-18,85]],[[30390,64667],[-167,173]],[[30223,64840],[-235,26],[-131,87],[-95,-8],[-308,132],[-119,104]],[[29792,65246],[391,-19]],[[30183,65227],[84,29]],[[30267,65256],[-179,40],[-116,251],[-305,209]],[[29667,65756],[-167,28],[-226,129]],[[31128,49040],[-284,-209],[-250,-12],[-124,-141],[-63,-5],[-274,132],[-249,-102],[-21,-65],[-58,15]],[[29805,48653],[-106,-47],[-249,-17],[-148,-217],[-67,-9]],[[29235,48363],[-92,-137],[136,-189],[-71,-83]],[[31625,48731],[34,83]],[[31659,48814],[-12,93],[-96,25],[-8,43]],[[31543,48975],[-165,-33],[-156,112],[-94,-14]],[[30328,47451],[52,-60],[134,32],[285,-71],[705,77],[64,-73]],[[31568,47356],[451,165]],[[32019,47521],[24,65],[-130,94],[-44,148],[-80,75],[-73,-1],[58,131],[-68,81]],[[26535,47672],[-88,-98],[-110,-33],[-143,-208],[-267,-37]],[[25927,47296],[91,-63],[236,-55],[259,30],[-19,-74],[-111,-49],[-24,-60],[190,-182]],[[26549,46843],[274,172],[159,17],[114,135],[170,37],[169,184],[394,17],[97,-43],[151,66]],[[28077,47428],[-105,94],[-31,135]],[[27941,47657],[-240,70],[-229,189],[-148,6],[-181,73]],[[27143,47995],[-72,-32],[-54,125],[-167,52],[-173,-25]],[[26677,48115],[-191,49],[-179,-26],[154,-81],[-4,-106],[117,-100],[-39,-179]],[[28276,49039],[-99,-131],[-72,-29],[40,-86],[-143,-51]],[[28002,48742],[39,-104],[-53,-32],[-13,-164],[-59,-46],[-208,-22],[-167,-57],[-87,-79],[-219,-33],[-197,12],[-136,117]],[[26902,48334],[-78,6],[-64,-160],[-83,-65]],[[27143,47995],[161,79],[130,10],[59,-39],[73,35],[316,-26]],[[27882,48054],[170,84],[143,212],[171,80],[11,157],[120,94],[139,245],[187,-64]],[[28823,48862],[-72,107]],[[28751,48969],[-64,33],[-222,-25],[-189,62]],[[33666,50513],[44,-47],[-130,-59],[35,-54]],[[33615,50353],[103,-21],[113,66],[198,-5],[122,52],[249,-27],[175,37]],[[34575,50455],[3,200]],[[34578,50655],[-167,79],[-113,-12],[-173,164],[-243,132]],[[33882,51018],[-93,-74],[47,-48],[-28,-89],[53,-32],[0,-71],[-90,-153],[-105,-38]],[[33935,50144],[104,-56],[112,100],[69,-140],[-76,-17],[69,2],[73,-65],[-38,-145],[-111,-13],[-33,-79],[-72,20],[-62,-72],[39,-71],[-88,-33],[-399,9]],[[33522,49584],[397,-161],[131,9]],[[34050,49432],[31,72],[120,83]],[[34201,49587],[75,139]],[[34276,49726],[70,37],[38,98]],[[34384,49861],[78,71],[-12,295]],[[34450,50227],[-93,57],[-86,2],[-180,-46],[-156,-96]],[[33935,50144],[-64,-50],[-96,-11]],[[33775,50083],[-124,54],[-170,-70]],[[33481,50067],[-74,-158],[91,-133],[-45,-133],[69,-59]],[[32556,45099],[-67,-125],[43,-59],[-32,-36],[-321,-22],[-244,-130]],[[31935,44727],[50,-113],[170,-30],[-36,-90]],[[32119,44494],[117,-127],[214,233],[170,59],[101,-26],[71,-54],[-35,-55],[79,-78],[-49,-182],[197,-281]],[[32984,43983],[55,-62]],[[33039,43921],[136,94],[-118,148]],[[33057,44163],[0,55],[94,78],[97,17],[67,192]],[[33315,44505],[4,108],[-97,32],[-73,99],[-182,98],[-95,118],[65,157]],[[32937,45117],[-139,24],[-45,78],[-45,-71],[-152,-49]],[[32671,46497],[29,-242],[63,-123],[13,-55],[-121,-89],[-227,56],[-18,-29],[32,-101],[-58,-52],[141,-79],[-55,-98],[8,-101],[-59,-59],[39,-52],[-81,-82],[130,-124],[-66,-138],[115,-30]],[[32937,45117],[299,-60],[186,42],[12,64],[113,51],[-41,44],[22,103],[-60,27],[-13,69],[96,52],[22,73],[112,19],[166,114],[111,12]],[[33962,45727],[2,136],[-151,71],[62,50],[-18,76],[-127,42],[-81,211],[-194,88],[-57,71]],[[33398,46472],[-162,42],[-77,-35],[-130,35]],[[33029,46514],[-162,33],[-196,-50]],[[31622,44907],[-176,-19],[56,-73],[-84,-88],[-95,50],[-175,24],[-104,77],[-402,-79]],[[30642,44799],[-91,-45],[-119,0]],[[30432,44754],[265,-116],[182,-159]],[[30879,44479],[346,-23],[205,-85],[136,-167]],[[31566,44204],[213,-155]],[[31779,44049],[74,86],[120,13],[45,49]],[[32018,44197],[-51,141],[58,140],[94,16]],[[31935,44727],[-148,120],[-165,60]],[[28826,44474],[-51,-82],[27,-68],[-149,-124],[-19,-356]],[[28634,43844],[160,-28],[215,-95],[154,122],[90,-27],[170,-196],[-5,-110]],[[29418,43510],[302,-38],[303,16],[51,130],[105,32],[22,53],[147,9]],[[30348,43712],[26,213],[94,64],[-24,45],[54,63]],[[30498,44097],[-203,98],[-215,-106],[-87,19],[-14,60]],[[29979,44168],[-311,145]],[[29668,44313],[-80,-72],[-116,69],[-122,-21],[-207,89],[-259,43],[-58,53]],[[34578,47227],[-128,-60],[-81,10],[-72,-70],[5,-86],[86,-96],[-34,-13],[-395,305]],[[33959,47217],[-83,-27],[-11,-52],[81,-53],[-41,-29],[23,-165],[-87,-82],[-85,-21],[15,-67],[-99,-38],[-125,28],[-181,-50],[32,-189]],[[33962,45727],[126,-192],[205,-112],[-15,-134],[134,-143],[41,-125],[62,-8],[61,57],[85,11],[153,-133]],[[34814,44948],[91,25]],[[34905,44973],[189,-7],[68,122],[140,-41],[82,82],[283,12],[-37,184]],[[35630,45325],[-25,155],[-70,63]],[[35535,45543],[-12,118],[93,160],[-222,161],[-1,107],[-244,257],[29,19]],[[35178,46365],[-156,202]],[[35022,46567],[-91,129],[-8,164],[-81,33],[-43,109],[-134,78],[-87,147]],[[33315,44505],[239,-21],[532,69],[263,-32],[281,61],[81,54],[131,-44]],[[34842,44592],[-28,356]],[[33592,44058],[125,-38],[5,-45],[-44,-44],[-288,-90],[37,-168],[-284,97],[-164,-14],[-60,-46]],[[32919,43710],[-20,-84]],[[32899,43626],[-66,-75],[0,-83]],[[32833,43468],[-62,-77],[7,-220]],[[32778,43171],[-125,-83]],[[32653,43088],[105,-123]],[[32758,42965],[11,101],[195,73],[93,135],[206,118],[9,70],[163,106],[5,63],[69,18],[73,107],[73,20],[84,-29],[213,67],[123,108],[11,116]],[[34086,44038],[-187,123],[-307,-103]],[[33057,44163],[111,50],[263,-33],[161,-122]],[[34086,44038],[43,25],[32,-52],[258,-76],[233,147],[235,23]],[[34887,44105],[9,29]],[[34896,44134],[2,171],[-89,71],[33,216]],[[29164,49686],[-39,-80],[-122,-35],[-181,-9]],[[28822,49562],[-273,-6],[-84,-52],[-55,-211],[-239,-110]],[[28171,49183],[116,-82],[-11,-62]],[[28751,48969],[119,19],[98,74],[73,115],[-12,68]],[[29029,49245],[31,69],[186,92]],[[29246,49406],[-88,50],[8,95],[248,41],[99,-125]],[[29513,49467],[270,37],[134,139],[146,132]],[[30063,49775],[4,173],[-116,27]],[[29951,49975],[-247,-43],[-117,-75],[-88,16],[-335,-187]],[[29513,49467],[-94,-103],[-173,42]],[[29029,49245],[303,58],[138,-143]],[[29470,49160],[182,72],[121,-92]],[[29773,49140],[43,73],[77,-101],[136,18],[310,164],[632,148],[329,-101],[112,-178],[95,-25]],[[31507,49138],[122,156]],[[31629,49294],[-52,76],[-498,116],[-159,86],[-182,-13],[-149,63],[-235,-33],[3,80],[-87,25],[-153,-19],[-54,100]],[[29773,49140],[-95,-88],[-2,-59]],[[29676,48993],[192,-41],[98,76],[370,14],[56,35],[86,-18],[171,88],[220,-26],[141,50],[-7,-52],[125,-79]],[[31543,48975],[-36,163]],[[31311,51188],[-37,-50],[52,-394],[-35,-35]],[[31291,50709],[-32,-267]],[[31259,50442],[73,1],[118,-97],[178,-32],[72,-142],[138,-62],[0,-48],[119,10],[95,-67],[27,-76]],[[32079,49929],[160,47],[160,172],[105,13]],[[32504,50161],[26,-2]],[[32530,50159],[38,142],[-53,27],[5,109]],[[32520,50437],[-117,126],[-181,83],[-38,86],[-332,119],[-173,246],[-368,91]],[[23387,49609],[-173,-213],[17,-114],[-112,-54]],[[23119,49228],[100,-243],[263,-348],[311,-254],[75,4],[90,-66],[-69,-104],[52,-150],[-67,-78],[23,-78],[-203,-79],[66,-154],[93,-39],[5,-44],[-1,-169],[-105,-91]],[[23752,47335],[79,-6],[8,-62],[59,-7],[46,-89],[-21,-74],[165,-92],[14,-63],[212,-83],[159,-138]],[[24473,46721],[36,90],[374,166],[232,184],[174,18],[279,-50],[230,171],[129,-4]],[[26535,47672],[-218,25],[-275,92],[-174,-28],[-168,18],[-23,146],[-137,151],[-371,107],[-40,87],[-112,64]],[[25017,48334],[-74,-2],[-87,55],[-348,13],[-173,144],[24,302],[129,79],[46,140],[-108,142],[1,71],[-72,32],[28,86],[64,20],[-14,68],[143,77],[147,-2],[47,99],[103,57]],[[24873,49715],[-300,212]],[[24573,49927],[-152,-21],[-225,60],[-156,-119],[-145,35],[-221,-174],[-76,-11],[9,-70],[-220,-18]],[[25017,48334],[377,151],[183,198],[130,-39],[172,186],[111,-5]],[[25990,48825],[241,158],[-450,253],[51,60],[-8,109],[-58,62],[49,96]],[[25815,49563],[-204,55],[-193,1],[-73,39],[-211,-61],[-102,95],[-159,23]],[[21241,75632],[-92,-44],[-115,-134],[43,-156],[-49,-44],[56,-80],[-195,-56],[-201,-157]],[[20688,74961],[108,-88],[215,-87],[105,53],[109,-56],[-45,-141],[61,-17],[33,-71],[-66,-37],[-39,-162],[132,-27],[-22,-96],[82,-58],[-168,-188],[79,-186],[-94,-119],[-10,-269],[-141,-227],[-121,-106],[96,-60],[116,5],[86,-304],[-135,-181],[-178,-26],[-31,-88],[-90,-29],[-121,-345],[62,-278],[74,-137],[75,-34],[-7,-149],[242,-44],[101,-161],[121,-14]],[[21317,71234],[256,373],[92,36],[16,108],[182,-238],[98,-21],[178,103],[9,120],[54,53],[142,50],[142,114],[179,16],[67,-119],[90,-33],[-12,-118],[244,-42],[135,-124],[-39,-78],[69,-189],[-35,-69],[139,-88],[22,-68],[359,-331],[59,-201],[-33,-152],[68,-83]],[[25420,71039],[74,4],[176,298],[54,117],[-64,76],[149,234],[-116,94],[-31,91],[-171,31],[-30,62],[36,86],[-73,-20],[-290,146],[-123,13],[32,109],[80,5],[45,63],[-234,17],[-223,270],[133,196],[264,26],[-2,123],[-117,88],[-35,83],[41,88],[102,23],[152,182],[-2,190],[69,35],[-186,222],[51,43],[-23,74],[-116,95],[70,25],[201,330],[-106,179]],[[25207,74737],[-52,-10],[-17,48],[-93,-23],[50,103],[-102,48],[-78,-14],[-128,-104],[-137,11],[-149,-41],[-314,-325],[-51,94],[54,124],[-86,109],[-96,-65],[-119,-12],[-147,41],[-88,-65],[-83,13],[-16,60],[-148,102],[-416,-65],[-213,68],[-195,-8],[-43,103],[-404,240],[-252,36],[-138,-122],[-59,-7],[-75,228],[59,148],[-79,33],[-74,113],[-145,-15],[-50,51],[-82,-2]],[[23119,49228],[-110,-94],[-127,22]],[[22882,49156],[2,-60],[144,-19],[-27,-33],[-123,-10],[-41,-67],[-1,-36],[54,-8],[15,-139],[66,-3],[-2,-50],[81,12],[-11,-59],[126,36],[94,-89],[-7,-56],[-86,-12],[-56,-37],[19,-38],[-64,-19],[79,-14],[-16,-116],[96,-121],[-54,-54],[197,-153],[-36,-38],[45,-84],[-56,-27],[87,-130],[-50,-96],[21,-20],[50,40],[120,-49],[60,-119],[134,-65],[-30,-47],[40,-41]],[[26788,48907],[-177,-151],[-297,-131],[-271,136],[-53,64]],[[26902,48334],[23,67],[-143,37],[141,63],[116,148]],[[27039,48649],[-205,167],[-46,91]],[[27357,54376],[-128,-26],[-29,-227]],[[27200,54123],[85,-84],[-83,-121],[18,-130],[203,-148],[-45,-355]],[[27378,53285],[156,27],[299,-295]],[[27833,53017],[129,-16],[60,-133]],[[28022,52868],[32,-24],[186,81],[221,14]],[[28461,52939],[56,135],[93,24],[-54,83],[102,54]],[[28658,53235],[-115,63],[19,36],[151,43],[-14,37]],[[28699,53414],[-6,70],[-181,89],[48,59],[-24,53],[65,49],[-259,183],[-44,95],[-185,104],[-2,71],[78,51],[-32,83],[-116,42],[-65,-40],[-132,120]],[[27844,54443],[-425,-121],[-62,54]],[[27030,53105],[-54,-86]],[[26976,53019],[-190,-84],[-89,-112],[-156,-66],[-63,7]],[[26478,52764],[0,-19]],[[26478,52745],[126,-40],[121,-159],[176,-100]],[[26901,52446],[67,42],[-24,38],[62,94],[120,46],[79,123],[624,125],[193,-46]],[[27833,53017],[-58,-58],[-239,-20],[-506,166]],[[32079,49929],[-5,-166],[-101,-50],[2,-169],[-129,-56],[-137,28],[-51,-46],[33,-83],[-62,-93]],[[31659,48814],[68,-44],[336,-21],[119,-44],[414,-6],[121,73],[182,-48]],[[32899,48724],[137,189]],[[33036,48913],[-192,329],[13,511],[-284,284],[-69,124]],[[31259,53755],[-348,-154]],[[30911,53601],[-175,-78],[-108,-116],[-149,-54],[-85,25]],[[30394,53378],[-112,-79],[-114,-214],[11,-196],[134,-97]],[[30313,52792],[221,-61],[150,-152]],[[30684,52579],[115,48],[116,135],[180,104],[356,61],[227,-36],[183,82],[19,42]],[[31880,53015],[-59,53],[48,236],[-60,104],[-116,81],[-35,61],[35,61],[-51,18]],[[31642,53629],[-137,-15],[-246,141]],[[30684,52579],[87,-157],[70,-16],[128,48],[62,-135]],[[31031,52319],[494,209],[186,26],[224,132],[146,-64],[114,10]],[[32195,52632],[-35,164],[-78,95],[9,92],[-211,32]],[[29916,47034],[87,-151]],[[30003,46883],[94,47],[192,-42],[98,88],[230,71],[279,3],[228,132],[121,-52],[190,71],[47,138],[86,17]],[[32164,47303],[-462,-148],[-92,11],[-152,-133],[-210,-69],[-107,-156],[-127,33],[-327,-7],[-21,-46],[-220,-61],[-81,-127],[-76,-13]],[[30289,46587],[-42,-97],[78,-11],[44,-187]],[[30369,46292],[52,-15],[-11,-48],[106,-110],[44,-188]],[[30560,45931],[87,-73]],[[30647,45858],[75,-81]],[[30722,45777],[174,-152],[212,-85]],[[31108,45540],[217,-53],[19,-191],[67,-21],[61,-134],[116,-89],[34,-145]],[[32671,46497],[-124,28],[-30,54],[-81,-15],[-70,95],[-144,-6],[43,122],[-55,66],[116,141],[-42,118],[67,69],[-187,134]],[[29788,46301],[-44,-117],[-160,-85],[-156,-154]],[[29428,45945],[-93,-93],[-14,-111],[-101,-62],[-54,-196]],[[29166,45483],[82,-18]],[[29248,45465],[297,163],[174,3],[56,44],[136,-27],[88,67],[79,2],[171,121],[42,77],[83,8],[91,-48],[95,56]],[[30369,46292],[-193,-6],[-37,47],[-124,-10],[-110,37],[-117,-59]],[[29694,45340],[9,-333],[136,-114],[-82,-132],[82,-42],[-49,-69],[32,-33]],[[29822,44617],[17,28]],[[29839,44645],[112,210],[112,86],[-8,83],[90,118],[119,99],[82,17],[99,340],[105,76],[5,58],[167,45]],[[30647,45858],[-303,-135],[-415,-337],[-140,-4],[-95,-42]],[[33036,48913],[86,109],[13,170],[-62,121],[77,51],[-13,90],[82,56],[88,6],[202,-121],[172,28],[224,-33],[127,37]],[[34032,49427],[18,5]],[[33481,50067],[-146,-63],[-60,16],[-250,-62],[-120,162],[-130,70]],[[32775,50190],[-118,24],[-127,-55]],[[32969,48363],[-321,-47],[-160,-83],[-40,66],[-122,6],[-78,-44],[-99,61],[-170,-62],[-136,42],[-144,-49]],[[32019,47521],[163,-170],[-18,-48]],[[33029,46514],[69,167],[-48,75],[40,83],[-40,244],[49,221],[-120,94],[-198,-12],[-103,65],[-28,65],[-75,20],[-24,66],[111,51],[80,93],[23,219],[204,398]],[[35473,50395],[48,-110],[-12,-221],[-103,-82],[-67,-293]],[[35339,49689],[48,-55]],[[35387,49634],[47,-9]],[[35434,49625],[86,47],[112,162],[206,60],[220,180]],[[36058,50074],[-88,132],[-166,115],[-231,47]],[[35573,50368],[-100,27]],[[33846,49254],[-41,-108],[-107,-77],[-47,14],[-60,-56],[-41,35],[-66,-60],[-49,60]],[[33435,49062],[-109,-11],[-112,-100],[-178,-38]],[[32899,48724],[304,-181],[147,23],[124,-151],[149,-42],[-44,-43],[72,-43],[110,-8],[71,99],[180,21]],[[34012,48399],[-75,67],[-84,210],[110,172],[-58,128]],[[33905,48976],[-67,139],[8,139]],[[32969,48363],[65,121],[-97,87],[-38,153]],[[34575,50455],[25,-94],[-37,-42]],[[34563,50319],[539,-414]],[[35102,49905],[138,-112],[-15,-92],[114,-12]],[[35473,50395],[-296,44],[-225,84],[-158,128]],[[34794,50651],[-97,28],[-119,-24]],[[26924,46594],[-195,-150],[-463,-78],[-94,36],[-174,-10],[-127,-103],[-212,-31],[-13,-97],[-95,-61],[-7,-80],[-61,-22],[-63,61],[-128,15],[-20,-77],[-275,-133],[-18,-75],[-133,-116],[-136,-42]],[[24710,45631],[0,-138],[51,0],[-14,-38],[124,-93],[0,-140],[78,-92],[-16,-58],[-111,-20],[-24,-47],[91,-31],[78,-175],[257,-157],[65,-3],[75,-106],[92,-28],[39,-111],[74,-48],[-37,-65],[86,-34],[-48,-157],[239,-145],[-37,-25],[59,-68],[-9,-135],[352,-160],[78,-125],[-93,-31],[-15,-44],[268,-154],[44,-106],[91,-67],[-18,-119],[207,-88],[246,-193],[58,-108],[-62,-30],[177,-231]],[[27155,42261],[252,196],[115,45],[316,-95],[68,8],[48,64],[107,2],[6,306],[-222,209],[88,111],[182,96],[-26,58],[62,-7],[18,85],[62,42],[-52,430],[32,34],[423,-1]],[[28826,44474],[11,119],[123,208],[-116,39],[-205,-22],[-12,192],[-142,89],[-33,74],[93,144],[-197,53],[-117,-17],[-163,113],[-35,129],[87,63]],[[28120,45658],[-127,130]],[[27993,45788],[-203,26]],[[27790,45814],[-234,0],[-137,-70],[10,142],[80,28],[122,157]],[[27631,46071],[-8,197],[-132,186],[86,19],[-7,24],[-160,105],[-169,32],[-192,-64],[-125,24]],[[26942,51945],[0,-69],[104,-26],[37,-55],[-439,-234]],[[26644,51561],[71,-61]],[[26715,51500],[183,27],[85,-68],[200,37],[158,78],[139,-22]],[[27480,51552],[0,64]],[[27480,51616],[-191,122],[73,73],[-23,39],[-397,95]],[[26092,50786],[-24,-52],[-280,-143],[-21,-229],[91,-72],[116,-20],[76,-109],[79,-14],[-247,-49],[-207,25],[56,-75],[-8,-157],[69,-90],[172,-68]],[[25964,49733],[109,-26],[370,28],[142,-59],[68,40],[174,4],[193,-37],[65,-47],[145,60],[122,-4],[172,183]],[[27524,49875],[-100,129],[70,40],[-24,130],[-202,194],[-82,191]],[[27186,50559],[3,79]],[[27189,50638],[-225,40],[-69,85],[32,129],[-45,112]],[[26882,51004],[-170,176]],[[26712,51180],[-103,-17],[-193,-169],[-136,-24],[-188,-184]],[[27602,51765],[16,-39],[-138,-110]],[[27480,51552],[-28,-92],[63,-33],[62,-140],[-69,-98]],[[27508,51189],[200,65],[277,-150],[504,129],[109,11],[87,-40],[186,36],[142,70],[152,19],[141,-28]],[[29306,51301],[80,78],[123,8],[107,220]],[[29616,51607],[-28,36]],[[29588,51643],[-211,39],[-29,79]],[[29348,51761],[-362,-31],[-24,132],[-130,157],[-106,-47],[-236,32],[-266,-15],[-622,-224]],[[26325,52159],[-29,-45],[49,-106],[-94,-81]],[[26251,51927],[117,-36],[48,-201],[132,-24],[96,-105]],[[26942,51945],[-108,43],[-5,44],[-242,201],[-232,-37],[-30,-37]],[[26901,52446],[384,-88],[134,-89],[69,-95],[-78,-39],[-7,-51],[126,2],[74,-50],[55,-118],[-56,-153]],[[29348,51761],[62,12],[44,84],[-22,114],[136,105],[-73,116],[67,122],[-91,73]],[[29471,52387],[-69,69],[-107,-33],[-240,146],[-81,4],[-64,101],[-69,23],[7,43],[-387,199]],[[51812,23102],[58,-138],[-82,-100],[-463,-241],[-3,-58],[-137,8],[-125,-65],[-295,-242],[-233,-98],[-133,15],[-380,-267],[-125,-16],[-52,-96],[55,-140],[-45,-103],[-115,-100],[-229,-56]],[[49508,21405],[-136,-99],[13,-50],[-208,-112],[-13,-48]],[[49164,21096],[418,70],[208,152],[137,47],[90,98],[70,-9],[143,68],[136,-3],[346,118],[183,171],[84,-3],[35,-41],[169,25],[430,267],[177,48],[1,116],[132,66],[123,-6],[64,57],[212,39],[159,-23],[187,120],[146,-24],[-36,-55],[31,-59],[185,0],[87,45],[67,-30],[156,9]],[[53304,22359],[-36,71],[41,43],[181,38],[261,169],[300,97],[39,148]],[[54090,22925],[-437,37],[-108,-99],[-232,79],[-15,79],[-111,-28],[-38,43],[-251,-25],[-98,102],[113,149],[-143,-22],[-56,43],[-206,40],[-40,65],[-162,-58],[-1,-88],[-90,-35],[-55,27],[-29,-99],[-235,-49],[-84,16]],[[54274,21033],[-157,-115],[-283,-28],[-254,-107],[-170,12],[-100,-31],[-37,126],[-134,12],[-22,-71],[-129,-43],[-412,-25],[-231,-93],[-122,11],[-282,-101],[-344,-182]],[[51597,20398],[-208,-105],[-111,-117],[-142,-54],[1,-120],[68,-42],[-47,-40]],[[51158,19920],[-12,-33],[112,-50],[37,-93],[187,-92],[200,124],[218,2],[267,107],[-145,-111],[-33,-130],[-112,-57],[-25,-104],[-70,-40],[133,-124],[206,6],[56,-28],[-295,-61],[14,-78],[143,1]],[[52039,19159],[-13,24],[10,-47],[92,54],[213,-8],[139,-123],[-38,-67],[56,-31]],[[52498,18961],[905,552],[560,279],[235,35],[57,143],[267,81]],[[54522,20051],[-136,51],[36,56],[217,94],[77,147],[141,33],[-27,65],[-220,94],[-336,442]],[[50745,23192],[57,-62],[-23,-91],[-49,-18],[35,-40],[-209,-302],[-396,-260],[-129,-1],[-220,-160],[-139,51]],[[49672,22309],[-138,-114],[-174,-66],[-83,7],[-92,-82],[-111,-189],[23,-65],[-274,-312]],[[48823,21488],[163,-28],[-22,-34],[127,-37],[133,42],[284,-26]],[[51812,23102],[-91,164]],[[51721,23266],[-297,18],[-119,-29],[-131,115],[-86,-27],[-64,49],[-137,-49],[-142,-151]],[[31031,52319],[42,-33]],[[31073,52286],[164,-84],[176,47],[34,-27],[128,-182]],[[31575,52040],[137,-103]],[[31712,51937],[102,14],[95,-80]],[[31909,51871],[26,36],[231,24],[123,-113],[154,61],[311,26]],[[32754,51905],[14,67]],[[32768,51972],[-165,102],[-85,182],[-130,62]],[[32388,52318],[-33,145],[-166,90],[6,79]],[[62420,19548],[134,-199],[-45,-74],[8,-163],[-123,-123],[275,-163],[23,-54]],[[62692,18772],[322,114],[454,-10],[122,44],[87,-21],[22,-52]],[[63699,18847],[344,-60],[103,-71],[48,73],[236,-5],[76,63],[112,12],[32,64],[134,72],[-99,89],[79,71],[182,-4],[87,74],[105,24],[138,-7],[166,-124],[151,-31]],[[65593,19087],[82,88],[7,134],[83,62],[103,-14],[382,260],[81,4],[91,-67],[187,-11],[102,58],[202,9]],[[66913,19610],[-64,161],[-78,24],[-16,97],[-344,58],[-58,67],[-141,-54],[-155,68],[-152,169],[-189,-58],[-149,173]],[[65567,20315],[-199,42],[4,-180],[-165,-53],[-276,82],[-95,-105],[43,-87],[-54,-38],[-76,7],[-19,53],[-234,41],[-199,-62],[-95,-110],[-220,23],[-80,-46],[-277,1],[-189,-132],[-166,96],[-156,-5],[-177,73],[-59,113],[-48,9],[-57,-90],[-148,-98],[-112,-270],[-93,-31]],[[31566,44204],[-255,-196]],[[31311,44008],[0,-113],[-224,-221],[-131,-63],[-134,28],[-51,-27]],[[30771,43612],[-71,-378],[-183,-284],[25,-44],[-85,-241]],[[30457,42665],[376,48]],[[30833,42713],[-64,200],[63,18],[18,188],[172,178],[107,42],[284,7],[111,101],[153,60],[253,-22]],[[31930,43485],[190,164]],[[32120,43649],[-103,97],[6,74]],[[32023,43820],[-50,65],[-261,-6],[67,170]],[[31995,43469],[25,-40],[-81,-80],[-403,-145],[-26,-52],[-329,-163],[-235,-56],[-53,-68],[30,-152],[-88,-75]],[[30835,42638],[-38,-385],[163,52],[189,-41],[261,27]],[[31410,42291],[17,-8]],[[31427,42283],[50,65],[141,44],[82,113],[151,61],[159,-25]],[[32010,42541],[-89,132],[138,157],[-31,196],[68,110],[-67,61],[42,28]],[[32071,43225],[44,98],[-64,44],[20,85],[-76,17]],[[62483,25913],[-43,-122],[42,-55],[-38,-86],[-77,-43],[-16,-172],[-48,-19],[50,-126],[-31,-75]],[[62322,25215],[-38,-346],[176,-95],[-52,-65]],[[62408,24709],[105,-108],[-57,-237],[291,-54],[144,-89],[17,-61]],[[62908,24160],[171,106],[141,32]],[[63220,24298],[-214,74],[-113,133],[-8,188],[-231,355],[91,130],[-24,137],[48,39],[296,-91],[52,-47],[113,-9]],[[63230,25207],[-67,49],[-17,79],[-120,71],[-99,-2],[-37,108],[-85,38],[-1,81],[-281,281]],[[62523,25912],[-40,1]],[[59172,25510],[-158,-64],[-109,42],[-87,-7],[-34,-106],[-94,-68],[-227,-26],[-642,92]],[[57821,25373],[-3,-99],[153,-136]],[[57971,25138],[175,-225],[165,-64]],[[58311,24849],[188,174],[197,27],[152,-69],[172,2],[120,-38],[97,-91],[141,-11]],[[59378,24843],[-2,38],[240,49],[17,40],[77,-9],[21,53]],[[59731,25014],[-341,15],[-160,54],[-41,105],[73,145]],[[59262,25333],[-91,54],[1,123]],[[31410,42291],[-161,-174],[-101,-6],[-175,-209],[-12,-73],[143,-91]],[[31104,41738],[159,-45],[-142,-117],[-25,-84],[-125,-83],[-177,1],[-109,-192],[-153,-39],[-32,-328],[142,-251]],[[30642,40600],[49,52],[146,0],[47,99],[106,56],[76,-12],[115,-93],[205,52],[78,-99],[109,-3]],[[31573,40652],[151,35],[120,-27],[172,-130],[137,20],[298,-232],[110,11],[54,45]],[[32615,40374],[0,150],[207,63],[24,250],[70,97],[-138,253],[-115,21],[83,140],[84,12],[53,65],[308,79],[196,13],[81,-29]],[[33468,41488],[42,52],[149,0],[213,61]],[[33872,41601],[90,145],[99,5],[-1,51]],[[34060,41802],[-111,96],[-178,-5],[-69,-70],[-221,138],[-163,-30],[-165,139]],[[33153,42070],[-93,0],[-117,-111],[-167,-14],[-185,-93],[-143,53],[-263,-32],[-96,58],[-310,69],[-232,228],[-120,55]],[[29345,39720],[-155,-39]],[[29190,39681],[-44,-50],[67,-29]],[[29213,39602],[125,65],[7,53]],[[34998,40997],[-79,-11],[-102,-78],[-72,39],[-241,-50]],[[34504,40897],[-112,-12],[-31,-65]],[[34361,40820],[94,4],[114,-82],[257,-68],[153,-151],[82,-14],[115,-86],[39,-181]],[[35215,40242],[172,-45],[216,60],[68,-139],[152,-99]],[[35823,40019],[82,97],[-38,429]],[[35867,40545],[-97,21],[-425,269],[-223,73],[-124,89]],[[30457,42665],[-210,-142],[-352,45],[-49,-52],[-171,-31],[-78,-70]],[[29597,42415],[21,-169],[-68,-39],[-3,-93],[-60,-37],[130,-93]],[[29617,41984],[-3,-173],[90,-82],[-122,-78]],[[29582,41651],[-99,-343],[531,281],[123,5],[105,-66],[71,6],[393,117],[164,-35],[234,122]],[[30835,42638],[-2,75]],[[62977,24103],[-109,-151],[41,-143],[-190,-217],[45,-222]],[[62764,23370],[77,21],[73,-37],[115,10],[158,-62],[248,-245]],[[63435,23057],[68,208],[329,198]],[[63832,23463],[-116,39],[-243,375],[-81,52],[-20,125],[-133,68],[-262,-19]],[[70049,25049],[-87,-144]],[[69962,24905],[-129,-143],[48,-180],[-81,-163]],[[69800,24419],[238,-219],[-46,-271],[120,-182],[-35,-69]],[[70077,23678],[207,-81],[19,-134],[-42,-64],[76,-69],[129,44],[64,-45],[156,-5]],[[70686,23324],[72,-11],[70,106],[150,47]],[[70978,23466],[-30,208],[32,82],[-83,117],[138,303],[163,85],[-58,77],[45,84]],[[71185,24422],[-105,64],[-11,119],[-148,130],[-418,1],[58,101],[-77,97],[-435,115]],[[73128,23166],[-312,-67],[-207,57],[-106,-70],[-61,-136]],[[72442,22950],[14,-30],[-221,-171],[-378,37],[-59,-35],[-6,-74],[-280,-68],[-79,-153],[-176,-52],[-57,-95],[-128,7],[-151,-65],[-95,-150]],[[70826,22101],[48,-13],[49,-110],[-156,-54],[-80,-81],[25,-80],[-44,-17],[12,-322],[93,-45]],[[70773,21379],[131,44],[168,-70]],[[71072,21353],[235,92],[-39,71],[358,43],[78,297],[116,-4],[68,83],[73,16],[11,60],[146,38],[7,49],[125,71],[-2,86],[74,64],[246,45],[113,54]],[[72681,22418],[239,202],[70,7],[-147,186],[267,174],[34,87],[-58,53],[42,39]],[[72874,24385],[-72,-171],[42,-155],[-94,-103],[63,-115],[-96,-156],[-67,-51],[-72,15],[-93,-43],[-299,-29],[-116,-180]],[[72070,23397],[-81,-278],[186,-16],[-4,-84],[62,-58],[209,-11]],[[73128,23166],[4,2]],[[73132,23168],[-26,141],[-48,33],[38,168],[94,104],[-71,336],[36,165]],[[73155,24115],[-175,154],[-27,96],[-79,20]],[[70686,23324],[-58,-182],[206,-164],[-251,-137],[-37,-210],[-239,-20],[-362,149]],[[69945,22760],[-136,-102]],[[69809,22658],[147,-112],[140,-23],[65,-149],[131,-136],[248,-111],[79,-1],[76,78],[81,-99],[50,-4]],[[72070,23397],[-96,30],[-118,-45],[-167,12],[-149,-125],[-62,54],[-131,32],[-28,81],[-92,35],[-144,-39],[-105,34]],[[29418,43510],[-278,-159],[-84,20],[-140,-53],[-22,-48],[-165,-37],[-12,-108],[-190,-207],[14,-66],[-79,4],[-10,-49],[-127,-48],[-53,-63],[-9,-142],[75,-55]],[[28338,42499],[69,86],[138,-41],[10,66],[117,47],[187,-9],[149,60],[210,153],[176,-33],[22,-51],[-123,-31],[5,-127],[-186,-91],[-56,-108],[56,-110],[147,-61],[2,65],[114,66],[222,35]],[[30771,43612],[-245,-31],[-150,57],[-28,74]],[[29220,55883],[-257,-110],[-142,13],[-137,-124],[-105,-17],[-53,-50],[-281,37],[-71,-50],[78,-124],[-116,-74],[-157,48],[-149,-45],[-39,47],[-83,13],[-213,-185],[-133,-24],[-5,-183]],[[27357,55055],[68,-20],[-128,-84],[-49,-116],[-185,-73]],[[27063,54762],[191,-197],[-6,-56]],[[27248,54509],[109,-133]],[[27844,54443],[454,118]],[[28298,54561],[34,73],[138,38],[-28,45],[157,128],[124,19],[128,-48],[91,26]],[[28942,54842],[190,212],[468,48],[84,126]],[[29684,55228],[-76,40],[16,96],[129,99],[-146,143],[-231,68],[-28,42],[51,64],[-120,29],[-59,74]],[[26710,55425],[-292,-54]],[[26418,55371],[-283,-62],[-102,-86]],[[26033,55223],[-66,-97],[-220,-81],[-21,-42],[-115,-14],[-102,-78]],[[25509,54911],[260,-98],[167,20],[90,-38]],[[26026,54795],[107,-30]],[[26133,54765],[45,153],[128,34],[228,11]],[[26534,54963],[121,9],[34,65]],[[26689,55037],[21,388]],[[29839,44645],[110,18],[133,135],[350,-44]],[[30642,44799],[45,89],[231,119],[64,118],[-78,105],[116,77],[88,233]],[[29668,44313],[-63,72],[2,145],[-56,41],[63,22],[-7,54],[67,53],[-52,112],[-130,120],[-322,127],[-110,95],[51,166],[90,39]],[[29201,45359],[47,106]],[[29166,45483],[-759,44],[-179,40],[-108,91]],[[30003,46883],[30,-146],[115,-37],[20,-65],[121,-48]],[[24399,52959],[-5,-191],[57,-143],[244,-240],[-119,-125],[-176,1],[-92,-52],[-52,-55],[7,-99],[62,-112],[340,-115],[-269,-165],[-13,-54],[97,-128],[272,-88]],[[24752,51393],[101,71],[-1,58],[36,39],[94,3],[46,73],[-71,128],[112,47],[407,-15],[47,58],[232,-79],[211,41],[186,119],[99,-9]],[[26325,52159],[-183,180],[7,92],[144,232],[71,66],[114,16]],[[26478,52764],[-139,29],[-151,89],[-154,-49],[-60,20]],[[25974,52853],[-83,54],[-74,-17],[-134,48],[-260,-17]],[[25423,52921],[-225,-73],[-139,20],[-93,-136],[-159,1],[-84,35],[1,78],[-77,74],[-94,-14],[-154,53]],[[24802,50817],[-72,-77],[32,-135],[-54,-56],[81,-148],[-28,-55],[-359,-208],[37,-114],[134,-97]],[[25815,49563],[82,148],[67,22]],[[26092,50786],[-295,34],[-75,-78],[-773,-153],[-143,79],[-36,63],[32,86]],[[24014,50958],[-119,-118],[70,-126],[-146,-115],[-198,-113],[-275,-58],[8,-87],[-72,-6],[-161,-128],[-82,1],[25,-50],[-75,-57],[-69,-30],[-85,34],[-181,-23],[-86,-56]],[[22568,50026],[134,-125],[66,-192],[154,-36],[194,48],[20,-45],[251,-67]],[[24802,50817],[-78,84],[49,133],[-60,106]],[[24713,51140],[-188,-22],[-65,-63],[-248,-56],[-98,29],[-100,-70]],[[22568,50026],[-101,-10],[-61,-54]],[[22406,49962],[28,-92],[-61,-184],[-123,-30],[-74,-72],[-60,13],[-4,-33],[209,-67],[5,-137],[149,-54],[-15,-63],[72,25],[-19,60],[108,9],[33,-61],[109,2],[41,-81],[15,27],[82,-24],[-19,-44]],[[21850,50261],[-104,-134],[-307,57],[41,-55],[-37,-28],[56,5],[16,-58],[88,-53],[102,5],[-53,-47],[65,-12],[-7,-43],[69,-18],[20,-65],[95,-34],[-29,171],[-76,54],[20,57],[95,37],[337,-19],[165,-119]],[[24014,50958],[-84,49],[-238,7],[-91,38],[-124,-61],[-175,26],[-172,-111],[-79,105],[-128,19],[-239,-102],[-198,-151],[-108,-6],[-165,-95],[-123,-17],[-60,-78],[-62,17],[-19,-45],[53,-67],[-108,-72],[-44,-153]],[[28298,54561],[302,-139],[2,-51],[160,-6],[131,-85],[64,-105]],[[28957,54175],[150,77],[210,4],[125,57]],[[29442,54313],[251,28],[91,198],[89,42]],[[29873,54581],[-53,29],[-255,-28],[-62,117],[-184,92],[-126,-20],[-57,51],[-194,20]],[[28957,54175],[168,-85],[198,14],[65,-66],[-126,-148],[22,-75]],[[29284,53815],[307,-257],[-6,-38],[-170,-166]],[[29415,53354],[170,-98]],[[29585,53256],[54,17],[224,-8],[121,81],[135,33],[275,-1]],[[30911,53601],[-67,74],[37,80],[-183,180],[-167,12],[-37,-47],[-139,-39],[-128,39],[-104,86],[-149,12]],[[29974,53998],[-106,-26],[-182,153],[-186,83],[-58,105]],[[30398,54788],[-313,-169],[-212,-38]],[[29974,53998],[-27,27],[112,69],[269,53],[109,-12],[159,139],[96,-23]],[[30692,54251],[-75,259]],[[30617,54510],[-8,4]],[[30609,54514],[-86,68],[-7,122],[-143,40],[25,44]],[[28699,53414],[101,118],[242,62]],[[29042,53594],[-50,33],[5,125],[179,-18],[108,81]],[[29349,53317],[41,-76],[-80,-83],[-264,-82],[-247,68],[-41,69],[-100,22]],[[29471,52387],[78,43],[-25,50],[110,66],[78,4],[161,134],[149,43]],[[30022,52727],[-56,79],[-118,38],[-65,172],[-269,83],[-2,86],[73,71]],[[29415,53354],[-66,-37]],[[29298,51097],[-116,-42],[-28,-47],[-179,-47],[-110,-87],[-90,9],[-149,-130],[-218,-74],[-44,36],[-95,-1],[-299,-105]],[[27970,50609],[78,-101]],[[28048,50508],[176,-364],[114,-36]],[[28338,50108],[276,177],[416,77],[-177,-48],[-16,-38],[-49,-84],[-116,6],[190,-81],[-16,-20]],[[28846,50097],[336,13],[276,233]],[[29458,50343],[-76,63],[21,63],[217,122]],[[29620,50591],[-134,189],[1,67],[109,73],[-56,33],[30,95],[-272,49]],[[28441,49934],[-228,-70],[-238,13]],[[27975,49877],[-120,-65],[-56,28],[-86,-14]],[[27713,49826],[-52,-72],[122,-84],[10,-187],[-110,-15],[-118,-107],[-167,-6],[-242,-102],[-184,-122],[-44,-136],[-140,-88]],[[27039,48649],[67,70]],[[27106,48719],[230,369],[214,104],[192,10],[88,39],[141,172],[-9,49],[-76,38],[10,50],[619,276],[5,96],[-79,12]],[[27713,49826],[-13,34],[-176,15]],[[28481,50023],[-53,-51],[13,-38]],[[27106,48719],[280,145],[180,-126],[436,4]],[[28171,49183],[-142,115],[66,164],[182,16],[149,73],[92,166],[191,122]],[[28709,49839],[-14,83],[-214,101]],[[29306,51301],[-56,-105],[48,-99]],[[29620,50591],[336,21],[59,-69],[262,-62]],[[30277,50481],[195,35],[56,60],[79,14],[119,160],[342,3],[223,-44]],[[31311,51188],[-238,-101],[-442,31],[-332,-97],[-238,14],[-286,108],[-61,173],[117,30],[19,74]],[[29850,51420],[-149,171]],[[29701,51591],[-85,16]],[[65602,26084],[208,-236],[255,-111],[77,-78]],[[66142,25659],[221,-197]],[[66363,25462],[112,21],[348,-150],[174,-8],[245,55],[172,-78],[155,106]],[[67569,25408],[41,105],[-34,39],[149,55],[37,90],[-89,84],[-380,138],[-123,77],[-61,107]],[[67109,26103],[-397,-323],[-193,226],[-167,74],[-108,103]],[[66244,26183],[-113,43],[-254,0],[-191,-131],[-84,-11]],[[65487,24456],[3,-69],[-122,-42],[-21,-42]],[[65347,24303],[66,-31],[9,-356],[89,-113],[-38,-77],[60,-90],[-49,-118],[49,-32],[-56,-83],[20,-62]],[[65497,23341],[-2,-61],[79,-44],[-25,-91]],[[65549,23145],[118,-44]],[[65667,23101],[115,127],[42,128],[322,210],[93,-4],[51,113],[-32,43],[83,7],[55,55],[-65,69],[-220,81],[-113,-2],[-50,167],[-292,177],[-169,184]],[[66203,24967],[-162,-78],[-35,-129],[-173,-162],[-1,-82],[-267,11],[-78,-71]],[[65667,23101],[193,12],[42,-66]],[[65902,23047],[248,-114],[112,82],[123,-60],[47,-109],[121,-17]],[[66553,22829],[43,132],[96,62],[-37,18],[25,42],[150,62],[-5,86],[322,7],[91,121],[56,11],[33,91],[-93,129],[52,115],[67,38],[0,110],[220,21],[41,85]],[[67614,23959],[-70,44],[39,85],[-104,125],[5,124],[-128,16],[-231,-44],[11,112],[-251,96],[-45,95],[-134,74],[-235,-29],[-88,23],[-13,83],[-125,95],[-42,109]],[[67675,26609],[-64,-113],[-260,-190],[-312,-121]],[[67039,26185],[70,-82]],[[67569,25408],[102,-35],[124,25],[72,-167],[109,-18],[15,-69],[106,-10],[-45,-95],[186,-56]],[[68238,24983],[71,31],[201,-3],[30,77],[252,44],[135,102],[123,0],[-9,-73],[182,-40],[403,23],[88,-23],[186,-118],[62,-98]],[[70049,25049],[95,451],[117,164],[179,52]],[[70440,25716],[-2,46]],[[70438,25762],[-170,149],[-235,33],[-115,66],[-182,-21],[-46,68],[-224,69],[-102,-30],[-94,88]],[[69270,26184],[-118,25],[-89,-60],[-151,1],[-51,84],[-106,5],[-105,58],[-81,-37],[-61,72],[-89,84],[-128,-47],[-292,114],[-56,59],[-98,-6],[-30,40],[-140,33]],[[65484,26928],[-29,34],[-98,8],[-129,-142],[-307,-60],[-90,80],[-121,-30],[-142,114],[-52,-30],[16,-58],[-91,-45]],[[64441,26799],[146,-34],[120,-201],[105,-16],[510,-228],[54,-55],[-3,-116]],[[65373,26149],[205,-13],[24,-52]],[[66244,26183],[238,3],[41,37],[150,21]],[[66673,26244],[176,123],[-38,73],[102,68],[63,141],[-138,138],[-22,147]],[[66816,26934],[-214,15],[-20,90],[-74,63]],[[66508,27102],[-212,27],[-411,-29],[-237,-190],[-77,-20],[-87,38]],[[66363,25462],[32,-42],[-81,-144],[-22,-237],[-89,-72]],[[67614,23959],[69,-17]],[[67683,23942],[178,109],[-112,118],[40,57],[177,60],[55,47],[190,44],[156,120],[121,43],[73,-28]],[[68561,24512],[-56,138],[56,35],[-17,63],[-125,42],[-12,57],[-126,53],[-43,83]],[[66142,25659],[-47,-6],[-215,-257],[-263,-71],[-119,31],[-175,-37],[-24,-40],[-72,7],[-101,-58]],[[65126,25228],[-36,-10],[9,-89],[-119,32],[-72,-107],[-142,55],[-99,-76],[-227,-55],[-92,-146]],[[64348,24832],[83,-66],[143,-36],[549,-408],[224,-19]],[[16349,70163],[-31,-94],[86,-28],[106,-108],[61,-6],[-98,-102],[-61,-202],[82,-123],[156,-83],[4,-40],[-115,-83],[59,-106]],[[16598,69188],[157,-159],[30,-97]],[[16785,68932],[51,-19],[135,37],[510,28],[340,-79],[198,49]],[[18019,68948],[-19,20],[94,21],[85,91],[132,58],[56,-32],[234,-4]],[[18601,69102],[-4,153]],[[18597,69255],[-90,129],[-176,22],[-98,75],[-6,59],[-249,82],[-157,-75],[-101,116],[-214,42],[-100,145],[-112,3],[-109,68],[-208,232],[-186,4]],[[16791,70157],[-108,-27],[-334,33]],[[18019,68948],[121,-493],[126,-115],[-27,-40],[-139,8],[-145,-47],[-235,-219],[-165,-96],[-48,-73],[64,-9]],[[17571,67864],[201,-81],[-96,-72],[-13,-211],[499,-231]],[[18162,67269],[85,56],[319,-7],[81,61],[334,-153],[196,-21]],[[19177,67205],[176,62],[38,47]],[[19391,67314],[75,77]],[[19466,67391],[119,308],[-33,50]],[[19552,67749],[-262,71],[-29,238],[-211,101],[-115,270],[-254,116],[82,238],[-15,134],[-70,24],[-77,161]],[[65373,26149],[145,-163],[-63,-90],[71,-88],[-62,-69],[-412,63],[-54,-39],[-153,9],[-27,-58]],[[64818,25714],[120,-138],[15,-130],[76,-11],[140,-56],[-43,-151]],[[61340,24162],[20,-146],[-40,-76],[-140,-94],[2,-98],[-142,-79],[-225,-1]],[[60815,23668],[-15,-87]],[[60800,23581],[-33,-89],[81,-112]],[[60848,23380],[163,27]],[[61011,23407],[87,132],[271,78],[254,5],[67,101],[-21,68],[-99,23],[-41,67],[293,148],[28,91],[-108,106],[-74,19],[-98,-74],[-151,33],[-79,-42]],[[62471,23174],[-194,-32],[-413,-179],[-133,9],[-81,76],[-237,9],[-51,79],[-88,-17],[-197,38]],[[61077,23157],[68,-188]],[[61145,22969],[196,-259],[61,-21],[10,-69],[163,-107],[29,-162],[60,-58],[-40,-223],[-85,-72],[-59,-192],[-142,-108],[-3,-129],[-45,-48],[-175,-34]],[[61115,21487],[88,-221],[151,-46],[-25,-86],[154,-59],[20,-85]],[[61503,20990],[77,-36],[16,-108],[109,-59]],[[61705,20787],[169,57],[-49,62],[12,172],[144,85],[-40,32],[32,126],[101,34]],[[62074,21355],[94,116],[-38,90],[204,144],[47,165],[404,147],[-57,120],[57,103],[-47,14],[13,58],[-49,41],[5,141],[-126,112],[8,121],[-162,46],[33,79],[84,0],[32,37]],[[62576,22889],[-65,64],[44,55],[-89,99],[5,67]],[[19707,62375],[-112,-186],[5,-146],[-153,-10],[-173,127],[-162,56],[-195,-100],[-72,-64],[5,-59],[-160,66],[-200,-55]],[[18490,62004],[85,-190],[-64,-78],[-128,-23],[298,-261],[-64,-45],[-276,-2],[-98,-78]],[[18243,61327],[-65,-146],[80,-100],[0,-74]],[[18258,61007],[220,-69],[247,12]],[[18725,60950],[87,-84],[78,15],[113,-48]],[[19003,60833],[25,2]],[[19028,60835],[221,188],[53,106],[-12,334]],[[19290,61463],[78,68],[-12,95],[89,69],[-15,56],[429,131]],[[19859,61882],[66,59]],[[19925,61941],[-160,175],[85,153],[-143,106]],[[60922,25240],[-180,-42],[-353,32]],[[60389,25230],[34,-41],[-135,-2],[-7,-47],[-302,-46]],[[59979,25094],[-71,8],[-104,-51]],[[59804,25051],[43,-155],[143,-160]],[[59990,24736],[216,-156]],[[60206,24580],[19,-64]],[[60225,24516],[295,148],[63,73],[202,-132],[218,-3],[-25,82],[199,17]],[[61177,24701],[-4,54],[-147,34],[122,151],[-26,106],[-148,109],[-6,85]],[[60968,25240],[-46,0]],[[63230,25207],[204,-209],[-5,-168],[201,-48],[103,19],[39,-32]],[[63772,24769],[202,-68]],[[63974,24701],[187,58]],[[64161,24759],[-1,49],[102,42]],[[64262,24850],[-19,67],[-120,36],[-103,113],[-76,22],[25,90],[102,50],[20,68],[-42,54],[86,123],[-230,184]],[[63905,25657],[-267,17],[-98,-47],[-134,81],[-71,-32],[-144,28],[-288,89],[-189,100],[-191,19]],[[60540,24093],[51,-67]],[[60591,24026],[42,-149],[134,-90],[48,-119]],[[61340,24162],[-89,-12],[-123,-97],[-70,157],[-123,-12],[-213,59],[-182,-164]],[[61975,26549],[-79,-130],[173,-181],[81,-248],[-328,78],[-66,-103]],[[61756,25965],[57,-154],[157,-95],[55,-112],[-105,-40],[-33,-78],[-115,-41],[0,-121]],[[61772,25324],[97,-14],[115,-112],[274,44],[64,-27]],[[62483,25913],[-52,36],[-11,162],[-53,59]],[[62367,26170],[-75,32],[-78,196],[-239,151]],[[62408,24709],[-136,-103],[-160,-17],[-182,36],[-75,-80],[-169,16],[-65,51]],[[61621,24612],[-187,13]],[[61434,24625],[-68,-124],[73,-244],[-65,-13],[-34,-82]],[[61011,23407],[216,20],[83,-23],[119,-115],[133,-13],[48,-110],[58,-17],[180,34],[81,86],[183,93],[372,126],[245,-144]],[[62729,23344],[35,26]],[[62977,24103],[-69,57]],[[47975,32991],[-168,-52]],[[47807,32939],[159,-119],[-170,-100],[11,-106],[121,-126],[-422,-86]],[[47506,32402],[-156,-204],[44,-119],[-30,-49]],[[47364,32030],[120,35],[93,-33],[160,100],[201,21],[194,-65],[112,87],[-82,108],[64,163]],[[48226,32446],[9,72],[-48,28],[74,31]],[[48261,32577],[-52,280]],[[48209,32857],[-35,50],[-199,84]],[[63220,24298],[148,30]],[[63368,24328],[101,22],[27,132],[132,92],[0,55],[144,140]],[[66471,21675],[41,-153],[90,-26],[161,-128],[-15,-38],[166,-130],[-35,-165],[19,-54],[66,-14],[17,-97],[92,6],[157,-97],[-120,-137],[38,-52],[101,2],[97,-137],[18,-246]],[[67364,20209],[152,-79],[230,110],[125,3],[8,-179],[211,-13],[56,-52],[306,107]],[[68452,20106],[-15,77],[104,23],[16,72],[70,-10],[-22,92],[70,29],[-4,77],[-26,59],[-114,64],[19,81],[-90,52],[0,169],[-62,119],[114,105],[-109,10],[-35,110]],[[68368,21235],[35,83],[-252,139],[-293,38],[-178,82],[-19,43],[-148,37],[-119,-40],[-178,56],[-259,14],[-102,45],[-26,61],[-175,67],[-131,-23],[-52,-162]],[[67683,22341],[-92,-15],[-60,-84],[-211,-79],[-32,120],[-70,-9],[-26,36],[-209,-78],[-90,32],[-110,-20],[-77,57]],[[66706,22301],[-247,-24],[-180,-113],[-13,-145],[-163,-53],[180,-230]],[[66283,21736],[188,-61]],[[68368,21235],[166,59],[-19,100],[-73,34],[28,48],[-104,110],[224,175],[-15,53]],[[68575,21814],[-222,13],[-87,-43],[-83,25],[-22,52],[-162,25],[109,123],[-107,71],[4,170],[-173,87],[-99,-24],[-50,28]],[[66283,21736],[-69,-29],[-147,27],[-232,-74],[-241,-184]],[[65594,21476],[46,-40]],[[65640,21436],[214,-82],[10,-48],[-62,-45],[-4,-91],[-77,-52],[53,-196],[-41,-76],[95,-54],[-87,-42],[42,-70],[-55,-93],[-136,-24],[-25,-248]],[[66913,19610],[3,0]],[[66916,19610],[102,125],[42,193],[304,281]],[[69773,22666],[-78,-44],[-107,6]],[[69588,22628],[-81,-79],[-221,-50],[-188,-130],[-244,88]],[[68854,22457],[-103,-148],[0,-87],[-97,-7]],[[68654,22215],[22,-134],[-112,-95],[83,-98],[-72,-74]],[[68452,20106],[328,-41],[86,-74],[-23,-69],[61,-60]],[[68904,19862],[74,32],[50,109],[142,52],[279,62],[112,-24],[55,40],[256,15]],[[69872,20148],[63,103],[16,200],[-325,295],[121,123],[341,176],[31,84],[304,-12]],[[70423,21117],[287,121],[63,141]],[[69809,22658],[-36,8]],[[63354,23044],[-146,-65],[-632,-90]],[[62074,21355],[193,-14],[74,-51],[328,18],[358,-98],[192,41],[112,-25],[144,169],[60,10],[15,183]],[[63550,21588],[-216,230],[-140,22],[18,48],[-124,43],[79,160],[-45,133],[188,162],[-149,133],[37,93],[-60,30]],[[63138,22642],[59,59],[-45,160],[142,92],[60,91]],[[64256,23687],[-46,-217],[34,-133],[227,-360]],[[64471,22977],[90,-92],[33,-151],[120,-96]],[[64714,22638],[56,81],[-15,100],[139,104],[187,33]],[[65081,22956],[204,61],[10,62],[137,36],[19,59],[98,-29]],[[65497,23341],[-248,-54],[-308,39],[-43,-26],[-142,130],[-76,15],[-33,80],[-191,16],[-200,146]],[[59609,28264],[-5,-51],[-158,-52],[-115,-150]],[[59331,28011],[-39,-113],[-88,-34],[-19,-117],[157,-226]],[[59342,27521],[91,-7],[146,-76],[407,-316],[8,-104],[-181,-51],[26,-110]],[[59839,26857],[29,-137]],[[59868,26720],[68,41],[91,-43]],[[60027,26718],[91,234],[187,117],[107,22],[46,59],[208,93],[475,122]],[[61141,27365],[27,10]],[[61168,27375],[-101,-7],[-87,61],[-73,-20],[-25,46],[-113,13],[-129,117],[-123,34],[-45,62],[-187,-1],[-88,90],[-233,-15],[7,43],[-76,17],[43,80],[-72,170],[92,92]],[[59958,28157],[-17,63],[-87,46],[-117,22],[-128,-24]],[[61672,27129],[1,-139],[-87,-105],[-181,-75],[-160,57]],[[61245,26867],[-248,-194],[-27,-136]],[[60970,26537],[40,7],[146,-95],[160,6],[184,-54],[-20,-80],[-197,-93],[-79,-264]],[[61204,25964],[152,-67],[75,16],[83,-61],[89,72],[153,41]],[[61975,26549],[-32,82],[98,49],[150,190]],[[59342,27521],[-4,-20]],[[59338,27501],[-106,-17],[-92,-67],[27,-93],[-78,-213],[-67,-61],[155,-198],[-13,-63],[-76,-49],[30,-87]],[[59118,26653],[322,26],[104,182],[109,-26],[186,22]],[[66553,22829],[-23,-37],[67,-133],[-119,-123],[135,-54]],[[66613,22482],[41,-58]],[[66654,22424],[161,94],[110,17],[58,-33],[52,69],[138,14],[-1,38],[125,-33],[113,21],[78,-51],[35,63],[67,13],[235,8],[81,-49],[86,44],[60,175],[105,123]],[[68157,22937],[111,220],[145,134]],[[68413,23291],[156,124]],[[68569,23415],[-336,-53],[-117,145],[-213,136],[21,82],[94,58],[-97,73],[-205,39],[-33,47]],[[33056,35013],[34,-248],[-108,-291],[-62,-45],[62,44],[-30,-36],[30,35],[70,-4],[-21,-41],[-39,14],[-6,-63],[-62,33],[51,-50],[-78,-44]],[[32897,34317],[16,-7]],[[32913,34310],[188,-14]],[[33101,34296],[-3,14]],[[33098,34310],[-11,45],[269,32],[99,12]],[[33455,34399],[76,9],[-28,17]],[[33503,34425],[-132,-8],[-7,47],[45,7]],[[33409,34471],[49,125],[-50,31],[-76,67],[-116,15],[65,102],[-63,30],[-3,77],[-82,104]],[[33133,35022],[-77,-9]],[[66654,22424],[97,-79],[-45,-44]],[[67683,22341],[61,85],[127,33],[61,60],[346,12]],[[68278,22531],[242,153],[-1,218]],[[68519,22902],[0,29]],[[68519,22931],[-254,-35],[-108,41]],[[69062,23720],[-24,-99],[-242,-116],[-33,-86]],[[68763,23419],[130,-85],[4,-97],[53,-55],[332,-82],[44,-128],[75,2],[259,-111],[114,-135],[-1,-62]],[[69945,22760],[32,38],[-36,207],[43,48],[-46,45],[-170,24],[-132,78],[-111,251],[-355,99],[-108,170]],[[77494,11744],[49,-102],[-174,-27],[-68,-196],[-155,-176],[33,-151],[-88,-140],[40,-249]],[[77131,10703],[101,42],[21,82]],[[77253,10827],[2,156],[45,69],[282,89],[163,104],[67,-2],[46,41],[386,-64]],[[78244,11220],[225,44],[332,262],[11,79]],[[78812,11605],[-176,71],[-407,23],[-118,208],[-263,33],[-124,-111],[-230,-85]],[[76350,10694],[27,-43],[316,36],[-66,-61],[78,-16]],[[76705,10610],[27,3]],[[76732,10613],[281,15]],[[77013,10628],[118,75]],[[77494,11744],[-85,61],[-454,-54],[-105,-79],[-28,-163],[-81,-58],[60,-86],[-17,-123],[-276,-267],[-158,-281]],[[78274,10497],[-54,-178],[-231,35],[-239,-73],[-147,37],[-192,-127]],[[77411,10191],[106,-21]],[[77517,10170],[307,41],[82,-18],[41,-57]],[[77947,10136],[329,26],[168,86],[150,-34],[631,225],[370,44]],[[79595,10483],[-116,149]],[[79479,10632],[-102,-12],[-149,-112],[-259,-67],[-361,-16],[-174,29],[-46,-22],[-114,65]],[[75057,10666],[-348,-51],[-3,-208],[-161,-166],[17,-36],[-95,-15],[-53,-452],[-153,-129],[-18,-63],[351,-124],[-290,-270]],[[74304,9152],[310,-210],[10,-396],[904,464],[409,13],[238,-39],[46,23]],[[76221,9007],[-67,228],[54,13],[-7,118],[240,63],[118,186],[-227,32],[-206,-82],[-116,36],[-48,36],[103,99],[-103,50],[-44,95]],[[75918,9881],[-117,98],[-253,81],[-189,125],[80,37],[25,93],[99,21],[111,99],[-25,46],[-225,10],[-12,150],[-220,50],[-135,-25]],[[82704,13264],[-157,-35],[-101,-107],[-223,25],[-234,-103],[-145,0],[-55,-40],[-321,9],[-228,-40],[-291,-158],[-151,38],[-2,89],[-227,-40],[-218,28],[-72,-103],[-277,-55],[-100,-73],[-539,239],[-43,149],[-271,-3]],[[79049,13084],[-52,-72],[221,-192],[-104,-86],[-143,-52],[-280,-18],[-64,-74],[-3,-182],[134,-37],[60,-121],[203,-137],[-86,-145],[52,-75],[-72,-177],[-103,-111]],[[78244,11220],[362,-33],[103,-42],[239,8],[531,-521]],[[79595,10483],[-22,-174]],[[79573,10309],[182,14],[174,-61],[454,-18],[117,76],[114,-26],[132,19]],[[80746,10313],[91,30],[73,-49],[149,20],[60,41],[70,-169],[143,-7],[52,-64],[151,11],[110,87]],[[81645,10213],[107,0],[103,107],[-85,64],[-94,170],[93,101]],[[81769,10655],[-89,48],[45,117],[-51,43],[24,43],[-107,239],[232,9],[105,-33],[36,85],[184,90],[112,25],[164,-37],[104,142],[182,124],[-25,36],[-152,25],[103,153],[-50,115],[-145,49],[85,69],[-33,70],[39,69],[-226,121],[163,64],[-24,72],[89,7],[80,130],[412,7],[-23,78],[-107,60],[34,148],[-94,19],[66,113]],[[82902,12955],[-171,41],[76,120],[-54,22],[-49,126]],[[80349,11072],[171,-20],[162,-78],[110,-217],[-4,-65],[-59,-31],[77,6],[-75,-63],[-165,51],[-169,4],[-124,90],[-143,31],[-158,-52],[-85,74],[48,92],[159,40],[282,-6],[31,41],[-100,68],[42,35]],[[73624,12081],[-481,-380],[-182,96],[-87,7]],[[72874,11804],[32,-65],[108,-45],[-9,-69],[-451,-490],[-98,-212]],[[72456,10923],[123,50],[14,-54],[-90,-115],[60,-21]],[[72563,10783],[364,-111]],[[72927,10672],[129,238],[41,216],[126,188],[193,146],[7,86],[69,67],[134,66],[38,139],[267,235]],[[73931,12053],[-54,36],[-253,-8]],[[72563,10783],[-165,-220],[-271,-212],[-72,-152]],[[72055,10199],[-624,-642],[-73,-185]],[[71358,9372],[141,47],[92,-13],[65,-58],[113,36],[68,-19],[110,52],[624,-16],[363,65],[59,43],[8,376],[99,84],[101,345],[104,126],[22,108],[-400,124]],[[64506,44914],[-176,-101],[-124,-3],[-179,-109],[-141,32],[-181,-31],[-695,119],[-152,-79],[-114,31],[-67,-78],[-441,-89],[-198,-92],[-144,7],[-115,-61],[-156,-25],[-147,-113],[-177,19],[-244,-267],[-223,-35],[-28,-76],[-134,-47],[-308,-31],[-348,89],[-757,28],[-281,-28],[-265,41],[-944,-54],[-211,34],[-71,-65],[116,-109],[-104,-279],[-192,111],[-491,7],[-270,228],[-291,24],[-155,79],[-49,82],[-45,-11]],[[56004,44062],[-38,-72],[-92,-10],[-49,-43],[16,-51],[105,-39],[-203,-230],[77,-83],[86,-24],[-17,-148],[-69,-37],[63,-32],[44,-100],[107,-14],[6,-41],[77,-11],[288,-192],[-28,-81],[391,-555],[-54,-55],[68,-216],[-36,-92],[-39,80],[-128,37],[-25,52],[-260,7],[-86,50],[-205,-25],[17,-94],[-199,-42],[-56,-54],[8,-60],[-221,55],[-6,-76],[-184,-167],[-49,-3],[6,-57],[-163,-44],[-97,-64],[-8,-50],[-74,-25],[-191,65],[-10,-93],[85,-132],[-97,-133],[-350,0],[-286,-129],[-121,7],[-73,-50],[59,-62],[-21,-181],[-154,-57],[-326,46],[-168,-71],[-6,-61]],[[53318,40605],[60,8],[426,-200],[94,-272],[365,-9],[396,-226],[212,-73],[249,10],[198,98],[276,20],[198,82],[423,-16],[94,191],[278,-70],[97,8],[47,48],[272,12],[328,-51],[209,39],[218,-15],[224,-424],[-38,-128],[61,-180],[168,-136],[101,-5],[56,49],[144,-5],[204,-145],[217,3],[82,27],[-67,98],[-35,260],[27,655],[52,119],[252,193],[-24,56],[108,121],[-61,56],[38,118],[-49,116],[63,198],[215,31],[67,107],[-28,131],[169,74],[146,16],[82,-108],[502,-203],[11,-63],[444,-240],[390,-70],[15,-95],[-66,-170],[25,-143],[-66,-112],[109,-112],[46,-213],[94,-44],[-12,-138],[155,-58],[318,-39]],[[61897,39786],[81,140],[-28,67],[47,23],[166,0],[198,-79],[142,68],[230,-120],[84,4],[330,215],[144,583],[-28,156],[-111,168],[21,132],[80,73],[603,147],[462,-41],[178,-58],[157,10],[147,-97],[164,22],[49,44],[389,-2],[277,-175],[168,130],[220,76],[45,111],[75,51],[186,-71],[358,35],[239,-107],[132,0],[115,95],[190,29],[73,129],[188,109],[119,44],[161,-21],[143,85],[301,-58],[97,-98],[303,-136],[276,-6],[360,-101],[68,-71],[176,14],[101,-28]],[[69773,41277],[23,134],[115,93],[-1,187],[59,47],[8,175],[100,204],[313,-61],[8,92],[136,207],[-35,110],[106,147],[-15,54],[-226,117],[-434,40],[290,106],[62,95],[-28,155],[-226,151],[-69,121],[-130,84],[-5,69]],[[69824,43604],[-220,119],[-157,-36],[-111,84],[-62,220],[-105,67],[-46,112],[-185,-43],[-157,65],[-63,88],[-205,108],[-300,-5],[-236,101],[-72,68],[-389,42],[-230,-79],[-158,118],[-273,9],[-85,50],[-885,-102],[-255,-83],[-96,71],[-127,-27],[-99,83],[-47,171],[-87,-13],[-114,79],[-197,64],[-142,-63],[-215,42]],[[69183,13931],[-58,-91],[-86,-41],[-269,-22],[-81,-77],[-159,-15],[-55,-87],[30,-76],[-89,-68],[-5,-239],[-172,-275]],[[68239,12940],[41,-158],[65,-40],[380,28],[121,-25],[66,-54],[139,-3],[-79,98],[9,65],[-133,56],[-41,78],[131,58],[-15,142],[102,-6],[279,82],[195,73],[91,96],[-165,158],[-135,297]],[[69290,13885],[-107,46]],[[63929,14674],[-3,-1]],[[63926,14673],[-122,-122],[-30,-140],[36,-37],[-124,-186],[37,-142],[-46,-59],[11,-136],[-54,-60],[97,-239],[134,-27]],[[63865,13525],[268,-52],[83,-114],[136,-60],[160,-350],[-35,-51],[-163,-63],[93,-107],[197,79],[125,-41],[123,135],[142,-65],[13,-41],[174,-57],[540,-6]],[[65721,12732],[-20,269],[129,81],[210,-9],[-47,131],[-75,38],[-199,18],[-114,71],[24,48],[-70,66],[37,57],[199,97]],[[65795,13599],[-116,68],[-184,25],[-138,-67],[-15,-58],[-102,-23],[-260,59],[-59,106],[11,110],[-139,116],[-107,56],[-103,-30],[-131,24],[-60,59],[-64,-20],[-126,71],[-4,275],[-136,134],[-110,38],[-23,132]],[[69427,17219],[-108,-36],[-252,20],[-122,-43],[-90,-88],[-93,28],[-155,-33]],[[68607,17067],[-112,-76],[-140,34],[-232,-54]],[[68123,16971],[-364,-55],[-341,49],[-39,-41]],[[67379,16924],[-15,-141],[-170,-97],[-19,-57],[-186,-66],[-40,-202],[-111,-115],[-42,-118],[-95,-48],[-129,15]],[[66572,16095],[-25,-35]],[[66547,16060],[-14,-75],[117,-126],[-196,-358],[52,-105],[234,-128],[413,26],[146,-163],[-64,-53]],[[67235,15078],[-39,-47],[6,-152]],[[67202,14879],[295,200],[351,134],[69,106],[386,59],[78,-60]],[[68381,15318],[175,-27],[77,-49]],[[68633,15242],[168,1],[38,48],[145,3],[107,63],[104,-19]],[[69195,15338],[110,42],[135,159]],[[69440,15539],[149,148],[-124,215],[23,157]],[[69488,16059],[-175,-47],[-91,99],[26,99],[-148,10],[136,131],[-38,177],[77,198],[146,95],[-34,26],[30,113],[74,24],[31,69],[-95,166]],[[64084,15510],[-8,-103],[-157,-223],[59,-103],[-26,-86],[44,-148],[-67,-173]],[[65795,13599],[127,30],[184,-20],[87,34],[55,92],[164,49],[-14,49],[76,87],[297,130],[73,97],[262,177],[53,179],[78,69],[-35,307]],[[67235,15078],[-134,16],[-143,-33],[-133,-123],[-197,-64],[-44,-71],[-131,-57],[-64,17],[-36,66],[-294,123],[-195,4],[-51,38],[-266,-7],[-62,119],[-156,35],[-125,-69],[-85,21],[-120,-42],[-218,124]],[[64781,15175],[-257,85],[-366,213]],[[64158,15473],[-74,37]],[[22488,70081],[-189,-130],[-224,29],[40,-112],[166,-106],[-62,-142],[140,59],[32,-60]],[[22391,69619],[60,36],[192,-72],[-14,-101],[122,-48],[-163,-47]],[[22588,69387],[-3,-50],[-118,-35],[86,-40]],[[22553,69262],[68,6],[120,-67],[111,48],[157,213],[83,13],[97,106],[115,15],[-10,62],[100,99]],[[23394,69757],[-258,110],[-231,-23],[-88,56],[-231,49],[-86,67],[-12,65]],[[28145,68402],[-231,-141],[-143,-34],[-18,-70]],[[27896,67998],[298,-148],[77,-103]],[[28271,67747],[214,5],[113,-51],[124,-141],[126,27]],[[28848,67587],[-3,52],[96,52],[63,108],[-90,96],[-17,140],[-139,79],[41,99],[-29,55],[-105,51],[-249,-21],[-271,104]],[[74304,9152],[-684,-680]],[[73620,8472],[-228,-435],[-82,-49],[-162,-293],[66,-406]],[[73214,7289],[198,-34],[50,-59],[538,-188]],[[74000,7008],[171,142],[207,100],[171,212],[89,67],[93,9],[27,48]],[[74758,7586],[-7,73],[-151,119],[9,124],[-59,52],[219,145],[184,-51],[199,-184],[95,-21],[327,197],[137,-82],[288,-62],[19,65],[-109,205],[79,261],[144,102],[-4,180],[87,172],[-33,58],[39,68]],[[74758,7586],[252,-36],[65,-55],[-34,-57],[-77,-24],[3,-82],[-56,-59],[26,-64]],[[74937,7209],[322,-9],[64,-170],[-92,-184],[85,-68],[199,-52]],[[75515,6726],[257,28],[10,33],[23,-27],[30,64],[80,33],[232,-40],[155,89],[214,-32],[237,36],[137,89],[704,-76],[82,34],[112,-63],[207,-25],[187,-74],[232,136],[499,138]],[[78913,7069],[53,81],[-160,108],[-142,-14],[-62,56],[-162,-35],[-72,151],[31,68]],[[78399,7484],[-117,134],[-420,-27],[-54,56],[78,89],[116,10],[135,72],[16,125],[-146,183],[41,146],[-69,111],[121,234],[23,172]],[[78123,8789],[-110,60],[-93,-12],[-33,-138],[-200,-32]],[[77687,8667],[-95,-23],[-135,51],[-40,99],[-113,41],[-50,183],[-140,82],[-148,-84],[-167,72],[-223,26],[-59,-14],[-88,-117],[-68,60],[-140,-36]],[[83788,17607],[-108,-147],[-18,-118],[164,-181],[-190,-48],[-41,-116]],[[83595,16997],[221,-29],[309,183],[96,-5],[74,-61],[118,97],[209,-91],[230,87],[83,74]],[[84935,17252],[-131,247],[-224,139],[-61,8],[-64,-48],[-79,56],[-207,-88],[-92,11],[-92,93],[-197,-63]],[[64666,16984],[-62,-83],[-59,-10]],[[64545,16891],[124,-44],[106,59],[154,-15],[186,-91],[320,243],[150,-169],[254,86],[191,19]],[[66030,16979],[67,51]],[[66097,17030],[-70,85],[-199,52],[-82,125],[-325,277]],[[65421,17569],[-67,6],[-22,-47],[-116,-23],[-307,-231],[-86,6],[-40,-199],[-117,-97]],[[66916,19610],[82,-159],[-20,-35],[-256,-69],[45,-106],[-98,-104],[71,-49],[-1,-103],[65,-32],[-21,-86],[118,-30],[4,-130],[167,-162],[12,-79],[-41,-95],[-196,-86],[-69,-74],[115,-40],[30,-55],[-85,-191],[54,-23],[50,-112],[-49,-45],[14,-126],[-286,-324],[-126,-64],[-1,-49]],[[66494,17182],[169,72],[103,-2],[53,59]],[[66819,17311],[207,42],[110,121]],[[67136,17474],[351,48],[74,71],[-38,57],[36,156],[178,68]],[[67737,17874],[121,16],[134,103],[-54,250],[46,87],[-71,66],[-39,151],[90,137],[100,26],[123,146],[75,235],[-36,76],[125,296],[137,100],[239,-1],[214,49],[-52,80],[15,171]],[[65593,19087],[-137,-243],[353,-306],[32,-143],[-160,-105],[-40,-274],[30,-67],[-160,-152],[22,-218],[-112,-10]],[[66097,17030],[67,51]],[[66164,17081],[160,77],[77,95],[93,-71]],[[67737,17874],[50,-105],[105,-77],[341,-30],[261,-152],[53,-74],[-24,-135],[71,-95],[13,-139]],[[69427,17219],[68,75],[179,83],[-74,81],[69,46],[-17,54],[116,146],[-105,159],[-134,38],[-88,70],[14,49],[474,114],[22,40],[-84,32],[45,40],[445,89],[61,60],[31,138],[200,-7],[52,59],[353,96],[157,176],[-105,349]],[[71106,19206],[-719,37],[-89,28],[-14,85],[-101,42],[-18,47],[-198,41],[-75,-24],[5,134],[-140,109],[30,66],[-47,38],[13,56],[121,43],[90,161],[-92,79]],[[64545,16891],[-48,-138],[-150,-126]],[[64347,16627],[79,-47],[254,47],[71,-139],[415,-54]],[[65166,16434],[124,-28],[71,20],[-11,109],[134,43],[-26,52],[121,41],[17,122],[79,-87],[180,-2],[30,104],[-35,52],[112,30],[17,71],[51,18]],[[26762,65887],[-14,-122],[51,-70]],[[26856,65495],[209,17]],[[28143,65543],[-119,98],[-94,20],[-162,162]],[[27246,65136],[10,-68],[100,-79],[-1,-163]],[[27355,64826],[641,80],[174,88],[99,119]],[[56617,26441],[-56,-141],[79,-73],[-86,-95],[70,-147],[-137,6],[-61,-47],[-158,31]],[[56268,25975],[42,-68],[-119,-52],[-1,-89]],[[56190,25766],[187,-40],[125,22],[101,-22],[116,38],[171,-91]],[[56890,25673],[144,-58],[-11,-34]],[[57023,25581],[188,-67],[209,-21]],[[57420,25493],[-14,211],[109,72],[18,94],[-28,48],[-160,62],[26,44],[-59,57],[64,214]],[[57376,26295],[-429,3],[-330,143]],[[53309,27334],[-424,-259],[-27,-84],[22,-54],[135,-13],[99,-69],[161,-179],[257,-47],[-62,-75],[103,-102]],[[53573,26452],[376,7],[87,-93],[115,-42],[167,45],[83,-144],[-40,-93],[21,-122]],[[54382,26010],[121,-42],[172,12],[859,-221]],[[55534,25759],[83,2]],[[55617,25761],[-94,67],[-107,188],[-313,187],[49,172],[185,67],[52,107]],[[55389,26549],[24,58],[-63,192],[-116,49],[-70,-23]],[[55164,26825],[-246,14],[-87,94],[-129,-142],[-67,58],[-111,-66],[-467,-36],[-395,157],[-50,118],[-307,84],[-38,117],[42,111]],[[55653,27081],[-42,-90],[-265,-94],[-137,4],[-45,-76]],[[55389,26549],[167,34],[71,-36],[88,-148],[-14,-143],[53,-12],[153,-193],[248,27],[5,-74],[108,-29]],[[56617,26441],[-160,302],[-169,108],[-22,168],[-78,-6],[-57,-54],[-190,2],[-76,-36],[-94,27],[-22,104],[-96,25]],[[28406,66300],[192,36],[235,-68],[-30,-54],[-194,2],[-102,-113]],[[28507,66103],[20,-33],[123,-7],[-8,-97],[71,-110],[171,47],[28,47],[168,6],[77,63],[117,-106]],[[29667,65756],[219,120],[98,156],[-17,72],[115,113],[257,181],[102,30]],[[30216,66592],[-320,-53],[-113,68],[-244,64],[-461,-41]],[[29078,66630],[-296,121],[-169,-161],[-203,-86]],[[28271,67747],[128,-301],[199,-139]],[[28598,67307],[250,-195]],[[28848,67112],[205,51],[214,-28],[142,49],[18,91]],[[29427,67275],[14,142],[-336,23],[-257,147]],[[56147,30200],[-124,-399],[-245,-80],[-218,-109],[-23,-49],[-57,6]],[[55480,29569],[-27,-119],[53,-134]],[[55506,29316],[243,10],[319,78],[137,-7],[243,148],[109,15],[43,59],[75,-10]],[[56675,29609],[109,79]],[[56642,29917],[-101,41]],[[56541,29958],[-79,39],[23,92],[-87,78],[-114,47],[-137,-14]],[[54586,32213],[61,-85],[-108,-132],[130,-58],[-10,-116]],[[54659,31822],[124,-117],[-20,-119],[162,-49],[24,-101],[308,-53],[-11,-51],[-104,-24],[-23,-68]],[[55119,31240],[523,-81],[211,-7],[98,41]],[[55951,31193],[-59,73],[68,38],[45,152],[163,53],[18,152],[73,18],[37,71]],[[56296,31750],[-165,109],[-175,19],[-195,115],[23,191],[-60,50],[119,142],[-15,62]],[[55828,32438],[-343,-57],[-434,-176],[-131,24],[-62,95],[-272,-111]],[[80553,20216],[62,-134],[174,-122],[-12,-95],[85,-54]],[[80862,19811],[209,-173],[131,14],[62,-43],[116,111],[258,-91],[43,-54],[-69,-108],[43,-208]],[[81655,19259],[135,-76],[354,29],[120,-35],[175,30],[74,-35],[99,95],[77,10],[92,-16],[-44,-30],[43,-23],[-28,-79],[134,-7],[1,-58],[127,80]],[[83014,19144],[215,146],[-84,75],[-6,78],[131,23],[-42,37],[53,-2],[40,117]],[[83321,19618],[17,68],[-42,43],[86,79],[-179,108],[-53,-3],[-149,-131],[-129,-11],[117,182],[-55,51],[-102,9],[-33,68],[-66,1],[1,97],[-150,79],[-25,61],[94,97],[-376,82],[-93,-57],[-137,88],[-378,51]],[[81669,20580],[-218,52],[-128,-65],[81,-70],[-165,23],[-339,-208],[-277,-15],[-70,-81]],[[83142,23329],[-125,-112],[-4,-114],[-123,-74],[5,-40],[-199,-43],[-166,-113],[-120,7],[-38,-43]],[[82372,22797],[-16,-59],[58,-64],[-99,-56],[-41,-131],[139,-112],[18,-92],[-88,-13],[-14,-76],[-163,-91],[-3,-114],[48,-53],[-35,-41],[-112,7]],[[82064,21902],[-282,-115],[-66,-93],[-122,-9],[57,-80],[-56,-66],[56,-55]],[[81651,21484],[52,-20]],[[81703,21464],[94,4],[54,56],[133,-11],[190,-52],[39,-60],[412,-10],[226,-78],[89,3],[89,-54],[124,15],[175,-63],[228,-188],[76,5],[35,-47],[138,-34],[-8,-96],[78,-46],[-15,-80],[65,-49],[87,7],[63,-70],[17,-118],[60,-8],[7,-92],[-86,-66],[109,-38],[45,-193],[105,14],[101,-69]],[[84433,20046],[76,30]],[[84509,20076],[85,116],[231,85],[289,-98],[32,167],[-64,120],[62,141],[196,-25],[157,-125],[69,6],[-5,96],[96,24],[74,-30],[20,39],[105,30],[118,-25]],[[85974,20597],[206,92]],[[86180,20689],[-232,122],[-17,98],[-169,63],[-63,143],[89,132],[-11,121],[-63,46],[66,161],[59,39],[-188,300],[16,43],[90,30],[-84,214],[79,102],[-149,169],[-86,13],[8,63]],[[85525,22548],[-67,9],[-54,89],[-83,29],[-67,-20],[-151,69],[-77,187],[-127,15],[-23,44],[-153,-73],[-76,16],[-65,-35],[-38,40],[-57,-29],[-79,33],[-85,122],[-97,55],[-125,-29],[-188,13],[-80,194]],[[83833,23277],[-150,75],[-387,-44],[-154,21]],[[84509,20076],[41,-92],[175,-73],[16,-65],[244,-87],[134,-208],[231,-112],[207,-30],[232,-154]],[[85789,19255],[69,201],[147,95],[77,215],[133,80],[146,274],[-47,163],[-233,119],[38,76],[-145,119]],[[67869,9477],[4,-178]],[[67873,9299],[172,-29]],[[68045,9270],[22,219],[-115,10]],[[67952,9499],[-74,10],[-9,-32]],[[79517,10204],[-109,-148],[-344,-213],[-106,-27],[-148,33],[-411,-15]],[[78399,9834],[-85,-102]],[[78314,9732],[-38,-169],[-139,-39],[-8,-58],[-171,-87],[12,-63],[-133,-56],[-156,-156],[58,-124],[-67,-112],[43,-73],[-28,-128]],[[78123,8789],[446,119],[127,-29],[50,-94],[161,-56],[288,135],[34,62]],[[79229,8926],[-81,55],[19,86],[77,45],[37,363],[39,45],[109,13],[-19,111],[108,113],[103,315],[-104,132]],[[68911,10487],[-77,-171],[-171,28],[-357,177],[-93,124],[-191,123]],[[68022,10768],[59,-70],[-65,-52],[-65,2],[-119,-103],[7,-156],[-122,-77],[-171,-211],[-41,-244],[73,-23],[71,67],[18,-208]],[[67667,9693],[171,-17],[1,-33],[122,-5],[17,-32]],[[67978,9606],[236,66],[85,135],[407,123],[117,-26]],[[68823,9904],[261,137],[201,-3],[101,107],[169,9],[87,68],[128,152],[144,371]],[[69914,10745],[-130,143],[-316,-290],[-290,69],[-108,-128],[-159,-52]],[[54558,16652],[-138,-93],[-43,-144],[-140,-5],[33,-74],[-134,-108],[-6,-196],[56,-94],[-109,-59],[48,-52],[-103,-82],[-41,-133],[-178,-36],[28,-149]],[[53831,15427],[131,-87],[19,-95],[233,-164],[88,37],[77,106],[287,41],[83,117],[147,58],[-46,85],[122,9],[177,-59],[247,28],[158,-19]],[[55554,15484],[26,48],[134,11],[44,62],[154,67]],[[55912,15672],[-195,34],[-132,-23],[-172,20],[-53,69],[73,58],[-129,70],[-84,248],[160,186],[-197,35],[-96,93],[-75,-19],[-36,39],[-141,4],[-277,166]],[[49347,15880],[227,-85],[298,-8],[173,-55],[89,-112],[502,-118],[362,-147],[141,-103],[-57,-83],[77,44],[125,-18]],[[51284,15195],[-44,260],[-213,302],[-61,281],[-71,60],[-18,156],[-125,225],[1,236],[-104,207],[197,424],[109,98],[113,15]],[[51068,17459],[-175,0],[-483,-275],[-57,-150],[-140,-122],[-36,-248],[-282,-169],[-100,-114],[-15,-171],[-213,-261],[-220,-69]],[[58789,15900],[27,-43],[97,-26],[41,-264],[78,-68],[-37,-245]],[[58995,15254],[71,-43],[-40,-69],[33,-140],[-63,-34],[-5,-146],[-83,-180],[52,-38],[132,9],[127,-76],[211,36],[243,-60],[180,137],[59,-109],[-24,-114],[54,-59],[-32,-84],[52,-78],[137,-64],[-13,-124]],[[60086,14018],[159,-58],[203,38],[233,-60],[232,147],[188,32],[139,85],[80,-8]],[[61320,14194],[21,105],[-234,333],[-49,150],[-120,152],[-113,55],[-84,153],[-77,37],[-41,73],[75,58],[-112,32],[-10,80],[-114,65],[268,183],[85,113],[20,170],[-49,46]],[[60786,15999],[-233,25],[-277,-113]],[[60276,15911],[-559,284],[-161,212],[24,42],[-133,-6],[-101,84],[-467,2],[-149,-73],[104,-232],[-49,-51],[58,-60],[-31,-56],[42,-85],[-65,-72]],[[53831,15427],[-219,-252],[-15,-73],[90,-57],[-22,-38],[-408,-205],[-586,-88]],[[52671,14714],[1416,-344],[76,-36],[2,-160],[75,-61]],[[54240,14113],[95,61],[118,-21],[131,53],[150,-16],[157,128],[105,22],[85,146],[-33,56],[75,86],[286,267],[169,37],[-30,66],[57,87],[-49,136],[-66,-4],[-92,74],[166,160],[-10,33]],[[69379,13907],[-89,-22]],[[68239,12940],[-63,-15],[-117,-133],[-92,-300],[42,-155],[164,-158],[-54,-237],[72,-156],[-20,-141],[178,-155],[108,-5]],[[68457,11485],[62,162],[75,58],[17,200],[-65,180],[110,29],[185,-32],[41,56],[165,18],[44,154],[52,21],[336,-147],[200,-358],[198,-27],[40,47]],[[69917,11846],[-92,149],[63,130],[-28,73],[-141,136],[119,168],[-63,284],[91,32],[52,95],[-48,124],[85,141],[-53,197],[191,286]],[[70093,13661],[-154,175],[-58,161]],[[69881,13997],[-260,-53],[-107,-60],[-135,23]],[[71518,16245],[-181,-81],[-38,52],[-151,-46],[-117,15]],[[71031,16185],[-123,-211],[-423,-84],[-55,65],[-240,90],[-73,79]],[[70117,16124],[-156,56],[-404,-59],[-69,-62]],[[69440,15539],[182,-62],[107,12],[161,-80],[176,49],[88,-73],[122,3],[179,-57],[23,-62],[-118,-57],[-16,-109],[56,-58],[112,-14]],[[70512,15031],[228,-14],[60,-46],[98,39],[249,8],[32,74],[92,58],[126,6],[64,-55],[97,2],[-43,98],[52,133]],[[71567,15334],[-349,266],[-94,18],[292,108],[60,184],[131,37],[151,277],[-240,21]],[[75141,10785],[-140,-17],[56,-102]],[[75918,9881],[445,-91],[199,91],[25,103],[197,16]],[[76784,10000],[-233,319],[31,42],[96,-8],[-66,72],[35,79],[-35,42],[93,64]],[[76350,10694],[-273,-16],[-125,62],[-91,-54],[-162,2],[13,71],[-153,38],[-23,41],[-250,-96],[-19,42],[-126,1]],[[71358,9372],[76,-120],[173,-60],[180,6],[264,-111],[-3,-86],[180,-49],[216,-175],[107,-3],[36,-68],[-34,-55]],[[72553,8651],[84,-69],[217,63],[207,-92],[151,28],[77,-27],[3,-42],[328,-40]],[[75141,10785],[-19,93],[111,28],[22,65],[-101,227],[-85,38],[-152,169],[-312,188],[-277,381]],[[74328,11974],[-298,84],[-99,-5]],[[76126,15475],[-85,-38]],[[76041,15437],[96,-227],[-56,-91],[13,-256],[56,-91],[-25,-83]],[[76125,14689],[154,109],[81,11],[118,-76],[96,0]],[[76574,14733],[286,217],[32,164],[86,44],[-59,18]],[[76919,15176],[-174,24],[-90,55],[-127,-10],[-97,34],[-92,178],[-213,18]],[[72743,14987],[-236,-122],[-194,-166],[-369,-122],[-191,-165]],[[71753,14412],[-94,-131]],[[71659,14281],[-244,-260],[9,-105],[-143,47],[-156,-111]],[[71125,13852],[128,-77],[-9,-241],[126,-55],[-113,-223],[559,-208]],[[71816,13048],[106,98],[88,-18],[121,55],[149,165],[123,-61],[168,22],[1,47],[109,60],[320,106],[222,225],[92,22],[108,-87],[72,-4],[18,88],[184,168]],[[73697,13934],[-131,1],[-143,70],[1,53],[-154,164],[-8,115],[-135,68],[21,59],[-88,121],[-126,37],[-15,39],[100,-17],[88,41],[-280,157],[-84,145]],[[74328,11974],[20,38],[272,115],[46,147],[184,92],[109,151],[68,-19],[25,62],[472,112],[137,77],[104,147],[136,26],[-32,204],[58,74]],[[75927,13200],[-10,44],[-175,58],[-179,142],[-162,-71],[-104,100]],[[75297,13473],[-131,-22],[-37,-39],[-124,12],[-77,-111],[-93,15],[-245,-86],[-30,-242],[-108,-53],[-107,17],[-64,-25],[77,-53],[61,7],[43,-254],[-168,-160],[-22,-131],[-648,-267]],[[76954,10156],[-170,-156]],[[78314,9732],[-72,-17],[-367,56],[-256,138],[-53,102]],[[77566,10011],[-105,25],[-57,62]],[[77404,10098],[-60,-35],[-116,15],[-51,62],[-120,0]],[[77057,10140],[-103,16]],[[74678,16072],[5,-125],[-116,-48],[69,-116]],[[74636,15783],[132,-27],[166,55],[6,-144],[73,-86],[-12,-285],[182,-4],[-3,-60],[80,-36],[-53,-181],[-120,-122]],[[75087,14893],[181,-65],[243,0],[155,-55]],[[75666,14773],[-7,63],[94,87],[43,147],[-1,58],[-85,79],[54,143],[-89,119],[141,42],[225,-74]],[[76126,15475],[22,338],[205,214]],[[76353,16027],[-247,5],[-99,190],[-75,28],[-34,75],[-183,52],[-194,-55],[-237,-141],[-242,-48],[-168,17],[-196,-78]],[[71816,13048],[-192,-207],[-5,-63],[167,-112],[-37,-62],[-192,-118],[43,-171],[-141,-225]],[[71459,12090],[365,-35],[168,232],[146,-7],[0,57],[153,177],[184,59],[190,-39],[194,100],[58,-35],[-61,-113],[71,-136],[-30,-165],[-91,-83],[68,-298]],[[75297,13473],[50,164]],[[75347,13637],[-254,130],[-252,60],[-167,109],[66,71],[-72,211],[60,31],[-101,40],[-14,46]],[[74613,14335],[-53,8],[-307,-195],[-257,-55],[-299,-159]],[[72553,8651],[-168,-155],[-248,6],[-165,-27],[-78,-53],[39,-49],[-100,-98],[404,-78],[201,-140],[-35,-54],[-128,-38],[-137,-177]],[[72138,7788],[0,-59],[155,-14],[-2,-55],[151,-45],[-23,-30],[40,-21],[194,-23],[-26,-45],[148,-99],[-72,-52],[6,-54],[166,21],[138,-57],[201,34]],[[74000,7008],[205,-109],[236,-200]],[[74441,6699],[112,121],[-49,102],[58,99],[93,27],[73,95],[209,66]],[[75515,6726],[-387,-184],[-265,-34],[7,-61]],[[74870,6447],[369,-114],[933,-143],[812,-202],[50,-40],[206,42],[72,-93],[101,28],[104,-83],[94,-21]],[[77611,5821],[200,166],[193,16]],[[78004,6003],[676,548],[224,81],[92,71],[103,161],[-186,205]],[[66164,17081],[147,-105],[279,-63],[26,-39],[-82,-125],[62,-83],[-43,-172],[97,-135],[20,-120],[-98,-144]],[[67379,16924],[-133,17],[-181,122],[-116,22],[-130,226]],[[64347,16627],[-19,-3]],[[64328,16624],[-140,-160],[-431,-43],[-71,-116],[-219,-84]],[[63467,16221],[70,-68]],[[63537,16153],[99,-57],[113,-256],[187,-177],[33,-95],[115,-58]],[[64158,15473],[106,5],[168,130],[162,31],[49,156],[327,17],[21,112],[-69,68],[64,80],[121,53],[-72,127],[131,182]],[[64781,15175],[72,49],[190,5],[385,237],[296,84],[130,135],[-33,101],[60,224],[97,116],[249,18],[320,-84]],[[55669,28840],[-12,-10]],[[55657,28830],[0,-111],[-105,-101],[39,-108]],[[55591,28510],[12,-99],[-71,-72],[137,-112],[12,-99],[76,-30]],[[55757,28098],[46,68],[164,24],[58,108]],[[56025,28298],[88,16]],[[56113,28314],[-22,23]],[[56091,28337],[30,21],[-41,42],[41,9],[-120,92],[126,8],[-19,64],[39,28],[-157,121],[17,37]],[[56007,28759],[-32,34],[-306,47]],[[57086,28344],[54,-70],[-31,-159],[-267,-451]],[[56842,27664],[222,-127],[-127,-226],[103,-34],[67,21],[84,-69],[-13,-64],[174,-102],[-2,-76]],[[57350,26987],[90,-43],[22,-131],[412,-3]],[[57874,26810],[283,118],[-44,228],[176,234],[153,110],[-32,164]],[[58410,27664],[-160,100],[-8,205],[-133,104],[11,124]],[[58120,28197],[-59,31],[0,48]],[[58061,28276],[-143,-113],[-210,0],[-137,-76],[-63,65],[-120,3],[-302,189]],[[57297,29046],[-448,-319],[-23,-101],[52,-34],[-67,-87]],[[56811,28505],[208,-22],[62,-50],[-28,-66],[33,-23]],[[58061,28276],[-198,60],[12,66],[-131,111],[14,29],[-85,38],[14,42]],[[57687,28622],[-76,93],[-85,-31],[-78,67],[-27,108],[-86,54]],[[57335,28913],[70,88],[-108,45]],[[55757,28098],[111,-46],[-6,-104],[48,-45]],[[55910,27903],[121,78],[-23,50],[54,-12],[-54,22],[28,44],[-34,-9],[157,142],[-134,80]],[[56236,28117],[-95,-46],[13,-46],[-56,-44],[-185,-81]],[[55913,27900],[-42,-66],[47,-132],[-49,-32],[42,-141],[-41,-89],[79,-58],[-169,-187],[-100,-35],[-27,-79]],[[57376,26295],[42,23],[-137,131],[14,139],[-93,85],[-22,87],[78,90],[-16,75],[108,62]],[[56842,27664],[-508,329],[-27,95],[-71,29]],[[56879,29184],[-360,-200],[-152,-35]],[[56367,28949],[71,-91],[-257,-111],[-174,12]],[[56007,28759],[270,-127]],[[56277,28632],[46,-42],[291,7],[58,-58],[139,-34]],[[57297,29046],[-93,257]],[[35686,36014],[-228,66],[-267,-20],[-104,83],[-172,19],[-94,-19],[-8,-70],[-140,-62],[-216,122],[-102,-11],[-1,-65],[-182,-24],[-281,64]],[[33891,36097],[-163,-133],[-31,-113],[-277,-97]],[[33420,35754],[10,-56],[61,-147],[3,-1],[189,-91],[37,-176]],[[33720,35283],[68,-44],[38,13],[79,-80],[337,71]],[[34242,35243],[360,198]],[[34602,35441],[53,148],[251,55],[-16,154],[431,-14],[365,230]],[[55910,27903],[3,-3]],[[56236,28117],[76,148]],[[56312,28265],[-199,49]],[[35860,34554],[-330,-132],[-215,53],[-293,-118]],[[35022,34357],[448,-473],[631,54],[345,119]],[[36446,34057],[-60,87],[87,66],[183,10],[61,109],[-53,81],[-202,94],[-124,179]],[[36338,34683],[-155,-18],[-103,-78],[-220,-33]],[[33720,35283],[-155,-152]],[[33565,35131],[30,-194],[38,4],[39,-132]],[[33672,34809],[252,87]],[[33924,34896],[82,59],[5,68],[227,115],[4,105]],[[34522,34564],[-453,-50]],[[34069,34514],[54,-88],[-62,16],[-11,-54],[83,-44]],[[34133,34344],[31,5]],[[34164,34349],[194,13]],[[34358,34362],[-138,34],[48,43],[-28,26],[103,-3],[157,59]],[[34500,34521],[160,38]],[[34660,34559],[-138,5]],[[51642,26061],[118,-7],[113,-52],[106,50],[239,-27],[258,57],[170,99],[198,4],[198,-106],[272,-54],[147,-66]],[[53461,25959],[1,152],[-83,49],[103,235],[91,57]],[[53309,27334],[40,22],[-274,50],[-193,-25],[-59,-44]],[[52823,27337],[-227,-56],[-141,24],[-158,-70],[-149,-1],[-127,35],[-36,97],[-163,79],[-82,-116],[-307,-60],[-313,21],[-162,-36],[-220,-185],[34,-112],[-89,-88],[15,-196],[315,-84],[239,-275],[139,-20],[116,-64],[135,-169]],[[55544,30462],[19,-148],[-81,4],[-21,-37],[30,-131],[-229,-15]],[[55262,30135],[-76,-105],[108,-194]],[[55294,29836],[-82,-152],[18,-73],[183,-5],[67,-37]],[[56147,30200],[-109,68],[-224,35],[-270,159]],[[55119,31240],[78,-81],[32,-141]],[[55229,31018],[4,-55],[-107,-51],[-67,-147],[165,-148],[87,35]],[[55311,30652],[184,-73],[49,-117]],[[55544,30462],[122,22],[196,-98],[130,12],[153,166],[-41,74],[58,157],[57,35]],[[56219,30830],[74,104],[-79,128]],[[56214,31062],[-17,74],[-133,56],[-113,1]],[[56687,31519],[-1,-123],[-200,-228],[163,-196]],[[56649,30972],[-29,-44],[42,-23],[4,-99],[138,-111],[83,-23],[270,22],[108,-100],[80,-23],[147,27],[179,-98],[210,63]],[[57881,30563],[321,143],[496,92],[149,187],[1,110],[123,64],[-47,124],[211,258],[14,241]],[[59149,31782],[-105,-47],[-80,40],[1,235],[-183,283]],[[58782,32293],[-116,-3],[-329,-242],[-102,46],[-234,-75],[-247,39],[-161,196],[-210,-4],[-155,-195],[-196,-129],[-3,-69],[-342,-338]],[[55910,32517],[-82,-79]],[[56296,31750],[324,-158],[67,-73]],[[58782,32293],[-67,170],[-110,17],[-167,112]],[[58438,32592],[-157,93],[-54,81],[-176,16],[32,54]],[[58083,32836],[-357,34],[3,-164],[-225,-118],[-291,51],[-116,-77],[-132,52],[-126,-96],[-326,-20],[-209,-57],[-129,31],[-226,-32],[-39,77]],[[57969,33356],[-55,-159],[-97,-65],[-175,34],[-141,88],[-154,-83],[-300,-39],[-53,-161],[-137,-112],[-66,13],[-11,91],[-127,-53],[-149,65],[-148,-21],[-19,53]],[[56337,33007],[-146,-51],[-221,-239],[-60,-200]],[[58083,32836],[-49,236],[0,2]],[[58034,33074],[13,102],[-78,180]],[[57335,28913],[255,-83],[335,128],[177,3],[151,87],[77,138],[74,9],[98,-38],[76,-104],[-28,-36],[80,-8],[71,-82],[117,-34]],[[58818,28893],[162,-80]],[[58980,28813],[5,156],[49,68],[72,10]],[[61402,17994],[471,-26],[151,117],[66,-2]],[[62090,18083],[-149,60],[41,138],[-73,86],[200,-32],[107,72],[151,40],[194,195],[191,9],[-60,121]],[[62420,19548],[-285,-172],[-95,-203],[-156,-15],[-119,76],[-120,18],[-111,132],[-165,-1],[-124,140]],[[61245,19523],[-103,-13],[-132,-74],[-94,9],[-73,131],[-185,12],[-145,146],[-161,44],[-366,-106],[-51,-111],[257,-169],[182,-43],[102,-92],[113,-10],[55,-208],[364,-142],[127,6],[-100,-115],[9,-49],[167,-85],[52,-134],[110,-13],[33,-44],[-45,-297],[41,-172]],[[62553,17137],[-11,-214]],[[62542,16923],[15,-150],[-294,-86],[-97,-130]],[[62166,16557],[59,-201]],[[62225,16356],[110,-41],[-26,-87],[106,18],[203,-127],[199,64],[234,-97],[316,69],[170,-2]],[[63467,16221],[-80,115],[31,137],[96,88],[-57,127]],[[63457,16688],[66,140],[-35,44]],[[63488,16872],[-122,12],[-98,-71],[-89,48],[-28,69]],[[63151,16930],[-65,54],[-415,65],[-95,35],[47,45],[-70,8]],[[63720,18132],[-61,-104],[71,-100],[-145,-40],[-8,-200],[-138,-14],[-145,-67],[-194,6]],[[63100,17613],[-68,-164]],[[63032,17449],[81,-103],[-34,-55],[136,-18],[49,-53],[-124,-87],[11,-203]],[[63488,16872],[-29,172],[212,65]],[[63671,17109],[61,45],[100,6]],[[63832,17160],[-2,90],[-62,53],[107,101],[50,126],[224,-115],[1,216],[127,140],[-144,108],[60,24],[65,-20],[145,65],[129,157],[-72,118],[-163,-23],[-161,59],[-416,-127]],[[61402,17994],[73,-135],[-58,-64]],[[61417,17795],[-75,-165]],[[61342,17630],[68,-32],[-14,-87],[-53,-1],[-15,-61],[60,-52],[3,-87],[72,-38],[4,-150],[38,-13]],[[61505,17109],[98,10],[63,-48]],[[61666,17071],[53,9],[53,88],[-41,134],[423,74],[64,-47],[111,-9],[15,-91],[209,-92]],[[63032,17449],[-348,121],[-343,61],[-63,-66],[-57,105],[34,48],[-108,91],[5,87],[84,62]],[[62236,17958],[-111,34],[-35,91]],[[63699,18847],[-86,-42],[19,-70]],[[63632,18735],[51,-51],[-129,-117],[79,-81],[-10,-56]],[[63623,18430],[103,-40],[-51,-180],[45,-78]],[[63832,17160],[45,-18],[98,74],[82,-2],[133,-35],[164,-107],[312,-88]],[[59358,24499],[-186,-287],[-277,-112]],[[58895,24100],[-210,-104],[-2,-81],[69,-57],[-33,-79]],[[58719,23779],[21,-85]],[[58740,23694],[130,-55],[85,-140],[70,-17],[187,-277]],[[59212,23205],[203,8],[-4,-51],[66,-40],[302,72],[137,78],[136,-23]],[[60052,23249],[-27,69],[-125,44],[-73,124],[43,79],[-243,74],[45,24],[32,125],[-99,175],[154,103],[27,145]],[[59786,24211],[35,59],[-60,81]],[[59761,24351],[-115,47],[-85,95],[-203,6]],[[21191,60073],[-81,-6],[-102,-151],[-88,-26],[-37,-82],[-118,-80]],[[20765,59728],[181,9],[73,44],[72,-122],[95,-18],[103,-89],[19,-182],[-180,-267],[198,-112]],[[21326,58991],[546,-15]],[[21872,58976],[513,-19],[202,109],[108,120],[287,151],[95,8],[276,-92],[255,28]],[[23608,59281],[-116,111],[-23,168],[67,60],[10,86],[-88,27],[-15,70]],[[23443,59803],[-245,97]],[[23198,59900],[-267,-34],[-61,36],[-182,-42],[-263,86],[-305,-97],[-94,81],[-151,56],[-129,-61],[-172,9],[-383,139]],[[58740,23694],[-63,-103]],[[58677,23591],[13,-121],[-121,-155],[8,-103],[-68,-106],[-473,53],[-111,110]],[[57925,23269],[-2,-157],[155,-92],[16,-128],[116,-147]],[[58210,22745],[80,97],[183,65],[16,84],[72,-23],[191,48],[78,-63],[201,-54],[288,-306],[-51,-104],[134,-334]],[[59402,22155],[74,-127],[127,-28]],[[59603,22000],[84,134],[-68,56],[4,165],[191,169],[130,302],[136,97],[-81,59],[-249,7],[-157,71],[-72,-20],[-171,47],[-138,118]],[[22078,63088],[-167,-164],[-311,-120],[-87,-96]],[[21513,62708],[15,-103]],[[21528,62605],[135,-61],[58,-107],[100,-56],[201,-21],[90,-134],[94,2],[47,-51],[5,-76]],[[22258,62101],[237,-57],[272,-198],[201,-77],[73,-115],[-7,-84],[72,-66],[262,-92],[-15,-64],[64,-45],[226,-40],[78,-110]],[[23721,61153],[28,-71],[84,57],[212,2],[8,119],[338,-19],[122,64],[163,-77],[-16,-45],[93,-57]],[[24753,61126],[55,45]],[[24808,61171],[-38,144],[-75,54]],[[24695,61369],[-59,79],[-101,46],[-9,100],[-148,118],[-229,99],[-213,9],[56,51]],[[23992,61871],[-106,55],[-69,-10],[-24,146],[-144,70],[-68,97],[-344,173]],[[23237,62402],[-63,-40],[-132,-3],[-31,-59],[-72,68],[-70,8],[7,198],[-113,71],[-83,246]],[[22680,62891],[-103,151],[-207,29],[-95,-101],[-61,4],[-136,114]],[[60457,21844],[87,-59],[2,-67],[327,16],[-6,-45],[75,-25],[-48,-77],[190,-52],[31,-48]],[[61145,22969],[-184,-40],[-33,-101],[-198,-48],[212,-184],[-41,-94],[-412,42],[-145,-107],[-22,-94],[72,-89],[-36,-70],[158,19],[127,-92],[133,48],[73,80],[14,-48],[-3,-72],[-403,-275]],[[60857,23342],[-94,-34],[-15,-228],[-202,-70],[-89,19],[-150,142],[-154,60]],[[60153,23231],[-101,18]],[[59603,22000],[270,-87],[256,76],[129,-11],[106,-110],[93,-24]],[[61077,23157],[-194,112],[-26,73]],[[56890,25673],[-122,-77],[-1,-82]],[[56767,25514],[285,-182],[-28,-167],[-175,7],[-28,-104],[57,-246],[-209,-65],[-227,182],[-50,-35],[9,-81],[-77,-47]],[[56324,24776],[230,-150],[37,-172],[92,-27],[39,-60],[191,-39],[32,-67]],[[56945,24261],[320,114]],[[57265,24375],[-44,82],[84,63],[124,-2],[84,76],[229,-59],[101,66],[23,124]],[[57866,24725],[-156,26],[-147,173],[-3,127],[-49,49]],[[57511,25100],[-207,205],[-271,112],[-50,128],[40,36]],[[57260,23614],[58,-67],[-74,-47],[-3,-140],[-116,-115],[46,-24],[4,-77],[83,-21],[258,99],[94,-157],[93,-38],[118,-137],[385,-148]],[[58206,22742],[4,3]],[[57925,23269],[-99,95],[59,74],[108,-17],[69,38],[103,-26],[134,52],[62,69],[233,51],[83,-14]],[[58719,23779],[-260,-74],[-338,-29],[-303,-99],[-194,87],[-113,168],[-89,22],[-138,-56],[-124,-3],[100,-181]],[[56945,24261],[73,-256],[-141,-187],[130,-11],[25,-95],[-132,-110]],[[56900,23602],[110,-2],[90,55],[160,-41]],[[58895,24100],[-62,1],[39,53],[-150,61],[-42,103]],[[58680,24318],[-222,-83],[-127,16],[-181,-54],[-67,26],[-97,-46],[-174,41],[20,-82],[-224,10],[-84,-41],[-85,179],[-146,19],[-28,72]],[[58311,24849],[-166,-216],[-279,92]],[[58680,24318],[-137,182],[-27,176]],[[58516,24676],[-205,173]],[[54382,26010],[-175,-101],[-3,-67],[-64,-51],[6,-107],[-186,-34],[-83,-68],[-317,-124],[34,-109]],[[54455,24865],[77,58],[187,36],[236,114],[-69,123],[165,-44],[154,-102],[64,5],[-19,61],[75,98]],[[55325,25214],[57,21],[-53,65],[52,103],[-24,71],[119,124],[-13,131],[71,30]],[[51642,26061],[90,-172],[-80,-208],[57,-128],[-11,-213],[169,-144],[-99,-193]],[[54382,26010],[-168,7],[-399,-67],[-86,-24],[32,-49],[-52,-18],[-248,100]],[[59350,26082],[-97,-105],[-97,-61],[-83,-4],[-31,-56],[-208,-16],[-21,-32],[-95,12],[28,76],[-59,47],[-47,-59],[-123,18],[-55,80],[-79,-10]],[[58383,25972],[-173,-100],[-243,-49],[22,-129],[-109,-69],[-14,-63],[-142,-127]],[[57724,25435],[97,-62]],[[59172,25510],[100,40],[140,1],[85,65],[238,51]],[[59735,25667],[-307,83],[-82,118],[80,52],[-76,162]],[[22258,62101],[-64,-132],[-230,-116],[52,-69],[-79,-82],[13,-89],[80,-132],[118,-52],[78,14],[-73,-241],[286,-27],[109,-187]],[[22548,60988],[84,-16],[71,53],[119,-17],[50,75],[94,22],[126,-62],[142,110],[69,-14],[35,-67]],[[23338,61072],[116,56],[267,25]],[[57420,25493],[304,-58]],[[58383,25972],[-124,136],[-76,193],[-282,90],[59,24],[33,101]],[[57993,26516],[8,48],[-129,50],[73,80],[-86,41],[15,75]],[[21528,62605],[-111,-182],[71,-190],[-39,-66],[34,-169],[-179,-102],[-72,-225],[-88,-72]],[[21144,61599],[-115,-121],[8,-55]],[[21037,61423],[308,102],[-10,-86],[90,-112],[-100,-46],[0,-82],[131,-32],[31,-101]],[[21487,61066],[376,-121],[197,-198]],[[22060,60747],[136,11],[181,-52],[19,-42],[228,-21]],[[22624,60643],[-15,272]],[[22609,60915],[-71,34],[10,39]],[[21454,60459],[-159,-96],[-59,-114],[69,-62],[-114,-114]],[[23198,59900],[43,85],[-217,41],[-153,69],[-145,110],[-15,80]],[[22711,60285],[-408,56],[-248,99]],[[22055,60440],[-176,-50],[-425,69]],[[26127,58881],[-82,-46],[-314,-42],[-255,-131],[-240,1]],[[25236,58663],[100,-248]],[[25336,58415],[185,-118],[96,-114]],[[25617,58183],[249,96],[403,-2],[195,66],[77,-43],[37,109],[94,-26],[122,36],[-67,68]],[[26727,58487],[-129,237],[-182,59],[-42,114],[-199,-47],[-48,31]],[[24069,59946],[-399,-142],[-227,-1]],[[23608,59281],[108,-47],[-28,-33],[-184,-7],[-93,-103],[-26,-75],[59,-159],[-76,-95],[-94,-21],[10,-167],[-47,-30],[53,-54]],[[23290,58490],[126,-27],[28,-157]],[[23444,58306],[209,-141],[140,-18],[62,38],[125,-61],[104,-77],[-52,-29],[4,-111],[161,-39]],[[24197,57868],[315,-50],[67,34],[-30,52],[41,27],[-63,98],[168,-25],[61,63],[150,22],[98,110],[141,58],[-5,102],[105,59],[91,-3]],[[25236,58663],[-123,225],[-78,45],[-63,-9],[-36,44],[131,257],[-28,106],[49,40],[104,3]],[[25192,59374],[-186,75],[-77,-6],[-285,268],[-104,34],[-13,91]],[[24527,59836],[-7,34],[-451,76]],[[26127,58881],[-113,71],[-21,83],[114,269],[-110,111],[-144,37]],[[25853,59452],[-277,53],[-260,-62],[-52,-80],[-72,11]],[[24151,64338],[-432,-46],[-63,-35],[-73,27]],[[23583,64284],[-54,-27],[-138,62],[-176,-25],[-216,-102]],[[22999,64192],[106,-136],[-22,-97],[113,-102],[11,-169]],[[23207,63688],[286,48]],[[23493,63736],[-85,141],[-159,106],[-7,55],[226,43],[80,-73],[79,22],[11,49],[84,-14],[86,-195],[200,37],[389,-323],[224,-300],[-38,-124]],[[24583,63160],[284,189],[97,14],[-3,237],[109,87],[-2,159]],[[25068,63846],[-55,0],[-66,72],[-271,23],[-53,56],[-95,21],[-135,101],[-39,113],[-203,106]],[[20481,64935],[-58,-69]],[[20423,64866],[101,-67],[-9,-119],[135,-116],[12,-77],[130,26],[19,-120],[-66,-190],[216,-212],[-4,-157]],[[20957,63834],[105,-13],[53,-92]],[[21115,63729],[53,14],[68,129],[104,6]],[[21340,63878],[125,88],[146,35],[225,181],[80,12],[144,-71]],[[22060,64123],[-124,206]],[[21936,64329],[-215,90],[-118,132],[-4,67],[-131,51],[-55,79],[-303,121],[-126,-13],[-326,75]],[[20658,64931],[-27,-16],[-150,20]],[[22404,65625],[-181,254]],[[22223,65879],[-112,-27],[-118,21],[-335,-100],[-136,13],[-399,-52]],[[21123,65734],[-133,-8],[-33,-97]],[[20957,65629],[76,-178],[118,-17],[30,-35],[407,6],[51,71],[270,-126],[259,8],[112,79],[26,92],[98,96]],[[17852,59404],[-49,-174],[45,-89]],[[17848,59141],[70,-38],[-22,-103],[166,-81],[-39,-145],[137,-205],[260,-191],[268,27]],[[18688,58405],[131,179]],[[18819,58584],[-11,133],[61,20],[10,71],[177,168],[133,75],[272,30],[82,53],[-79,132],[-163,52],[-22,43],[290,152],[49,83],[246,80]],[[19864,59676],[-249,27],[-127,-55],[-48,211]],[[19440,59859],[-44,-48],[-128,94],[-191,-59],[-130,27],[-111,-37],[-179,68]],[[18657,59904],[-193,-43],[-323,-244],[-134,-6],[-155,-207]],[[19173,65113],[-177,-67],[-31,-110],[179,-107],[-33,-93],[112,45],[-6,-209]],[[19217,64572],[280,29],[265,-26],[108,-156],[123,9],[137,-57]],[[20130,64371],[79,69]],[[20209,64440],[-163,64],[-144,179],[-303,93],[26,40],[170,31],[183,191],[-297,70],[-261,-58],[-242,37],[-5,26]],[[18701,65642],[-233,-135],[-61,-94],[57,-95],[-96,-79],[-170,-51],[-180,-149],[-182,-22]],[[17836,65017],[64,-113],[-27,-52],[307,-206]],[[18180,64646],[279,6],[99,-92],[79,-18]],[[18637,64542],[110,28],[184,126],[162,-127],[124,3]],[[19173,65113],[-122,128],[-35,193],[-136,142],[-179,66]],[[20130,64371],[-79,-81]],[[20051,64290],[11,-26],[116,8],[84,-81],[-26,-85],[41,-112]],[[20277,63994],[113,31],[112,-36],[63,21],[392,-176]],[[20423,64866],[-65,-17],[-88,-199],[20,-119],[-81,-91]],[[16958,65233],[-205,-128],[-98,-166],[154,-274],[-1,-121],[-378,-248],[1,-123],[-169,173],[-146,-19],[16,-74],[-229,-51]],[[15903,64202],[-40,-45],[-146,-3]],[[15717,64154],[-64,-17],[-49,-96],[-96,-62],[140,-63],[149,32],[173,-60],[60,-132]],[[16030,63756],[193,-25],[338,49]],[[16561,63780],[-81,285],[-107,53],[248,-17],[219,-87],[209,18],[319,-38]],[[17368,63994],[256,166],[54,238],[169,192],[80,36],[64,-46],[189,66]],[[17836,65017],[-79,31],[-45,145],[-74,62],[-298,30],[-382,-52]],[[16402,66235],[-31,-28],[-204,-13],[16,-67],[-186,-142],[-62,-14],[-106,38],[-83,-31],[-98,-68],[-63,-124],[-264,32],[-153,-76],[-135,9],[-161,-270],[-122,-67]],[[14750,65414],[48,-3]],[[14798,65411],[364,14],[552,-132],[77,-84],[-123,-37],[333,-239],[-17,-168],[-73,-82],[-81,-21],[-80,-110],[-97,-28],[-32,-138],[-77,-47]],[[15544,64339],[79,-26],[94,-159]],[[15903,64202],[-113,213],[80,13],[214,159],[74,430],[87,105],[172,89],[47,87],[105,42],[18,153],[225,1]],[[16812,65494],[-23,136],[-69,70],[38,126],[-53,103]],[[16705,65929],[39,152],[-86,16],[-44,191],[-169,-18],[-43,-35]],[[22946,66417],[-355,243],[-15,50],[-72,12],[-23,109],[-156,55],[-1,72],[-76,19]],[[22248,66977],[-111,-291],[51,-44],[-17,-75],[-85,-79]],[[22086,66488],[-37,-39],[26,-166],[96,-127]],[[22171,66156],[37,-28]],[[22208,66128],[179,88],[104,-27],[103,-133],[53,-14],[433,210]],[[23080,66252],[-108,41],[-26,124]],[[17540,60929],[-171,70],[-131,-72],[-93,41],[-119,-35],[-224,40],[-116,-55],[-304,-16]],[[16382,60902],[-188,-94],[52,-68],[-81,-107],[82,-168],[-108,18],[-191,-47],[-164,-138],[-238,-87],[-91,4]],[[15455,60215],[29,-45],[146,-23],[115,-97],[132,-29],[179,68],[85,-10],[169,-163]],[[16310,59916],[236,-66],[263,99],[88,-24]],[[16897,59925],[147,74],[295,18],[221,52],[88,94],[-79,118],[58,48],[257,85],[136,84],[115,6]],[[18135,60504],[0,54],[126,32],[172,-90],[98,93],[48,229],[146,128]],[[18258,61007],[-238,-88],[-109,-242],[-140,-72],[-70,18],[-21,152],[-72,30],[-68,124]],[[18452,65857],[249,-215]],[[20481,64935],[-111,100],[-7,119],[136,30],[149,129]],[[20648,65313],[-24,121]],[[20624,65434],[-133,114],[-148,51],[-123,198],[-212,37]],[[20008,65834],[-116,-43],[-104,29],[-8,-37],[-102,-30],[-201,-24],[-299,231]],[[19178,65960],[-90,22],[-107,-46],[-562,54],[33,-133]],[[18162,67269],[-32,-50],[-167,-76]],[[17963,67143],[195,-134],[-17,-89],[184,-36],[120,39],[48,-23],[132,-197],[-58,-43],[92,-163],[-42,-79],[110,-84],[82,3],[70,-124],[299,-253]],[[19178,65960],[154,215],[-28,161],[169,76],[-4,-36],[209,-58],[89,-75]],[[19767,66243],[74,98],[67,14],[-53,95]],[[19855,66450],[-142,117],[-214,25],[-178,111],[-65,103],[12,113],[-97,139],[6,147]],[[20572,68579],[-32,-53],[-76,0],[11,-77],[-68,-109],[-141,-19],[-205,-198],[-137,8],[-180,-100],[-58,5],[-52,-220],[-82,-67]],[[19466,67391],[213,-17],[141,-81],[-7,-101],[131,-31],[123,93],[74,224],[266,174]],[[20407,67652],[438,335]],[[20845,67987],[-81,77],[41,68],[-63,183],[-104,62],[92,242]],[[20730,68619],[-121,9],[-37,-49]],[[20622,67161],[-136,102],[22,122],[-93,65],[62,70],[-70,132]],[[19391,67314],[101,-71],[124,-29],[386,-425],[100,-30],[60,-91],[-49,-73]],[[20113,66595],[122,-71]],[[20235,66524],[302,169],[66,14],[83,-32],[92,49],[-76,117],[-250,187],[45,75],[125,58]],[[16686,66906],[-173,28],[-198,-264],[-104,-31],[-10,-59]],[[16201,66580],[201,-345]],[[16705,65929],[95,39],[288,-13],[167,-97],[172,-3],[266,-156],[128,62],[123,-114],[98,64],[196,26],[54,60],[160,60]],[[17963,67143],[-222,-53],[-69,-116],[17,-125],[-76,-36],[-53,28],[-139,-9],[-412,-119],[-323,193]],[[20113,66595],[-258,-145]],[[19767,66243],[68,-29],[56,-158],[243,-71]],[[20134,65985],[401,28],[199,-45],[178,109],[30,200],[286,47]],[[21228,66324],[25,149]],[[21253,66473],[-137,-83],[-95,12],[-154,-43],[-95,22],[-362,-146],[-128,-6],[-89,57],[53,94],[-64,53],[53,91]],[[21513,67103],[-59,54],[-6,163]],[[21448,67320],[-147,148]],[[21301,67468],[-125,-22],[-272,-304],[-170,-102],[-112,121]],[[21253,66473],[-27,134],[143,124],[6,79]],[[21375,66810],[45,108],[-23,119],[116,66]],[[21409,66303],[-181,21]],[[20134,65985],[-126,-151]],[[20624,65434],[133,40],[65,99],[135,56]],[[21123,65734],[35,181],[103,67],[6,54],[49,23],[102,-34]],[[21418,66025],[-105,150],[96,128]],[[21301,67468],[-105,143],[-148,77],[-91,199],[-112,100]],[[22806,64388],[-37,-65],[-127,62],[-321,-147],[-56,-82],[-205,-33]],[[21340,63878],[111,0],[132,-71],[230,-32],[-57,-35],[73,-78],[-38,-64],[52,-70],[194,-184],[66,-123],[-25,-133]],[[22680,62891],[161,-3],[52,111],[95,-25],[98,21],[-24,63],[86,66],[-99,414],[158,150]],[[22999,64192],[-180,122],[-13,74]],[[16785,68932],[-69,-29],[-102,49],[-128,-69],[-45,-185],[-63,-44],[17,-126],[-133,-78],[59,-92],[-163,-170],[-245,-178],[-58,33],[-133,-18]],[[15722,68025],[-191,-139],[-18,-73],[-288,-93],[-174,-122],[26,-180]],[[15077,67418],[168,152],[276,3],[94,-16],[28,-144],[208,-199],[63,43],[-75,75],[-12,119],[138,75],[326,-98],[-21,-119],[198,-19],[31,-79],[95,-64],[68,16],[97,151],[143,-20]],[[16902,67294],[60,116],[119,-3],[-17,44],[201,174],[30,81],[144,31],[132,127]],[[16902,67294],[81,-74],[-105,-96],[60,-160],[-135,-65],[-117,7]],[[16191,70069],[-86,-34],[-188,32],[-157,-84],[-447,71],[-90,-61]],[[15223,69993],[217,-377],[-92,-182],[39,-61],[-49,-56],[-3,-126],[-117,-120],[1,-142]],[[15219,68929],[355,-21],[165,-87],[52,56],[120,22],[113,125],[406,19],[168,145]],[[16349,70163],[-158,-94]],[[15219,68929],[8,-252],[67,-101],[108,-41],[-3,-126],[204,-174],[-25,-85],[114,-60],[30,-65]],[[18597,69255],[136,73]],[[18733,69328],[163,510]],[[18896,69838],[65,95],[-174,299],[69,83]],[[18856,70315],[-276,12],[-186,47],[-107,100],[-204,-39],[-106,44],[-89,-6],[-149,127],[-145,307]],[[17594,70907],[-192,-117],[-258,-53],[-27,-76],[45,-59],[-184,-155],[-102,-22],[-40,-63],[32,-133],[-77,-72]],[[21718,71192],[-103,-45],[-57,-94],[-522,-261],[-2,-54],[-118,-63],[-194,19]],[[20722,70694],[-45,-92],[12,-42],[66,-8],[9,-101],[-65,-130],[98,56],[242,-35],[50,-58],[118,-2],[50,-77],[298,-36],[45,-72],[127,-30],[187,18]],[[21914,70085],[-64,105],[123,86]],[[21973,70276],[287,90],[154,107],[263,107],[-39,51],[82,103],[-24,45],[-68,-51],[-125,-30],[-89,17],[-24,-39],[-106,-19],[-150,96],[-134,157],[-141,69],[-33,107],[-108,106]],[[18020,72889],[-194,-190],[-26,-233],[-174,-218],[123,-132],[73,-316]],[[17822,71800],[217,-299],[62,-9],[96,46],[84,-81]],[[18281,71457],[95,85],[130,3],[178,64],[71,155],[68,48],[344,45]],[[19167,71857],[-17,121],[-129,49],[-115,151],[-80,32],[17,82],[-109,112],[-60,10],[65,23],[-47,58],[14,84],[-317,100],[-138,90],[-1,54]],[[18250,72823],[-149,10],[-81,56]],[[18281,71457],[-38,-14]],[[18243,71443],[5,-93],[150,-131],[-30,-66],[33,-29],[553,-3],[170,-37],[217,-206],[170,-32],[7,-73],[92,-64],[-41,-148],[121,-78]],[[19690,70483],[382,94],[48,192],[135,95]],[[20255,70864],[-142,28],[-124,177],[-22,132],[-116,47],[44,81],[-71,179]],[[19824,71508],[-586,197],[-71,152]],[[21718,71192],[-67,43],[-334,-1]],[[20688,74961],[-331,-46],[-112,17],[-52,-58]],[[20193,74874],[151,-101],[206,-8],[121,-82],[8,-108],[64,-42],[-53,-40],[96,-31],[-4,-46],[89,-75],[120,-23],[-18,-86],[42,-48],[-121,-52],[76,-55],[-27,-196],[-98,-182],[32,-232],[-139,-136],[-114,-38],[-112,-177],[-114,-7],[-63,-128],[-150,-45],[-44,-81],[-83,-4],[32,-77],[-57,-98],[-137,-88],[48,-86],[-30,-210],[43,-198],[-38,-51],[-7,-104],[-129,-138],[-22,-156],[63,-137]],[[20255,70864],[116,-44],[-23,-53],[171,-20],[28,37],[175,-90]],[[18856,70315],[565,27],[269,141]],[[18243,71443],[-110,2],[-156,-102],[-58,-113],[-196,-40],[10,-117],[-139,-166]],[[16711,73093],[-96,-90],[73,-102],[-103,-254],[-371,-60],[-2,-78],[-181,-155],[2,-59],[-272,-68],[-80,-80],[-9,-132]],[[15672,72015],[79,-17],[216,-243],[230,-48],[150,60],[149,-32],[99,19],[314,-72],[88,-108],[304,68],[101,115],[201,-21],[219,64]],[[18020,72889],[-98,78],[-120,-8],[-35,106],[-272,-46],[-306,80],[-231,20],[-247,-26]],[[20193,74874],[-267,12],[-303,-88],[-171,-120],[-1,-77],[-67,-61],[-146,-81],[1,-263],[-203,-93],[21,-55],[166,-93],[-41,-132],[-108,-57],[-11,-49],[36,-56],[141,-61],[-17,-78],[-426,-60],[-211,18],[-152,-386],[-112,-114],[-72,-157]],[[73109,26338],[-132,-3]],[[72977,26335],[-217,-140],[-353,90],[-82,-53],[18,-101],[-70,-78]],[[72273,26053],[25,-149],[228,-95],[25,-80]],[[72551,25729],[84,8],[54,52],[112,-95],[229,-10],[205,50],[173,134],[305,24]],[[73713,25892],[-32,80],[-162,15],[-108,145]],[[73411,26132],[-71,53],[-99,2],[-65,113]],[[73176,26300],[-67,38]],[[26643,61632],[-512,-175],[-147,-130],[-171,-78],[-109,36],[-74,-22],[-182,24],[-94,-101]],[[25354,61186],[182,-167],[15,-133],[157,-172],[-26,-69]],[[25682,60645],[86,-53],[-8,-64],[86,-35],[34,-84]],[[25880,60409],[22,-36],[-53,-55],[211,-139],[214,55],[182,-52],[206,-115]],[[26662,60067],[222,42],[72,-56],[228,-57],[418,91]],[[27602,60087],[-70,35],[45,200],[-69,86],[-121,34],[-20,156],[80,101],[-259,82],[-3,98]],[[27185,60879],[-42,97],[-84,19],[4,79],[-99,26]],[[26964,61100],[-21,5],[-99,36],[-32,268],[-154,148],[-15,75]],[[17714,62674],[93,-44],[21,-86]],[[17828,62544],[166,-292],[219,-100]],[[18213,62152],[68,-18],[49,-75],[129,-13],[31,-42]],[[19707,62375],[48,15],[-56,109],[-140,68],[-48,72]],[[19511,62639],[-215,86],[-44,104]],[[19252,62829],[-197,-7]],[[19055,62822],[-185,39],[-348,-126],[-335,126],[-224,18],[-136,-92],[-8,-72],[-105,-41]],[[19817,62621],[-97,-14],[-125,63],[-84,-31]],[[19925,61941],[71,73],[23,192],[82,35],[21,85],[177,98],[228,271],[168,19],[90,-42],[271,65],[245,-20]],[[21301,62717],[22,53],[82,26]],[[21405,62796],[27,94],[-124,34],[-41,109]],[[21267,63033],[-184,-9],[-160,-145],[-170,-68],[-252,-36],[-90,-72],[-199,-15],[-59,56],[-84,14],[-252,-137]],[[17402,61885],[-79,-105],[-338,-97],[-35,-218],[-64,-48],[-92,-37],[-69,25],[-199,-48],[-261,-6],[-234,-74]],[[16031,61277],[-66,-51]],[[15965,61226],[12,-55],[174,-44],[1,-69],[114,-129],[116,-27]],[[17540,60929],[36,129],[104,123],[-11,70],[178,157],[44,134],[-85,125],[82,60],[-1,100],[-132,117]],[[17755,61944],[-77,10],[-276,-69]],[[19859,61882],[194,-26]],[[20053,61856],[208,130],[154,3],[29,133],[188,78],[130,102],[54,149],[152,53],[164,3],[124,79],[45,131]],[[42776,65073],[45,-126],[-96,-21],[-33,22],[-51,-34]],[[42641,64914],[64,-83],[112,-8]],[[42817,64823],[56,31],[0,142],[62,67],[229,-26],[-3,61],[103,32],[63,-32],[-17,-85],[50,-16],[89,92],[168,30],[70,85],[263,3],[33,249],[55,10],[101,-52],[-7,158],[245,75],[-62,-73],[343,-281],[231,-386],[238,-217],[63,-126],[718,-302]],[[45908,64262],[49,169],[-46,146]],[[45911,64577],[-192,139],[18,57],[-182,176],[-24,94],[-400,68],[-416,604],[-552,-10],[-256,-97],[-398,-249],[-733,-286]],[[18243,61327],[29,310],[-102,186],[-80,43],[29,116],[-179,114]],[[17940,62096],[-180,21],[-5,-173]],[[20053,61856],[87,-157],[548,-70],[219,-101],[121,75],[116,-4]],[[21513,62708],[-48,78],[-60,10]],[[18634,64271],[-104,-32],[-66,-117],[-72,-34],[-5,-69],[-107,-13],[-23,-83]],[[18257,63923],[77,3],[164,-68]],[[18498,63858],[244,-115]],[[18742,63743],[144,106],[153,-11],[61,28],[103,-85],[154,14]],[[19357,63795],[-158,364],[-120,112]],[[19079,64271],[-99,-26],[-193,36],[-21,-38],[-132,28]],[[16561,63780],[84,-117],[174,-13],[63,-117],[137,81],[229,7],[-7,-102],[58,-43],[-25,-67],[141,-206],[-46,-42],[-139,-21],[-115,-68],[-138,-6],[-93,-72],[-150,-34]],[[16734,62960],[351,-152],[22,-39],[70,13],[37,-63],[500,-45]],[[19055,62822],[-51,36],[22,104],[-151,84],[-86,182],[-69,30],[18,111],[-178,173],[-242,104],[25,79],[155,133]],[[18257,63923],[-199,-96],[-145,-12],[-545,179]],[[18637,64542],[95,-127],[-98,-144]],[[19079,64271],[84,36],[168,-1],[129,-32],[122,-111],[140,-1]],[[19722,64162],[99,-17],[68,82],[162,63]],[[19357,63795],[75,112],[116,-69],[134,3]],[[19682,63841],[100,4],[165,69]],[[19947,63914],[8,29]],[[19955,63943],[-144,-26],[-81,109],[28,81],[-36,55]],[[19252,62829],[59,129],[-51,135],[103,84],[17,93],[175,142],[10,120]],[[19565,63532],[-244,19]],[[19321,63551],[-216,94],[-79,-35],[-84,12],[-200,121]],[[75252,25406],[-314,-445],[-28,-181]],[[74910,24780],[203,-80],[56,-208]],[[75169,24492],[77,22],[122,-27],[149,101],[184,-120]],[[75701,24468],[116,51],[-15,173],[60,49]],[[75862,24741],[130,136],[-59,199],[-186,142]],[[75747,25218],[-69,-22],[-84,58],[-15,87]],[[75579,25341],[-327,65]],[[76590,24320],[-42,-109],[-44,-11],[37,-43],[-85,-61],[63,-135]],[[76519,23961],[112,73],[90,-74],[19,58],[93,-17],[69,-49],[-58,-15],[7,-79],[169,-5],[58,-142]],[[77078,23711],[353,18],[158,104]],[[77589,23833],[-162,20],[-22,86]],[[77405,23939],[-78,23],[-83,119],[-82,-21],[-129,64],[-25,54],[73,9],[-58,101]],[[77023,24288],[-280,-17],[-153,49]],[[72437,27081],[-136,-61],[-24,-97],[-54,3],[-150,-43],[-73,-218]],[[72000,26665],[-3,-74],[-254,-50],[-69,-142],[-97,-36]],[[71577,26363],[263,-52],[75,-70],[175,-32],[183,-156]],[[72977,26335],[-335,259],[10,65],[-60,56],[150,129]],[[72742,26844],[38,46]],[[72780,26890],[-79,55],[-30,107]],[[72671,27052],[-127,43],[-107,-14]],[[32986,35668],[-78,-36],[-244,-15]],[[32664,35617],[31,-86],[82,-2],[116,-131],[163,-385]],[[33133,35022],[62,-41],[201,-25]],[[33396,34956],[-70,76],[102,227],[-33,115],[-86,28],[-36,78]],[[33273,35480],[-81,-62],[-19,32],[-54,-5],[11,45],[109,56]],[[33239,35546],[-89,120]],[[33150,35666],[-164,2]],[[74518,26500],[-272,-338],[5,-69],[134,-33],[-49,-86]],[[74336,25974],[3,-27],[330,-83],[162,-88]],[[74831,25776],[185,125]],[[75016,25901],[-125,93]],[[74891,25994],[-206,206],[59,-16],[248,255],[64,21]],[[75056,26460],[-251,103]],[[74805,26563],[-69,-51],[-218,-12]],[[74133,26667],[-119,-69],[42,-260]],[[74056,26338],[177,-55],[-279,2]],[[73954,26285],[-36,-62],[-77,-12],[4,-66],[186,-125],[173,-82]],[[74204,25938],[44,-1],[8,41],[80,-4]],[[74518,26500],[-385,167]],[[73713,25892],[190,-4],[88,-43]],[[73991,25845],[55,33],[113,-18],[45,78]],[[73954,26285],[-131,56]],[[73823,26341],[-168,10],[-229,-151],[-15,-68]],[[20873,68849],[-47,-171],[121,-190],[152,-145],[274,-166],[223,-13]],[[22048,69390],[-134,-44],[-80,37],[35,40],[-59,59],[122,35],[50,54],[-33,31],[-124,4],[11,41],[-50,14],[77,28],[-65,5],[42,79],[-44,15],[14,31],[38,-23],[47,29],[-83,51],[80,39],[-11,53]],[[21881,69968],[-223,-68],[-9,-71],[-189,-177],[21,-75],[-112,-71],[-41,-91],[-112,-31],[-95,-167],[-269,-115],[11,-57],[255,-95],[-26,-64],[-219,-37]],[[75598,18627],[-191,-231],[53,-69],[-20,-81],[-346,-72],[-103,-66],[-208,-56],[92,-162],[175,-18],[110,59],[120,-12],[109,-70],[248,13],[223,-49],[326,-5],[66,-109],[159,-123],[200,-75],[225,94]],[[76836,17595],[132,366],[465,-98],[217,113],[10,108],[-151,66],[-51,124]],[[77458,18274],[-355,70],[-355,182],[58,76],[344,197],[-22,36],[-105,2],[-155,68],[-25,86],[-137,-34],[-75,48],[-351,82],[-405,-100],[-25,30],[-76,-17],[-122,-60],[-54,-313]],[[74910,24780],[-10,-34],[-119,-22]],[[74781,24724],[-217,45],[-220,-117],[-201,78],[-75,-48]],[[74068,24682],[110,-71],[22,-200],[-46,-44]],[[74154,24367],[112,-207],[107,1],[81,-67],[203,143],[46,117],[213,-200],[44,-8],[61,53],[79,-26]],[[75100,24173],[-57,80],[55,84]],[[75098,24337],[11,125],[60,-2],[0,32]],[[72551,25729],[-55,-22],[-221,-31],[-485,-355]],[[71790,25321],[-26,-42],[202,-35],[134,-94],[185,-12],[144,-173],[102,-23]],[[72531,24942],[171,41],[314,9],[124,73],[172,29],[377,-147]],[[73689,24947],[38,156],[-68,273]],[[73659,25376],[16,66],[149,41],[10,130],[104,63],[59,95],[-6,74]],[[75779,23638],[-412,-125]],[[75367,23513],[-35,-130],[-115,53],[-208,0],[-136,47],[-59,-177],[-217,301],[-60,-33],[9,-40],[-264,-146]],[[74282,23388],[75,-220],[-38,-75],[53,-72],[-126,-108]],[[74246,22913],[99,-32],[148,-179],[157,-58],[441,23],[65,111],[159,-64],[143,-5],[62,-39],[1,-84],[77,-19],[-27,-37],[76,-150],[-157,-39]],[[75490,22341],[117,-85],[126,52],[203,-69],[88,0],[97,74],[-63,131],[87,100],[26,144],[-71,274],[-145,108],[8,54]],[[75963,23124],[-192,480]],[[75771,23604],[8,34]],[[73689,24947],[55,-11],[14,-78],[-80,-116],[286,-5],[104,-55]],[[74781,24724],[-61,103],[-158,63],[-39,94],[-190,67],[0,122],[-121,78],[76,47],[-28,67]],[[74260,25365],[-254,31],[-64,58],[-174,-14],[-109,-64]],[[74380,30676],[-99,-98],[-65,-8],[118,-49],[110,-142],[116,-44],[-136,-83],[4,-101],[142,-64],[-6,-124],[89,-48],[8,-87],[94,-26],[92,-140],[95,-9],[41,-52]],[[74983,29601],[205,-48],[170,-197],[84,-20],[-117,-122],[182,-106],[52,-81],[109,-34],[54,-121],[179,-76],[-27,-41],[79,-79],[359,-257],[147,-23],[157,-354],[96,0],[58,-56],[156,-24]],[[76926,27962],[64,33],[-11,35],[219,82],[-68,81],[54,47],[-25,113],[160,68],[-10,49],[144,92],[67,105],[91,-15],[145,43],[228,-57],[134,33],[229,-191],[127,-26],[60,-89],[98,-30],[88,-92],[23,-71],[-45,-76],[98,-99],[10,-82],[273,-123],[-42,-136],[83,-13],[-74,-197],[113,-110],[-125,-116],[0,-110],[-266,-54],[-19,-110],[121,-126],[-38,-108]],[[78832,26712],[297,27],[137,-67],[115,8],[9,-86],[112,-7],[222,-132],[27,-59]],[[79751,26396],[226,-52],[52,69]],[[80029,26413],[88,109],[102,-19],[89,68]],[[80308,26571],[45,47],[-46,100],[31,90],[-130,209],[27,53],[64,13],[-22,92],[50,15],[123,195],[148,98],[-48,71],[169,10],[27,81],[111,50],[120,123]],[[80977,27818],[-214,91],[-242,36],[-102,123],[-72,403],[-56,72],[-79,20],[-45,100],[41,194],[-96,63],[58,204],[-102,106],[59,89],[102,18],[-20,61],[-74,14],[-43,-33],[-154,62],[-197,10],[-79,-81],[-269,53]],[[79393,29423],[-53,6],[-5,42],[-188,42],[-48,66],[-99,15],[-349,277],[-21,-62],[-110,-46],[-167,98],[-155,-62],[-12,62],[-73,4],[23,49],[-107,-16],[-88,72],[51,45],[-20,75],[-87,0],[78,71],[-104,14],[-43,84],[-243,152],[-55,141],[-83,64],[-82,-15],[-182,64],[-54,148],[-370,45],[-305,-51],[-170,-106],[-272,-54],[3,-82],[-106,-105],[-118,-74],[-191,-53],[-102,46],[-36,111],[-274,10],[-100,119],[-548,74],[-148,-17]],[[75098,24337],[232,-67],[23,-181],[376,-194],[50,-257]],[[75771,23604],[197,39],[221,-58],[125,266]],[[76314,23851],[-81,50],[-65,-25],[-113,155],[-131,57],[24,93],[-57,67],[-190,220]],[[71456,26440],[-475,-71]],[[70981,26369],[-76,-13],[-43,-109],[-81,-51],[-56,-284],[-89,-6],[-120,-123],[-78,-21]],[[70440,25716],[-22,-95],[262,-36],[116,-87],[313,-91],[21,-56],[114,27],[60,74],[228,43],[85,-59],[49,29],[-3,-57],[111,-44]],[[71774,25364],[16,-43]],[[71577,26363],[-38,37],[-87,-5],[4,45]],[[70665,27247],[26,-110],[198,-70]],[[70889,27067],[49,39],[66,-6],[108,-97],[77,3],[104,-83],[117,-12]],[[71410,26911],[88,41],[139,3],[363,-290]],[[72437,27081],[-186,-3],[-314,139],[-42,127],[26,71],[-155,11]],[[71766,27426],[-273,-11],[-127,95],[-155,-26],[-90,26],[0,30],[-183,-37],[-212,162],[-176,-108],[17,-160],[21,-48],[59,1],[18,-103]],[[69281,27404],[-63,-162],[-134,-168],[60,-123],[258,-170],[116,-133],[89,-195],[-4,-82],[-112,-98],[-221,-89]],[[70981,26369],[-368,90],[109,101],[9,37],[-96,76],[17,57],[110,44],[-5,44],[-55,17],[27,110],[160,122]],[[70665,27247],[-93,-21],[-205,111],[-135,-24],[-114,29],[-88,-103],[-159,9],[-151,-42],[-94,17],[-49,-41],[-186,1],[-64,31],[45,96],[-71,85]],[[69301,27395],[-20,9]],[[69281,27404],[-93,-22],[-160,-136],[-120,4],[-161,-124],[-121,48],[-180,-119],[-259,-56],[-67,-77],[-216,88],[-195,-59],[-213,-182]],[[67496,26769],[179,-160]],[[53893,30377],[-71,-58]],[[53822,30319],[-39,-85],[174,-191],[1,-126],[-94,-75],[-26,-199]],[[53838,29643],[223,-39],[85,-140],[94,-61],[53,8]],[[54293,29411],[-26,62],[51,56],[19,321],[-59,105],[-68,31],[-3,313]],[[54207,30299],[-65,-13],[-201,104],[-48,-13]],[[54308,30315],[-101,-16]],[[54293,29411],[59,43]],[[54352,29454],[505,116],[437,266]],[[55262,30135],[-297,-11],[-154,109]],[[54811,30233],[-70,0],[4,36],[-56,10],[-62,-33],[-111,48],[-208,21]],[[51714,30816],[-100,-417],[-75,-47],[210,-79],[147,27],[52,-132],[109,-60]],[[52592,30563],[60,19],[39,77],[-31,112]],[[52660,30771],[-132,73],[7,158],[-227,48],[-107,167]],[[52201,31217],[-190,33],[-75,68],[-82,-53],[-176,-15],[2,-223],[82,-46],[-48,-165]],[[72253,29094],[-163,-399]],[[72090,28695],[96,-71],[94,-16],[16,-90],[90,-47],[24,-206]],[[72410,28265],[152,-92],[333,-5],[229,-122]],[[73124,28046],[131,56],[-12,30],[207,16],[237,-95],[88,42],[212,-26],[135,172],[112,50],[169,-29],[55,-73],[80,-18],[70,26]],[[74608,28197],[-68,187],[140,89],[-7,61],[-179,88],[59,61],[-86,67],[11,158],[-180,137],[34,62]],[[74332,29107],[-398,153],[-17,79],[-137,6],[59,77],[-197,114],[-61,-49],[-94,54],[33,88],[-46,24],[-400,-142],[-146,-208],[-177,-8],[-82,-38],[-41,-130],[-72,16],[-303,-49]],[[74974,27484],[-59,-23],[-5,-47],[-90,-20],[23,-57],[-80,-55]],[[74763,27282],[15,-48],[-99,-158],[-144,-11],[-98,-64],[126,-56]],[[74563,26945],[122,-25],[77,-229]],[[74762,26691],[300,157],[150,-79],[57,29],[1,82],[89,35],[121,-10],[48,-40]],[[75528,26865],[88,64],[150,-4],[-118,190],[-344,233],[-89,139],[-241,-3]],[[74762,26691],[84,-61],[-41,-67]],[[75056,26460],[80,-15]],[[75136,26445],[197,-95],[80,-114],[212,-152]],[[75625,26084],[182,119]],[[75807,26203],[-93,357],[-53,56],[79,27],[-65,51],[83,32]],[[75758,26726],[-110,53],[-57,83],[-63,3]],[[73033,31888],[-34,-33],[-121,7],[-266,-176],[24,-166],[-110,-208],[-398,-219],[-160,-13],[-146,-31],[-344,64],[-315,11],[-219,101],[-236,10],[-32,-45]],[[70676,31190],[380,-164],[-247,-94],[-78,-175],[-26,-267],[9,-69],[64,-39],[-37,-218],[57,-106],[162,-99],[-33,-76],[141,-197],[199,-107],[67,24],[54,-49],[69,13],[27,-32],[342,-77],[82,-214],[248,-60],[67,-79],[30,-11]],[[74332,29107],[204,153],[92,-13],[149,50],[38,128],[125,33],[43,143]],[[74380,30676],[-141,72],[3,117],[-267,44],[-104,-16],[-108,57],[67,115],[110,42],[-72,218],[-149,35],[22,151],[-151,60],[-74,122],[-149,114],[-166,30],[-59,70],[-109,-19]],[[77259,22634],[106,-91],[55,-163],[-86,-71],[-183,18],[-43,-167]],[[77108,22160],[114,-52],[104,29],[192,-25],[-12,-285],[86,-54],[218,104],[134,-9],[352,69],[87,-68],[-3,-69]],[[78380,21800],[356,185],[86,2]],[[78822,21987],[85,86],[-7,106]],[[78900,22179],[-64,57],[-116,-45],[-170,49],[40,264]],[[78590,22504],[-203,82],[-37,79],[-88,-4],[-61,-48],[-15,103],[-75,57]],[[78111,22773],[-66,-42],[-135,54]],[[77910,22785],[-120,26],[36,-65],[-96,-172],[-113,73],[-145,22],[-213,-35]],[[78536,21680],[-80,-36],[-324,8],[-189,-57],[-235,-14],[-68,-89],[-151,-9],[-110,-54],[-156,22],[-104,73]],[[77119,21524],[-179,-49],[-94,-106],[-168,-40],[32,-178],[-160,-114],[-166,-21],[-43,-136],[32,-27]],[[76373,20853],[255,-6],[55,-59],[215,-21],[297,55],[101,-178],[206,-53],[125,8],[16,-48],[247,-71],[87,-73]],[[77977,20407],[63,6],[77,-49],[75,108]],[[78192,20472],[226,198],[167,32],[-14,438],[112,70],[35,111],[-116,260]],[[78602,21581],[-66,99]],[[78192,20472],[269,-39],[69,-61],[299,26],[172,-231],[52,-13],[96,103],[289,-63],[90,67],[264,-41],[207,102],[62,82]],[[80061,20404],[70,113],[-72,66],[74,51],[-73,24],[2,58],[-127,104],[-191,63],[-27,132]],[[79717,21015],[-163,105]],[[79554,21120],[-15,-24],[-149,10],[-273,157],[-340,343],[-175,-25]],[[78380,21800],[156,-120]],[[79554,21120],[-232,133],[-82,121],[69,16],[271,-60]],[[79580,21330],[247,86]],[[79827,21416],[-83,75],[-50,-11],[-43,93],[-209,124],[1,40],[101,14],[-31,128]],[[79513,21879],[7,71],[-56,33],[-120,-3],[-182,69],[-68,-39],[-95,10],[-73,-63],[-88,-7],[-16,37]],[[81651,21484],[-89,-71],[-285,0],[-85,-122],[-285,10],[-108,-125],[-90,82],[-297,-30],[-33,122],[-118,15],[-102,-41],[-183,91],[-46,-22],[-103,23]],[[79580,21330],[355,-173],[236,-42],[79,-71],[-111,-145],[-422,116]],[[80061,20404],[187,-106]],[[80248,20298],[305,-82]],[[81669,20580],[26,64],[55,15],[-121,105],[22,52],[-162,199],[100,21],[-20,63],[52,65],[-43,109],[202,59],[-92,85],[15,47]],[[77108,22160],[34,-57],[-60,-57],[30,-77],[-49,-95],[51,-30],[-8,-60],[-109,-72],[122,-69],[0,-119]],[[76784,22941],[279,-76],[196,-231]],[[77910,22785],[-112,117],[-39,138]],[[77759,23040],[-182,-34],[-71,81],[-223,104],[-110,76]],[[77173,23267],[-87,36],[-212,-99],[-90,-263]],[[79513,21879],[175,42],[33,61],[528,87],[438,-55],[125,78],[192,-76],[165,90],[-67,63],[140,73],[461,-157],[89,-74],[214,-47],[58,-62]],[[82372,22797],[-273,73],[-100,-78],[-195,25],[-213,-33],[-33,-44],[-262,56],[-468,-201],[-143,-21],[-260,87],[-27,41],[-139,18],[-127,92],[-417,-20],[-28,-38],[-106,68],[-49,-72],[-90,16],[-93,79],[-24,-54],[-231,-140],[31,-103],[115,-39],[37,-71],[-113,-3],[-141,-111],[-88,-14],[29,-81],[-64,-50]],[[82421,24673],[-176,-149],[-125,-210],[-17,61],[-143,59],[-113,-5],[-252,82],[-37,-192],[-128,-26],[-72,-102],[19,-361],[-152,72],[-23,-25],[-175,18],[-49,-76],[-83,-9],[-59,-52],[-349,163],[-222,-134],[-141,8],[-50,-90],[-235,-30],[-20,-38],[-108,-17],[-66,30],[-158,-91],[-195,34],[-45,86],[-241,16],[-135,72],[-131,-34],[-58,-75],[-128,35],[-121,-32],[-80,80],[-286,134],[-75,90],[-4,134]],[[77988,24099],[-108,2],[-136,63],[-339,-225]],[[77589,23833],[108,-256],[252,-117],[69,-137]],[[78018,23323],[86,43],[82,205],[149,60],[355,-67],[65,-175],[61,-28],[144,63],[70,-27],[49,74],[237,-58],[-42,-89],[183,-76],[130,45],[95,-20],[126,78]],[[79808,23351],[82,102],[353,-176],[178,26],[197,-19],[295,-109],[82,-103],[195,147],[74,5],[64,-65],[106,27],[206,-83],[273,-16],[149,87],[86,-19],[208,37],[194,153],[264,28]],[[82814,23373],[-10,55],[-133,35],[-97,162],[65,64],[101,21],[-94,59],[69,121],[-23,60],[121,158],[161,96],[3,74],[-160,54],[42,93],[-61,122],[-164,12],[-213,114]],[[78018,23323],[-41,-77]],[[77977,23246],[33,-53]],[[78010,23193],[156,-46]],[[78166,23147],[136,30],[176,-70],[216,46],[89,-62]],[[78783,23091],[158,-24],[40,26],[326,-124]],[[79307,22969],[53,-39],[50,89],[137,10],[150,70],[21,-28],[78,23],[12,257]],[[80844,25258],[-177,-190],[-148,-7],[-120,95],[-208,6],[-118,-123],[-35,-126],[-78,-24],[-172,81],[-66,-10],[-143,-212],[-384,-49],[-60,-88]],[[79135,24611],[-55,-70],[30,-88],[-83,-16],[28,-77],[-95,-86],[-255,25],[-173,-106],[-146,132],[-118,0],[-41,-109],[-82,-52],[-141,0],[-16,-65]],[[82421,24673],[15,93],[132,84]],[[82568,24850],[-67,84],[-136,38],[-131,-79],[-12,-86],[-58,-33],[-168,74],[-180,-20],[-243,226],[-280,71],[-91,-18],[-358,151]],[[79307,22969],[-276,-132],[-38,-87],[-149,-130],[-228,-60]],[[78616,22560],[-26,-56]],[[83142,23329],[-141,53],[-91,7],[-82,-46],[-14,30]],[[77337,25388],[-320,-233],[-117,8],[-105,-85],[-236,78],[-160,-81]],[[76399,25075],[76,-91],[-57,-91],[75,-124],[-39,-34],[38,-68],[-41,-8]],[[76451,24659],[-2,-141],[141,-198]],[[77023,24288],[177,161],[187,55],[34,-32],[121,132],[147,2],[95,-80],[83,6],[276,143],[216,7],[78,87],[125,21]],[[78562,24790],[-237,76],[-150,125],[-156,8],[-383,280]],[[77636,25279],[-215,118],[-84,-9]],[[72410,28265],[-103,-60],[3,-67],[-93,-105],[-319,-159],[-26,-142]],[[71872,27732],[144,-55],[114,15],[20,-38],[152,50],[24,-56],[111,-17],[84,-93],[111,12],[162,-37]],[[72794,27513],[270,303],[115,58]],[[73179,27874],[-55,172]],[[68855,28638],[163,-211],[5,-149],[101,-15],[-40,-82],[57,-120],[100,-36],[-30,-298],[89,-170],[-19,-153]],[[69301,27395],[295,11],[67,66],[84,-24],[288,186],[5,100],[216,223],[-57,30],[150,-32],[221,88],[-118,112],[-106,29],[87,93]],[[70433,28277],[-141,91],[-143,25],[-96,129],[-165,24],[-127,118],[-444,107],[-84,-70],[-138,12],[-240,-75]],[[72090,28695],[-54,-51],[-200,31],[-77,-235],[-107,22],[-52,84],[-190,5],[-58,88],[-169,-59]],[[71183,28580],[39,-101],[-36,-42],[-169,-114],[-173,36],[-144,-16],[-180,-73],[-87,7]],[[71766,27426],[-21,154],[127,152]],[[34335,34254],[49,-30],[97,40],[-28,-79],[107,-146]],[[34560,34039],[54,-25]],[[34614,34014],[237,-1]],[[34851,34013],[114,55],[33,103],[66,21],[-42,165]],[[35022,34357],[-197,-2],[-57,-35],[-143,7],[-40,44],[-83,-26],[-130,-29],[-37,-62]],[[49655,29366],[40,-248],[-67,-26],[-20,-134],[73,-164],[-57,-62],[72,-91],[216,-98],[101,-95]],[[50013,28448],[28,-113],[158,-40],[81,-68],[332,-14],[-2,93]],[[50610,28306],[23,181],[-67,75],[-11,114],[90,34],[9,322],[50,62],[151,46],[41,84],[305,133]],[[51201,29357],[-411,36],[8,107],[-53,18],[72,90]],[[50817,29608],[-129,-5],[-62,-62],[-83,-1],[-89,10],[-102,67],[-119,8],[-145,-77],[-12,-201],[-149,51],[-272,-32]],[[48808,31841],[-164,-53],[-14,-83],[-203,-26],[-85,35],[16,-136],[-82,-67]],[[48276,31511],[-40,-298],[96,-107],[2,-187]],[[48334,30919],[87,-8],[160,83],[22,-57],[288,-5],[-55,206],[331,144],[-48,124]],[[49119,31406],[-5,55],[-85,24],[11,30],[-89,55],[22,191]],[[48973,31761],[-61,58],[-69,-9],[-35,31]],[[48334,30919],[-45,-136],[-165,-107],[5,-68],[-60,-39],[-36,-113],[51,-63],[-56,-53],[79,-100]],[[48107,30240],[72,18],[377,-66],[116,76],[163,8],[157,62],[52,74],[-166,195],[107,42],[11,64],[62,14],[43,-34],[18,55]],[[49119,30748],[-86,21],[-10,80],[190,27],[-86,127],[94,105],[137,93],[211,46],[227,117],[31,334]],[[49827,31698],[-59,11],[-125,-115],[-195,-53],[-73,-71],[-142,-16],[-2,-46],[-112,-2]],[[47364,32030],[43,-158],[-377,-156],[-196,-181],[-138,-47],[-48,-238]],[[46648,31250],[86,10],[162,-59],[152,99],[-13,65],[116,91],[327,-33],[167,-95],[194,91],[437,92]],[[48808,31841],[-153,59],[-55,161],[-79,68],[166,240]],[[48687,32369],[-249,-74],[-122,165],[-90,-14]],[[52240,29564],[-93,-48]],[[52147,29516],[-45,-65],[-196,-41],[-121,90],[-183,-25],[-50,45],[-141,-224],[-210,61]],[[50610,28306],[126,8],[22,36],[153,-16],[277,102],[86,-23],[30,-60],[179,-50],[89,5],[80,55],[163,-22],[108,-86],[186,-7],[60,-98],[-119,-192],[81,-148],[-50,-69],[31,-97],[173,-16],[117,28]],[[52402,27656],[179,82],[148,-15],[177,165],[170,90],[40,80],[76,11],[108,143],[151,-24]],[[53451,28188],[19,81],[-63,42],[52,72]],[[53459,28383],[-60,62],[-164,42],[-295,249],[-112,40],[-21,105]],[[52807,28881],[-219,38],[6,185],[49,56],[-74,68],[-16,205]],[[52553,29433],[-273,79],[-40,52]],[[50896,29663],[-79,-55]],[[52147,29516],[-176,32],[39,117],[-47,26],[-218,8],[267,133],[-181,47],[17,56]],[[51848,29935],[-71,6],[-62,-58],[-118,-23],[-153,-137],[27,-40],[-102,-38],[-14,-97],[-85,-13],[-165,117],[-165,-16],[-44,27]],[[54352,29454],[81,-66],[55,-132],[117,-2],[131,-139],[82,-29]],[[54818,29086],[268,-7],[115,-95],[256,-112]],[[55457,28872],[137,-55],[63,13]],[[55669,28840],[-35,178],[39,78],[-69,113]],[[55604,29209],[-98,107]],[[53280,29689],[5,-140],[-151,-113],[-25,-64],[-127,-46],[-35,-176],[-130,-65],[42,-126],[-52,-78]],[[52807,28881],[108,-3],[122,79],[92,-70],[153,16],[27,82],[445,170],[237,-126],[114,13]],[[54105,29042],[74,83],[-19,127],[80,38],[53,121]],[[53838,29643],[-169,100],[-128,30]],[[53541,29773],[-127,28],[-18,-49],[-116,-63]],[[44648,39591],[-5,-79],[109,-32],[143,-235],[138,49],[142,-94],[87,43],[57,-18],[-53,-129],[70,-194],[596,15]],[[45932,38917],[563,-185]],[[46495,38732],[104,8],[135,160],[201,43],[68,135],[87,15],[80,114],[91,19],[15,-87],[178,-2],[52,49],[77,-5],[319,-153],[494,-65],[272,-288],[90,2],[203,102]],[[48961,38779],[-40,53],[-94,18],[-82,135],[-730,279],[-66,200],[45,139],[-146,124],[-588,-8],[-87,71],[-205,-10],[-39,96],[-102,41],[-55,-89],[-190,-41],[-24,-35],[-222,-44],[-42,19],[-217,-128],[-135,13],[-178,-160],[-405,-104],[-174,47],[-152,174],[-191,-29],[-194,51]],[[46495,38732],[1012,-233],[2195,-269]],[[49702,38230],[20,57],[-73,21],[10,46],[-136,102],[54,61]],[[49577,38517],[-168,36],[-122,72],[40,56]],[[49327,38681],[-145,30],[-3,47]],[[49179,38758],[-118,-25],[-18,-42],[-82,88]],[[53451,28188],[87,-63],[130,60],[68,-39],[180,55],[96,-32],[180,12],[289,164],[210,-47],[-18,46],[68,48]],[[54741,28392],[3,128]],[[54744,28520],[-171,47],[8,171]],[[54581,28738],[-117,-51],[-142,54],[-96,-21],[-60,62]],[[54166,28782],[-64,21],[-140,-73],[-127,-205],[-376,-142]],[[54166,28782],[-6,106],[72,59]],[[54232,28947],[-127,95]],[[47284,29569],[-59,-140],[-130,-81],[-17,-49],[53,-62],[-161,-182],[0,-52],[-204,46]],[[46766,29049],[-98,-66],[-72,-246],[-69,-25],[-24,-76],[69,-80],[-39,-27]],[[46533,28529],[187,-120]],[[46720,28409],[104,13],[90,-83],[179,-24],[-39,-139]],[[47054,28176],[88,-35],[126,17],[76,-80],[-107,-310],[68,-116],[-28,-63],[-193,-124],[-51,-175]],[[47033,27290],[31,-115],[156,-145],[39,-119],[161,-180]],[[47420,26731],[58,31],[6,94],[125,113],[-1,54],[190,-17],[110,-66],[142,44],[84,158],[75,20]],[[48209,27162],[95,178],[-47,48],[50,119],[325,213],[-36,108]],[[48596,27828],[-145,46],[-98,-42],[-180,81],[18,71],[-72,51],[85,246],[-141,-14],[-74,39],[20,33],[-70,87],[29,286],[-67,106],[78,225],[397,64],[-23,43],[122,105],[209,35],[-6,42]],[[48678,29332],[-120,138],[-55,-19],[-93,57],[-65,118],[-89,18],[-14,35]],[[48242,29679],[-287,201],[-103,-37],[-24,-77],[-116,-94],[-202,73],[-86,-46],[-36,-104],[-104,-26]],[[45276,28871],[-44,-23],[12,-53],[119,-95],[-8,-66],[90,-43],[-116,-68],[-41,-116],[-128,-44],[-74,-147],[116,-157],[-92,-97]],[[45110,27962],[0,-4]],[[45110,27958],[249,123],[467,155],[231,-40],[224,63],[89,52],[-4,98],[118,118],[49,2]],[[46766,29049],[-189,-7],[-62,-33],[-47,57],[-119,-12],[-101,57],[-109,-28],[-50,61],[-133,33],[-222,-116],[-146,-145],[-160,-43],[-129,26],[-23,-28]],[[46924,30073],[-242,-43],[-26,-71],[-155,72],[-70,-41],[-272,-36],[9,-211],[-223,-48],[12,-162],[-79,-40],[27,-65],[-225,-8],[-11,-203],[-56,-78],[-87,-59],[-214,-27],[-256,-100]],[[45056,28953],[67,-93],[153,11]],[[47284,29569],[-157,42],[67,67],[-120,152],[69,49],[-139,86],[-80,108]],[[52884,32669],[217,-212],[15,-230],[66,-115],[-83,-25],[-45,35],[-277,-131]],[[52777,31991],[58,-33],[5,-76]],[[52840,31882],[135,-51],[15,-74],[94,-31]],[[53084,31726],[262,121],[132,-34],[138,91]],[[53616,31904],[116,93],[82,237]],[[53814,32234],[-117,66],[40,38],[-29,106],[-113,-2],[-114,198],[-120,70],[-90,-67]],[[53271,32643],[-203,73],[-184,-47]],[[50497,25213],[-226,-40],[-98,-55],[-108,-165],[-127,-31],[25,-146]],[[49963,24776],[-22,-63],[169,-228],[-187,-242],[19,-79],[-108,-230],[25,-112]],[[49859,23822],[176,13],[151,-42],[260,58],[197,-281]],[[50643,23570],[143,85],[134,29],[74,-38],[105,24],[82,-78],[243,12],[207,63]],[[51631,23667],[41,102],[-48,52],[132,55],[-141,272],[70,171],[-65,50],[19,51],[122,68],[55,192],[-124,162],[-12,104]],[[51680,24946],[-67,33],[-67,123],[-94,-43],[-211,138],[-305,-117],[-44,43],[-202,-9],[-193,99]],[[46720,28409],[-60,-106],[5,-185],[60,-111],[-40,-201],[-311,-42]],[[46374,27764],[-38,-94],[-138,-117],[-214,-67],[-28,-192]],[[45956,27294],[87,-135],[-60,-64],[72,-44],[47,-104],[149,-87]],[[46251,26860],[179,219],[-47,108],[35,151],[257,168]],[[46675,27506],[204,120],[117,248],[-59,133],[110,93],[7,76]],[[44446,28363],[-93,-168],[137,-149],[-106,-65],[-32,-335],[-193,-120],[-101,-18],[-82,25],[-225,-124]],[[43751,27409],[-63,-49],[-61,-167]],[[43627,27193],[101,-13],[480,74],[664,273],[2,69],[106,71],[-14,123],[66,28],[78,140]],[[45110,27962],[-171,120],[-37,125],[-119,143]],[[44783,28350],[-171,-47],[-166,60]],[[48596,27828],[4,166],[381,73],[45,97],[151,-45],[346,75],[101,110],[129,19],[139,99],[121,26]],[[49655,29366],[-21,184],[-103,54],[49,79],[-111,6],[-268,-84],[-287,-18],[-48,-83],[-120,-66],[28,-76],[-96,-30]],[[47420,26731],[-187,-32]],[[47233,26699],[-46,-45],[120,-144],[277,-55],[-133,-104]],[[47451,26351],[210,14],[106,-31],[220,25]],[[47987,26359],[138,45],[120,-101],[218,-45]],[[48463,26258],[107,58],[63,-8],[78,61],[34,108]],[[48745,26477],[-31,67],[-134,51],[-36,163],[70,90],[-67,93],[-7,220],[-108,13],[-132,-64],[-91,52]],[[49721,25509],[-187,-11],[-26,84],[-155,86],[1,244],[-153,76]],[[49201,25988],[-114,-53],[-31,-283],[-163,-212],[-113,-53],[13,-115],[-80,-79],[-88,5],[-48,-73],[-418,-63],[-307,-5],[-183,45],[-67,-37],[-176,1],[-177,-76],[-425,-58]],[[46824,24932],[259,-67],[259,0],[166,-54],[142,30],[275,-73],[121,87],[180,38],[104,98],[139,-68],[55,11],[162,142],[108,9],[87,157],[77,14],[77,-31],[118,123],[74,-60],[258,-54],[118,55],[122,-4],[133,81],[-137,143]],[[47138,23801],[45,-68],[200,-78],[409,47],[148,69],[144,-30],[-24,-60],[-193,-145],[329,-44]],[[48196,23492],[202,323],[351,70],[-36,66],[76,48]],[[48789,23999],[26,86],[-133,99],[15,42]],[[48697,24226],[-109,-23],[-142,49],[-217,-29],[-530,-184],[-344,-188],[-217,-50]],[[46824,24932],[-216,-27],[-281,24],[-191,-96],[-265,-59]],[[45871,24774],[-86,-20]],[[45785,24754],[-149,-96],[-155,-30],[-21,-75],[149,-187],[198,21],[180,-85]],[[45987,24302],[190,-66],[142,40],[187,-47],[408,-266],[178,-48],[46,-114]],[[48697,24226],[168,153],[83,32],[89,-15],[113,76],[226,20],[308,196],[159,7],[120,81]],[[50497,25213],[144,64],[-2,78],[71,97],[-70,129],[-142,63],[30,117],[-209,-80],[-328,51],[-109,-125],[-148,-43],[-13,-55]],[[49696,23367],[426,-13],[249,-113],[79,17],[74,-42],[128,40],[93,-64]],[[51721,23266],[108,64],[-55,37],[-13,147],[-52,1],[-78,152]],[[50643,23570],[-126,-74],[-215,107],[-226,47],[-110,-31],[-90,65],[-99,16],[-56,-180],[34,-114],[-59,-39]],[[47525,25233],[-300,-81],[-401,-220]],[[49201,25988],[59,42],[-39,79],[32,78],[154,26],[146,-32],[107,65],[-103,112]],[[49557,26358],[-165,-8],[-128,-101],[-463,12],[-182,-286],[107,-144],[-138,-159],[-216,-103],[-113,-1],[-103,-89],[-179,-69],[-74,-85],[-182,19],[-41,-86],[-120,6],[-35,-31]],[[49687,32876],[-246,-78],[-195,8],[-68,-29],[-73,-166]],[[49105,32611],[287,-78],[52,-44]],[[49444,32489],[154,-41],[50,-110],[110,-59],[93,-202]],[[49851,32077],[23,-92],[183,-64]],[[50057,31921],[277,-55]],[[50334,31866],[-4,151],[103,136]],[[50433,32153],[-221,128],[21,40],[-66,97],[-158,115],[84,94],[-58,41],[-44,180]],[[49991,32848],[-240,-29],[-64,57]],[[54114,31203],[-8,-22]],[[54106,31181],[-86,-125],[15,-93],[163,-230],[-95,-203],[-177,-18],[-48,-40]],[[53878,30472],[-20,-89],[35,-6]],[[54308,30315],[1,89],[120,48],[18,94]],[[54447,30546],[-9,132],[47,17],[9,46],[-126,163],[47,47],[-53,94],[57,214]],[[54419,31259],[-202,45],[-103,-101]],[[53084,31726],[34,-71]],[[53118,31655],[108,-41],[114,-125],[124,19],[132,-36],[16,-117],[196,-47],[37,-78]],[[53845,31230],[108,-48],[153,-1]],[[54114,31203],[-174,191],[155,126],[111,-7]],[[54206,31513],[-96,115],[-116,5],[-142,86],[-77,5],[-129,92],[-30,88]],[[50050,34100],[37,-25],[-78,-169],[23,-163],[-61,-89],[75,-11],[-1,-46],[66,-2],[16,-83],[252,-197]],[[50379,33315],[170,0],[65,49],[129,-79],[164,314],[65,28],[11,166]],[[50983,33793],[-163,-12],[20,53],[-106,103],[-207,-17],[-101,95],[-193,37],[-71,49],[-112,-1]],[[47987,26359],[-75,-77],[-236,-13],[-110,-137],[-179,-83],[-41,-71],[-269,18]],[[47077,25996],[-189,-78],[-114,-26],[-90,19],[-102,-42],[-169,50],[-188,-39],[-331,124]],[[45894,26004],[-66,-84],[247,-212],[-1,-179],[-63,15],[-39,-74],[-116,-53],[-22,-118],[-83,-56],[-16,-78],[-185,-38]],[[45550,25127],[134,-70],[-33,-107],[27,-59],[86,-23],[21,-114]],[[45871,24774],[138,128],[246,57],[89,76],[259,97],[-18,158],[41,78],[101,60],[187,221],[263,27],[109,54],[240,24],[162,-44]],[[47688,25710],[163,87],[132,10],[118,103],[103,30],[124,100],[-8,105],[143,113]],[[47525,25233],[22,126],[109,157],[32,194]],[[37680,48114],[-243,-65],[-91,37],[-112,-30]],[[37234,48056],[-448,-142],[-174,-107],[-111,-12],[-137,-75]],[[36364,47720],[14,-33]],[[36378,47687],[460,62],[138,-33],[417,26],[172,-27],[223,-114],[-6,-134],[105,-39]],[[37887,47428],[84,-59],[135,14],[46,-37],[121,37],[111,-180]],[[38384,47203],[195,5],[53,77]],[[38632,47285],[39,108],[111,30],[24,208],[351,277],[60,190],[342,144],[331,-48],[262,71]],[[40152,48265],[201,26],[68,48]],[[40421,48339],[45,133],[-19,125],[-267,183]],[[40180,48780],[-251,120],[-239,42],[-120,-19],[6,-143],[-275,-29],[-195,-107],[-89,-283],[-357,-66],[-165,6],[-74,40],[-224,-48],[-55,-102],[-99,-36],[-134,31],[-142,-71],[-87,-1]],[[35022,46567],[78,75],[1,113],[60,-15],[97,58],[-49,160],[-76,60],[201,-13],[34,-52]],[[35368,46953],[103,36],[109,101],[131,30],[22,47],[196,-134]],[[35929,47033],[85,38]],[[36014,47071],[31,130],[212,95],[15,161],[94,36]],[[36366,47493],[-38,53],[50,141]],[[36364,47720],[-68,91]],[[36296,47811],[-98,-113],[-99,158],[-78,-168],[-152,-12],[-214,42],[-3,-84],[-105,-28],[-95,43],[-40,-62],[-171,-36],[87,-131],[-100,18],[-67,-63],[-88,41],[-65,-35],[-41,96],[-97,18],[-64,-191],[-235,45],[7,-122]],[[45012,36928],[55,-61],[-47,-59],[62,-204]],[[45082,36604],[70,-153],[125,-30],[5,-115],[87,-63],[156,10],[-11,-102]],[[45514,36151],[125,-119],[50,-147]],[[45689,35885],[174,29]],[[45863,35914],[17,77]],[[45880,35991],[-76,39],[56,52]],[[45860,36082],[-46,19],[-141,302],[-86,54],[35,37],[-71,23],[-17,84],[-64,8],[-27,46],[342,18]],[[45785,36673],[35,90]],[[45820,36763],[-148,42],[-78,70]],[[45594,36875],[-52,-15],[-159,106],[-44,-78],[-141,102],[-186,-62]],[[47887,37724],[-3,-103],[-52,-35],[78,-16],[37,-112],[-53,-126],[-139,-101],[-69,-131],[61,-131],[-81,-84],[121,-118],[-409,-193],[-79,-278],[-330,-92],[-92,-76]],[[46877,36128],[209,-64],[26,-79],[62,-30],[158,8],[-55,-52],[37,-198]],[[47314,35713],[-116,-57],[-99,40],[-59,-107],[41,-51],[-100,-39],[-8,-74]],[[46973,35425],[43,-27],[254,65]],[[47270,35463],[203,-4]],[[47473,35459],[44,145],[93,34],[216,67]],[[47826,35705],[-24,74],[88,63],[161,36],[40,82],[113,6],[247,-62],[-113,146],[76,221],[-151,107],[-107,140],[96,70],[-41,75],[45,66]],[[48256,36729],[-156,56],[-17,53],[83,126],[-23,143],[78,101],[191,53],[-16,121],[-163,115],[-120,197],[-132,7],[-87,82],[-7,-59]],[[35043,48932],[85,-214],[82,-35],[69,-129],[178,-48],[409,-19]],[[35866,48487],[-64,140]],[[35802,48627],[-267,115],[-34,-47],[-78,38],[-84,-8],[-200,201],[-96,6]],[[34705,48737],[-190,-226],[116,-133],[9,-179],[-136,-96],[13,-28]],[[34517,48075],[102,-55],[117,81],[68,-51],[124,9],[95,62],[254,53],[59,78],[518,-60]],[[35854,48192],[-23,124]],[[35831,48316],[-549,-34],[-83,151],[-146,13],[-172,137],[-155,23],[30,95],[-51,36]],[[35387,49634],[-93,-146],[-105,-15],[-17,-53]],[[35172,49420],[31,-36],[-217,-138],[-55,-143],[-71,-52]],[[34860,49051],[86,-41],[33,-81],[64,3]],[[35802,48627],[62,301],[132,130]],[[35996,49058],[-136,133],[-257,90],[-169,344]],[[36197,49508],[-42,-65],[38,-182],[-71,-75]],[[36122,49186],[50,-94],[5,-197],[111,-92],[29,-112],[146,-1],[19,-93]],[[36482,48597],[205,-120],[536,22]],[[37223,48499],[-58,114],[217,168],[-114,168],[123,75],[-122,156],[-24,110],[-98,56],[1,56],[-69,20],[-153,-47],[-116,197]],[[36810,49572],[-93,19],[-211,-159],[-149,79],[-160,-3]],[[40336,50303],[-153,-6]],[[40183,50297],[47,-59],[-44,-115],[138,-165],[172,20],[73,-48],[112,48],[452,-26],[25,-47],[44,28],[12,-42],[134,-27],[88,-106],[28,-138],[-34,-30],[155,-61]],[[41585,49529],[113,-157],[125,-89],[173,16],[-24,32],[415,-24],[164,31]],[[42551,49338],[-64,136],[-95,50],[33,64],[-53,55],[-344,-90]],[[42028,49553],[-57,-169],[-156,49],[-1,138],[-173,126],[81,62],[-92,51],[-51,97],[-86,25],[-7,63],[-158,12],[-48,50],[12,139],[94,48],[-20,128],[110,-30]],[[41476,50342],[45,55],[-39,144],[-119,47],[90,53],[-37,30],[-144,-20],[-8,-66],[-208,-70],[-261,-10],[-142,39],[-144,-165],[-173,-76]],[[42335,50094],[156,-236],[49,-12],[-24,-69],[43,2],[-17,-27],[88,-37],[58,-83],[180,-6],[17,-51],[59,23],[22,-49],[199,-85],[-44,-76],[67,-128]],[[43188,49260],[139,-98],[159,-239]],[[43486,48923],[242,-80],[-59,-305],[117,-154],[16,-173],[170,-139],[-20,-91],[54,-140],[162,-136],[125,14]],[[44293,47719],[118,175],[95,16],[62,57],[58,272],[310,380],[26,201]],[[44962,48820],[-326,-39],[-8,181],[-174,98],[39,96],[-135,71],[-77,150]],[[44281,49377],[-228,-60],[-261,-18],[-104,76],[-103,273],[-111,-32],[-69,46],[-265,-76],[-29,75],[46,81],[-118,134],[-230,-23],[113,161],[-40,91],[-266,78],[-267,-59],[-14,-30]],[[43302,50646],[-340,-112],[-128,-122],[-112,-20],[-8,-30],[-331,-43],[-158,-104],[-103,19],[-88,-35]],[[42034,50199],[80,-6],[15,-44],[128,27],[18,-88],[60,6]],[[44281,49377],[-37,173],[-158,73],[-76,106],[-112,36],[37,32]],[[43935,49797],[-35,81],[-89,-14],[-166,93],[-80,341],[-120,116],[-28,158],[-102,28],[-13,46]],[[49175,23938],[15,-67],[-194,-183],[71,-108]],[[49067,23580],[161,-266],[149,10],[48,-47],[35,-225]],[[49460,23052],[35,78],[143,95],[58,142]],[[49859,23822],[-66,-49],[-240,211],[-179,3],[-199,-49]],[[50397,32830],[359,-198],[-27,-192],[82,-165],[-58,-82],[-127,-30],[-109,29],[-84,-39]],[[50334,31866],[20,-85],[52,-9]],[[50406,31772],[78,-8]],[[50484,31764],[320,97],[46,-7],[7,-81],[127,48]],[[50984,31821],[-130,287],[93,97],[32,142],[-92,35],[49,158],[-130,69],[-15,144]],[[50791,32753],[-197,2],[95,296]],[[50689,33051],[-155,-4],[-137,-217]],[[51747,33100],[-108,-22],[-54,-121],[-138,-78],[76,-298],[-127,-68],[-12,-109]],[[51384,32404],[734,-50],[87,-105],[115,33],[18,-57],[237,-190],[202,-44]],[[52884,32669],[-164,157],[-92,14],[-53,55],[56,65],[-155,21],[28,46],[-108,96],[-111,-52],[-1,-51],[-73,-16],[-148,37],[-121,-10],[-114,56],[-67,-29],[-14,42]],[[50983,33131],[-164,-283],[95,-26],[134,42],[20,-106]],[[51068,32758],[-114,-44],[-61,-79],[83,-44],[33,-113],[196,-60],[90,-69]],[[51295,32349],[89,55]],[[51747,33100],[7,8]],[[51754,33108],[-95,21]],[[51659,33129],[-326,-57],[-121,17]],[[51212,33089],[-229,42]],[[49383,34101],[46,-155],[-110,-68],[34,-59],[187,-53],[-39,-109],[35,-75],[-77,-23],[-98,-162],[-110,-8],[-51,-72],[-66,-7]],[[49134,33310],[-38,-109],[53,-63]],[[49149,33138],[460,-139],[78,-123]],[[49991,32848],[35,20]],[[50026,32868],[-25,153],[142,76],[-72,81],[-294,-62],[-67,71],[160,72],[482,27],[27,29]],[[50050,34100],[-122,-69],[-106,-12],[-223,102],[-216,-20]],[[37326,45052],[-53,-131],[-317,7],[-131,-206],[-84,-7],[-1,-72],[-64,-60],[59,-171],[-146,-35],[-246,28],[-94,-248],[15,-89],[-127,-35],[-11,-102],[-105,-13],[-160,-109],[-28,-104],[70,-124],[-223,-121]],[[35680,43460],[46,-146]],[[36283,42986],[107,91],[117,8],[32,101],[249,22],[54,96],[88,32],[212,-1],[102,55]],[[37244,43390],[111,20],[0,78],[120,64],[157,-98],[50,48],[158,-12],[64,53],[213,-17]],[[38117,43526],[81,74]],[[38198,43600],[2,81],[81,25],[25,52],[-167,149]],[[38139,43907],[-149,102],[-36,105],[41,165],[-98,126],[56,176]],[[37953,44581],[-81,-2],[-84,113],[29,146],[-148,201],[-116,40],[-227,-27]],[[37333,46903],[-132,-143],[-28,-111],[-262,-35],[67,-71]],[[36978,46543],[277,-296]],[[37255,46247],[284,-42],[307,121]],[[37846,46326],[-131,67],[27,53],[233,-7],[119,63]],[[38094,46502],[236,150]],[[38330,46652],[51,251],[-31,64],[-132,53]],[[38218,47020],[-100,-28],[-219,101],[-170,-109],[-190,-52],[-47,-56],[-159,27]],[[44131,36064],[-58,-14],[-113,-146],[-183,-2],[-145,-75],[-136,3],[-137,108],[-70,9],[-256,-11],[-153,-73]],[[42880,35863],[10,-77],[-51,-31],[-26,-112],[47,-115],[-76,-152],[-125,-20],[-117,38],[-156,-6],[-298,-159],[-172,-24],[-71,35],[-86,-185],[-132,-41]],[[41627,35014],[-6,-50],[120,-87],[349,-167]],[[42090,34710],[141,59],[166,-13],[52,-44]],[[42449,34712],[206,54],[138,-76],[140,28],[248,-78],[98,6],[80,-102],[106,62],[420,-250]],[[43885,34356],[115,25],[72,101],[199,-55],[123,-9],[54,30]],[[44448,34448],[89,38],[-37,122],[88,26],[158,0],[106,-53],[160,-22],[103,81],[236,30]],[[45351,34670],[-85,184],[-222,80],[-3,104],[-179,190],[8,55]],[[44870,35283],[-109,189],[-246,66],[-16,138],[-94,85],[4,75],[-94,79],[27,20]],[[44342,35935],[-211,129]],[[51368,34269],[-148,-101],[74,-170],[-168,-111],[60,-115]],[[51186,33772],[47,-77],[-75,9],[-11,-84],[101,-84],[58,-176],[-94,-271]],[[51659,33129],[-85,129],[9,100],[50,104],[181,82],[39,-90],[65,-26],[16,-168],[53,-56]],[[51987,33204],[223,103],[98,107],[-101,199],[78,139],[-28,111]],[[52257,33863],[-428,-178],[-45,103],[-75,13],[31,82],[-127,129],[-130,50],[6,105],[-121,102]],[[37887,47428],[-79,-56],[-181,-37],[-309,56],[-366,-83],[-157,56],[-200,-131]],[[36595,47233],[216,-83],[52,-153]],[[36863,46997],[-49,-140],[30,-50],[294,32],[120,93],[75,-29]],[[38218,47020],[57,30],[0,56],[90,14],[19,83]],[[49258,34374],[79,-21],[40,-84],[34,-90],[-48,-57]],[[49363,34122],[20,-21]],[[50983,33793],[203,-21]],[[51368,34269],[181,94]],[[51549,34363],[-193,26],[-147,-95],[-264,27],[-293,161],[-352,113]],[[50300,34595],[-103,-48],[-177,40],[-77,-21],[-114,54],[-76,-10],[-39,59],[-163,20],[3,-71],[-143,-76],[-153,-168]],[[38847,46707],[-40,-79],[81,-71],[221,-131],[81,-97],[132,-34],[40,-94],[-62,-184]],[[39300,46017],[83,5],[147,-122],[-22,-78],[177,42],[87,-47],[125,3]],[[39897,45820],[156,94]],[[40053,45914],[140,71],[48,200],[215,46]],[[40456,46231],[148,66],[14,71],[-839,-134],[-53,31],[-73,-27],[-233,38],[-46,84],[41,66],[-297,113],[-104,107],[-167,61]],[[40152,48265],[-48,-385],[-101,-82],[52,-28],[15,-81],[-98,-67],[-5,-94],[410,-201],[-16,-117],[102,-44],[40,-92],[97,20],[69,-52],[67,24],[105,-167],[139,-72],[170,-27],[9,-32],[-86,-14],[-40,-47],[-41,-174],[35,-42],[326,31],[190,64]],[[41543,46586],[82,-9]],[[41625,46577],[89,360],[-57,72],[-272,140],[85,72],[39,171],[237,115],[-15,62],[110,8],[97,52],[27,81],[149,50],[-63,106],[28,54],[510,30],[108,55]],[[42697,48005],[-106,257],[-133,88]],[[42458,48350],[-74,25],[-192,-63],[-245,-23],[-211,63],[-92,98],[-175,39],[-154,4],[-119,-48],[-91,21],[-52,-28],[-120,58],[-168,5],[-344,-162]],[[38632,47285],[387,-80],[203,111],[10,171],[97,24],[67,-23],[139,-76],[82,-291],[236,-276],[154,-54],[61,-85],[315,-130],[140,5],[196,-81],[51,-111],[56,10],[55,76],[67,-15],[37,31],[190,-150],[-111,-130]],[[41064,46211],[187,-2],[101,42],[191,335]],[[37508,45746],[-59,-95]],[[37449,45651],[-35,-143],[59,-77],[-143,-48]],[[37330,45383],[-78,-175],[74,-156]],[[37953,44581],[101,44],[-71,99],[30,47],[262,-10]],[[38275,44761],[-37,59],[36,77],[-148,308],[93,202],[117,85],[24,75]],[[38360,45567],[-169,82]],[[38191,45649],[-528,127],[-44,-36],[-111,6]],[[39897,45820],[146,-162],[-188,-41],[-62,-197],[-89,-72],[-233,-145],[-57,46]],[[39414,45249],[-12,-174],[-319,-149],[6,-146]],[[39089,44780],[33,108],[116,49],[56,-22]],[[39294,44915],[28,31]],[[39322,44946],[405,245],[151,37],[353,174],[-38,31],[56,44],[-20,30]],[[40229,45507],[-74,182],[-46,17],[28,135],[-84,73]],[[41625,46577],[617,29],[273,62]],[[42515,46668],[108,55],[407,11],[52,-62],[200,-56],[143,-93],[226,109],[-109,241],[33,194],[-87,101],[-286,164],[103,114],[-7,64],[-601,495]],[[13200,63073],[-123,-53],[45,-70],[169,-39],[-97,-79],[29,-90],[-116,-17],[-249,-13],[29,115],[-120,7],[-243,175]],[[12524,63009],[-87,-16]],[[12437,62993],[0,-58],[-143,-148],[0,-310]],[[12294,62477],[339,-145],[235,17],[170,158],[125,22],[25,-70],[170,-20],[459,-381],[89,-30],[78,21],[217,-47],[58,17]],[[14259,62019],[138,144]],[[14397,62163],[31,92],[-103,91],[-227,-18],[-16,53],[-82,-65],[-68,41],[57,24],[-74,80],[-53,-19],[-30,52],[-135,43],[23,76],[264,242]],[[13984,62855],[-84,150],[-132,-30],[94,130],[-84,98],[-342,-117],[-236,-13]],[[34983,51818],[29,-106],[-50,-25],[13,-107],[-165,-76],[-85,-175],[-446,-91],[-250,-106],[-89,-129],[-58,15]],[[34794,50651],[46,85],[393,193],[88,95],[297,-66],[529,62],[227,-63],[114,25],[171,116],[103,-1],[100,49]],[[36862,51146],[-226,230],[6,63],[-100,9],[-35,79],[-85,17],[-88,173]],[[36334,51717],[-84,55],[-90,-68],[-117,128],[-85,-19],[-119,113],[-160,17],[-41,35],[-358,-102],[-36,-79],[-261,21]],[[50626,52029],[-226,-186],[-115,-35]],[[50285,51808],[-271,-43],[-128,10],[-136,61],[-335,-130],[-64,51],[-284,-52],[-94,15],[5,-116]],[[48978,51604],[93,-116],[-17,-40],[-146,-34],[-44,-46],[116,-94],[1,-120],[-79,-13],[-62,-14],[-12,-61],[-120,2],[-19,-61],[-140,-12],[-9,-66],[104,-51],[-306,-163],[52,-51],[-81,-39],[-27,-117]],[[48282,50508],[172,-72],[254,58],[160,9],[189,-43],[743,60],[244,-60],[51,29],[125,-10],[148,-57],[239,52],[236,196],[178,19],[145,73],[71,-41],[16,25],[-66,33],[107,11],[0,56],[84,-25],[-57,51],[48,16],[75,-242],[-64,-79],[-125,-25],[-83,-99],[97,-28],[-5,-94],[-56,-54],[76,0],[9,34],[379,-11],[60,-125],[96,-36],[47,-66],[373,-189],[133,-135],[305,-111],[203,16],[140,64]],[[53029,49708],[-141,178],[-119,305],[25,187],[-34,38],[-246,44],[-49,68],[156,146],[55,123],[-140,156],[59,90],[109,43],[-38,89],[66,332],[159,164],[62,332]],[[52953,52003],[-190,-3],[-132,176],[-139,60],[-101,-5],[-68,-71],[112,-114],[-19,-39],[-176,108],[-291,-158],[-206,-173],[-195,-77],[-44,32],[-422,12],[-49,160],[-407,118]],[[48091,22177],[-51,-94],[11,-203],[156,-53],[-79,-227],[-172,-179],[39,-62],[-160,-38],[-20,-60],[-101,8],[-165,-90],[-71,-86],[-70,-257],[-330,-171],[-22,-84]],[[47056,20581],[13,-90],[235,-94],[658,151]],[[47962,20548],[-23,120],[73,52]],[[48012,20720],[-26,134],[178,310],[58,27],[57,167],[76,62],[45,218],[85,24],[114,121],[-32,216],[-167,158]],[[48400,22157],[-309,20]],[[44094,23568],[-135,-68],[-337,-45],[-212,-81],[-191,26],[-255,-55],[-304,63],[-225,-207],[-213,-38],[-48,-44],[-198,54],[-147,-3]],[[41829,23170],[35,-90],[-207,-189],[-182,-244],[-4,-158],[271,-227],[67,-14],[58,32],[110,-90],[168,-49],[42,-104],[-58,-162],[-123,-130],[0,-125],[-74,-65],[-80,-9],[-105,-113]],[[41747,21433],[470,-212],[84,-138]],[[42301,21083],[57,100],[105,49],[-12,73],[111,58],[31,197],[163,94],[14,146],[86,45],[38,77],[-89,98],[274,112],[45,101]],[[43124,22233],[-39,29],[147,80],[11,76],[150,18],[146,104],[100,-66],[122,73],[141,231],[145,-53],[37,106],[90,38],[7,172]],[[44181,23041],[71,145]],[[44252,23186],[2,161]],[[44254,23347],[-69,129]],[[44185,23476],[-9,50]],[[44176,23526],[-82,42]],[[44227,23919],[-68,-139],[17,-254]],[[44185,23476],[112,63],[27,-30],[136,52],[144,-63]],[[44604,23498],[108,38],[361,-19],[65,39]],[[45138,23556],[-220,96],[-120,-1],[116,95],[181,42],[124,119]],[[45219,23907],[-49,19],[-69,-51],[-452,13],[-113,-106],[-309,137]],[[41346,26140],[-87,-140],[-25,-449],[53,-3],[70,-80],[282,-78],[37,-44]],[[41676,25346],[335,-27],[386,-109],[158,-9],[92,56],[-65,125],[75,65],[22,115],[-129,210]],[[42550,25772],[-84,68],[-104,-5],[-36,109],[-77,11],[-110,144],[-130,54],[-242,2],[-123,-85],[-298,70]],[[40213,25098],[-153,-327],[24,-86],[-84,-45],[58,-82],[-93,-82],[-277,168],[-110,-50],[178,271],[-221,30],[-218,-67],[-108,20],[-100,-30],[25,-123],[-142,-83],[-42,-213],[-57,-50],[15,-92],[270,-27],[50,-49],[133,41],[87,-52],[93,51],[4,92],[41,4],[-29,20],[64,11],[183,-92],[4,-49],[-102,-57],[177,-128],[22,-158],[-39,-64],[-84,-23],[183,-128],[0,-56],[-63,-31],[78,-107],[-30,-36],[-94,2],[2,-112],[-127,-36],[62,-60],[-15,-73],[50,-77],[-46,-58],[56,-78],[-116,-59],[141,-107],[27,-95],[149,217],[-14,31],[-13,-69],[-113,138],[87,0],[62,-67],[207,22],[74,-39],[-12,-56],[157,-27],[59,-139],[370,-160],[110,-117],[7,-90],[148,-147],[38,-119],[-45,-82],[-270,-6],[68,-101],[555,-208],[233,-214]],[[41829,23170],[233,110],[82,79],[-148,184],[58,65]],[[42054,23608],[-37,50],[-182,74],[18,229],[-266,192],[-34,126]],[[41553,24279],[-491,148],[-159,304],[-205,246],[-485,121]],[[42301,21083],[13,-86],[-78,-102],[349,-255],[-16,-84],[48,-80],[-47,-46],[70,-121],[-32,-61],[87,-88],[489,-199],[44,-79],[-54,-31]],[[43174,19851],[263,14],[225,152],[154,-83],[123,27],[60,40],[-38,84],[393,-90],[168,131],[-51,259],[78,55],[-88,189],[224,246],[152,-138],[180,-66],[147,11],[116,-61],[52,266],[-120,369],[117,180],[-41,71],[-115,7],[-7,124],[-77,17],[-449,325],[-18,-30],[-142,-6],[73,71],[-15,135],[-170,120],[-1244,-37]],[[42026,24642],[-114,-32],[-97,23],[-104,-115],[-62,-167],[-96,-72]],[[42054,23608],[366,98],[66,-35],[154,40],[310,-45],[312,34],[180,-38],[202,54],[325,-5]],[[43969,23711],[125,142],[-116,140],[58,101],[104,42],[159,6]],[[44299,24142],[48,155],[261,205],[45,98],[-50,176]],[[44603,24776],[-211,-17],[-171,-101],[-189,5],[-125,-64],[-99,15],[-106,-71],[-239,27],[-230,84],[-285,-104],[-318,76],[-134,-50],[-377,56],[-19,37],[-74,-27]],[[44309,23010],[-1,-144],[113,-16]],[[44421,22850],[-7,34],[59,2],[-28,69],[35,54]],[[44480,23009],[-171,1]],[[45987,24302],[9,-60],[-181,-28],[-62,-68],[-157,-57],[-114,-154],[-263,-28]],[[45138,23556],[282,12],[75,-29],[39,-137],[-44,-41],[-250,5],[-176,-126],[-126,-18],[-55,-68]],[[44883,23154],[91,-13],[23,-96],[-94,-50]],[[44903,22995],[268,-124],[83,-100]],[[45254,22771],[181,-411],[-11,-63],[205,-16],[101,64],[229,6],[226,-80],[36,-43],[234,-13],[182,172],[306,24],[69,72],[174,29],[79,60],[131,-55],[523,11],[150,135]],[[48069,22663],[45,152],[-102,138],[129,116],[14,148],[-121,87],[230,180]],[[48264,23484],[-68,8]],[[42073,28042],[-269,-151],[-303,-97],[-131,-203],[31,-72],[83,-26],[47,-64],[-452,-438],[-41,-21],[-105,41]],[[40933,27011],[-35,-58]],[[40898,26953],[74,-48],[-45,-88]],[[40927,26817],[39,-12]],[[40966,26805],[284,28],[54,60],[228,73],[148,84],[89,118],[100,-21],[179,117],[155,32],[155,105],[-23,73]],[[42335,27474],[48,153],[75,73]],[[42458,27700],[-105,33],[-148,120],[41,140],[-41,56],[-132,-7]],[[40966,26805],[-11,-133],[311,13],[87,-19],[28,-62]],[[41381,26604],[451,59],[219,64],[176,70],[123,123],[280,11],[98,-50],[351,13],[73,61],[161,27],[34,68],[214,-18]],[[43561,27032],[-23,65],[89,96]],[[43751,27409],[-105,-42],[-112,24],[-276,355],[-146,69],[-58,-115],[-203,-68],[-187,-178],[-127,30],[-83,-27],[-119,17]],[[42341,29213],[5,-104],[-67,-116],[-415,-288],[-499,-244]],[[41365,28461],[168,-18],[6,-147],[103,-54],[157,8],[78,19],[7,-120],[189,-107]],[[42458,27700],[125,82],[21,117],[118,39],[58,103],[56,240],[-27,111],[190,44],[133,190],[146,65],[31,73],[114,-13],[155,42]],[[43578,28793],[20,97]],[[43598,28890],[-45,48],[-80,-2],[-51,118],[-200,-31],[-229,110]],[[42993,29133],[-277,50],[-201,86],[-174,-56]],[[41381,26604],[-172,-14],[-164,-83],[-78,3],[-29,-154],[46,-138],[-422,-20]],[[40562,26198],[-39,-220]],[[40523,25978],[310,7],[513,155]],[[42550,25772],[116,35],[165,-5],[80,73],[63,-24],[137,31],[227,-76],[162,31]],[[43500,25837],[74,144],[-67,82],[208,45],[25,60],[86,17],[82,69],[18,123],[61,36],[-27,70],[188,43],[196,118],[-12,71],[156,104]],[[44488,26819],[-110,98],[-294,91],[-174,-47],[-349,71]],[[41133,28319],[-322,-148],[-58,-185],[-183,-182],[-153,-247],[-312,-103]],[[40105,27454],[246,-259],[144,-251]],[[40495,26944],[56,20]],[[40551,26964],[155,21],[192,-32]],[[40933,27011],[-118,58],[192,91],[-140,172],[107,166],[-15,79],[246,68],[40,82],[-90,30],[-71,124],[-80,2],[-44,86],[-50,7],[20,131],[88,97],[198,82],[-83,33]],[[48062,34301],[32,-99]],[[48094,34202],[401,105],[241,106],[206,7]],[[48942,34420],[57,8],[131,-70],[128,16]],[[50300,34595],[45,129],[-175,171],[-74,8],[-46,72],[-212,137],[-124,-16],[-150,33],[-60,79]],[[49504,35208],[-161,-3],[-171,-104],[9,-115],[111,-122],[-41,-50],[-349,-189],[-150,38],[-266,-51],[-108,-68],[-22,-108],[-117,-120],[-177,-15]],[[47145,32892],[-454,-199],[-259,-31],[-274,-137],[-647,-87]],[[45511,32438],[17,-250],[58,-95]],[[45586,32093],[111,-243],[-74,-39],[-52,-106],[-114,-42],[-45,-169]],[[45412,31494],[-57,-63],[-2,-253]],[[45353,31178],[222,98],[206,28],[272,-161],[53,-154],[128,-41],[121,142],[-72,125],[65,67],[86,26],[214,-58]],[[47506,32402],[-135,144],[54,106],[213,182],[-10,82],[82,48],[97,-25]],[[47807,32939],[-153,90],[-312,21],[-197,-158]],[[47998,33361],[-60,-74],[-107,31],[-66,-44],[18,-49]],[[47783,33225],[189,-85],[3,-149]],[[48209,32857],[93,29],[185,-172]],[[48487,32714],[140,-158],[140,-35]],[[48767,32521],[125,93]],[[48892,32614],[-72,199],[84,40],[-8,34]],[[48896,32887],[-203,96],[-22,153],[-161,2],[-95,123],[-91,47]],[[48324,33308],[-117,-89],[-108,0],[-23,86],[-78,56]],[[49346,35377],[-156,-69],[8,-90],[-153,-137],[-118,-10],[-36,60],[-314,43],[-323,-146]],[[48254,35028],[-8,-25]],[[48246,35003],[21,-25]],[[48267,34978],[98,-66],[-179,-207],[-122,-26],[-51,-97],[37,-39],[-74,-42]],[[47976,34501],[66,-164]],[[48042,34337],[20,-36]],[[49504,35208],[-71,79]],[[49433,35287],[-87,90]],[[51549,34363],[277,39],[115,56],[193,-100]],[[52134,34358],[290,115],[33,108],[64,33]],[[52521,34614],[-292,146],[-273,217],[-150,28],[-89,-36],[-164,57],[-132,-40],[-60,50],[-17,119],[-234,81],[35,113],[-198,41],[1,83],[-138,47]],[[50810,35520],[-68,24],[-217,-18],[-47,54],[-78,-10],[-91,57],[-74,-87],[-60,-10],[-193,151]],[[49982,35681],[-220,-45],[-329,-349]],[[48659,35660],[-110,-56],[-207,-6],[-83,-61],[-105,-253],[28,-64],[-189,62],[0,-129],[-170,-22],[-100,-63]],[[47723,35068],[108,-118]],[[47831,34950],[25,31],[85,-1],[72,74],[157,8],[84,-34]],[[49346,35377],[-148,210],[-203,-7],[-49,-46],[-287,126]],[[52127,36512],[-130,-59],[-52,-151],[-164,-22],[-79,-88],[-30,-98],[88,-113],[-291,-24],[-275,19],[-69,-56],[-165,-24],[141,-137],[-271,-180],[-20,-59]],[[52521,34614],[76,37],[25,65]],[[52622,34716],[269,46],[92,-15],[79,-63],[77,22],[-11,46],[171,13],[43,-70],[142,2]],[[53484,34697],[46,71],[262,-21],[41,25],[47,158],[-47,91],[134,80],[-22,51],[-136,-12],[-204,203],[-349,-20],[-42,53],[15,98],[-121,66],[4,128],[-114,65],[34,78],[-144,107],[-8,71],[-92,50],[-17,55],[-86,27],[61,193],[-73,24],[-8,58],[-181,77],[-31,58],[-224,-74],[-102,55]],[[50457,37106],[180,-61],[-23,-100],[74,-16],[43,-314],[55,-31],[75,17],[38,-44],[-165,-156],[-142,20],[-187,-38],[-49,-67],[27,-119],[-124,-173],[-15,-134],[-157,-25],[-41,-78],[-82,-32],[18,-74]],[[52127,36512],[21,60],[-90,233]],[[52058,36805],[-141,32],[-113,-37],[-32,74]],[[51772,36874],[-160,-28],[-187,89],[-81,-6],[-232,141],[-481,186],[-61,-3],[-113,-147]],[[46193,34702],[-42,-47],[14,-126],[132,-212]],[[46297,34317],[329,51]],[[46626,34368],[40,55],[172,40]],[[46838,34463],[24,38],[28,-30],[232,58]],[[47122,34529],[-83,94],[-123,-6],[-141,213]],[[46775,34830],[9,36],[-162,-24],[-68,-86],[-197,151]],[[46357,34907],[-60,111],[-97,21],[-69,-13],[-121,-111],[-20,-56],[232,-124],[-29,-33]],[[48729,37255],[-88,-34],[-109,-192],[-82,-22],[-11,-87],[-112,-50],[61,-143]],[[48388,36727],[175,-174],[55,61],[221,-14],[137,-128],[-47,-66],[333,-69],[24,104],[-54,134]],[[49232,36575],[6,107],[-164,63],[-63,125],[-181,35],[44,88],[-35,97],[-63,14],[-47,151]],[[48878,37279],[257,-187],[59,-167],[222,-65],[-70,-75],[145,-147],[-79,-61],[-180,-2]],[[48388,36727],[-132,2]],[[47826,35705],[122,14]],[[47948,35719],[234,30]],[[48182,35749],[88,40],[240,21],[105,-62],[44,-88]],[[50457,37106],[-67,0],[-6,-51],[-134,-41],[-88,6],[-40,43],[1,71],[97,78],[-2,45],[120,57],[-41,85],[276,64],[24,56],[-136,35],[-22,43],[-125,18],[-174,134]],[[50140,37749],[-102,-9],[-115,71],[-94,-106],[-162,-48],[-25,-99],[-153,13],[-52,-88],[-301,-57],[-118,-79],[-97,-13],[-43,-55]],[[46762,35368],[-189,-83],[-147,58],[-156,-56],[-49,28]],[[46221,35315],[-104,-61],[-51,14],[61,-77],[-123,-75],[-273,113],[-122,-24],[-108,-62],[3,-47],[-98,-17],[-137,198],[-109,-61],[-85,64]],[[45075,35280],[-205,3]],[[45351,34670],[39,-62],[317,-76],[486,170]],[[46357,34907],[146,19],[124,63],[82,50],[2,53],[113,-7]],[[46824,35085],[278,141]],[[47102,35226],[-340,142]],[[45209,38007],[21,-88]],[[45230,37919],[-34,-82],[-98,-55],[85,-58]],[[45183,37724],[165,-205],[241,-66],[20,-61]],[[45609,37392],[46,-9],[89,62],[147,-125],[106,41],[38,-42],[142,-29],[28,143],[-44,71]],[[46161,37504],[155,162],[-30,134]],[[46286,37800],[-64,64],[40,52],[-88,144],[5,131],[-162,-33],[-254,15],[-172,84],[-251,-107],[-131,-143]],[[42870,37643],[-109,-146],[-107,-11],[-76,-96]],[[42578,37390],[24,-65],[154,-30],[-384,-262],[-4,-123],[-201,-117],[-23,-55]],[[42144,36738],[37,-90]],[[42181,36648],[10,-35],[46,34],[79,-25],[91,-90],[204,-94],[305,79],[52,-77],[204,-21]],[[43172,36419],[66,146],[78,54],[330,-31],[218,-254],[127,-30],[1,-139],[139,-101]],[[44131,36064],[270,184]],[[44401,36248],[-119,67],[-33,127],[-94,97],[-195,106],[-201,286],[-38,150],[-121,86]],[[43600,37167],[-151,18],[-299,196],[-83,-18],[-197,280]],[[41718,35914],[-67,-19],[22,-72],[-43,-22],[58,-51],[-56,-28],[22,-68],[-63,-69],[13,-100],[114,-142],[-14,-63],[-77,-51]],[[41627,35229],[-41,-137]],[[41586,35092],[41,-78]],[[42880,35863],[-65,56],[-56,-3]],[[42759,35916],[-172,101],[-173,-14],[-203,-47],[-55,-82],[-220,-74],[-218,114]],[[41774,36970],[-39,-128],[-192,-28],[-76,65],[-247,-160],[-107,28],[-60,-51],[-132,-7],[-198,91],[-112,7]],[[40611,36787],[-144,-63],[84,-90],[-131,-93],[91,-77],[-27,-104],[-85,-40],[70,-203],[99,-12]],[[40568,36105],[250,-230],[87,27],[51,-25],[14,-53],[178,-114],[144,-202],[285,-172],[50,-107]],[[41718,35914],[-92,96],[99,81],[-47,194],[260,25],[4,63],[85,77],[-45,85],[199,113]],[[42144,36738],[-169,67],[-55,64],[-72,-6],[-74,107]],[[47234,34392],[263,-42],[75,-89]],[[47572,34261],[147,-120],[86,2]],[[47805,34143],[62,12]],[[47867,34155],[-55,80],[81,51],[-48,63]],[[47845,34349],[-79,23]],[[47766,34372],[-226,42]],[[47540,34414],[-306,-22]],[[46626,34368],[128,-7],[-15,-95],[219,-123]],[[46958,34143],[197,-90],[13,-74],[92,-62]],[[47260,33917],[85,26],[8,72],[110,71],[109,175]],[[47234,34392],[-178,9],[-218,62]],[[29428,45945],[-435,-194],[-491,97],[-103,-28],[-160,64],[-246,-96]],[[24473,46721],[-7,-144],[-85,-69],[28,-108],[-62,-18],[-13,-61],[152,-212],[-55,-18],[52,-66],[-37,-31],[32,-61],[-59,-10],[38,-35],[-49,-19],[208,-85],[-3,-59],[69,-22],[28,-72]],[[26924,46594],[-364,210]],[[26560,46804],[-11,39]],[[46747,36048],[-36,-58],[-156,-73],[-187,18]],[[46368,35935],[0,-57]],[[46368,35878],[155,-93]],[[46523,35785],[154,5],[102,60],[-45,10],[13,188]],[[47045,37354],[-192,-73],[71,-80],[1,-99],[105,-75],[-35,-142],[-58,-32],[24,-130],[-120,-22],[-211,-120]],[[46630,36581],[23,-105],[-147,-254],[-135,-45],[-156,-116]],[[46215,36061],[178,6]],[[46393,36067],[250,75],[110,-13]],[[46753,36129],[124,-1]],[[47887,37724],[-135,4],[-152,-63],[-28,24],[-118,-15],[-56,-114],[-128,-48],[-96,-184],[-129,26]],[[46495,38732],[10,-42],[-106,-32],[71,-88],[-45,-77],[80,-36],[20,-130],[93,6],[119,-50],[3,-127],[-47,-132],[-50,-31],[-108,11],[-249,-204]],[[46161,37504],[502,142],[190,-37],[-29,-32],[45,-87],[176,-136]],[[48729,37255],[149,24]],[[50140,37749],[-204,224],[86,122],[-102,76],[-218,59]],[[42349,40429],[-594,-171],[-104,-140]],[[41651,40118],[33,-111],[232,-11],[46,-117],[-154,-95],[30,-81],[-36,-37],[-274,-45],[-36,-62],[31,-33]],[[41523,39526],[19,-67],[-78,-203],[-200,-8],[-115,-116],[-88,-13],[-50,-107],[-301,6],[-134,110]],[[40576,39128],[-63,-87],[42,-3],[41,-85],[121,-32],[-53,-21],[-27,-82]],[[40637,38818],[98,-155],[195,-136],[25,-104],[228,-113],[22,-96],[181,-191]],[[41386,38023],[160,19],[123,70],[150,-45],[60,37],[52,-14],[63,60],[281,66],[-2,51],[77,55]],[[42350,38322],[553,0]],[[42903,38322],[-431,480],[-216,172],[400,-30],[161,109],[-28,128],[158,99],[-34,39],[67,50]],[[42980,39369],[-178,49],[-12,36],[143,90],[-206,106],[181,131],[2,82],[-146,120],[-3,60],[-179,111],[-12,147],[-76,5],[-145,123]],[[42089,41120],[-111,-46],[-11,-51],[-290,-230],[-288,-78],[-322,-369]],[[41067,40346],[3,-27],[94,30],[11,-51],[285,-16],[191,-164]],[[42349,40429],[-16,89],[162,119],[47,107]],[[42542,40744],[-9,100],[-147,69],[-47,81],[-75,7],[-175,119]],[[52986,38190],[-162,-97],[-232,93]],[[52592,38186],[-83,-137],[-83,8],[-34,-37],[-31,-60],[70,-135],[-119,-55],[11,-91],[-103,-40],[-45,-220],[-81,-95],[-113,-44],[9,-149],[-120,-85],[-9,-112],[-89,-60]],[[52058,36805],[52,155],[104,-17],[127,37],[41,26],[-48,46],[116,23],[111,-62],[124,53],[45,53],[-75,34],[-11,88],[239,57],[33,88],[70,26],[-46,78],[17,85],[189,48],[-4,69],[86,68],[156,50],[129,-3],[114,144],[-22,108],[-97,94],[141,75]],[[53649,38228],[-282,25],[-118,-124],[-263,61]],[[57181,36881],[112,119],[-95,223],[117,93],[-1,62],[-277,180],[-17,148],[-99,11],[-212,172],[-96,23],[-246,234],[-12,63],[-274,234],[-53,311],[-121,-13],[-45,48],[54,66],[-12,176],[74,74],[23,135],[-274,6],[-208,88],[-198,-37],[-105,-77],[-138,-33],[-38,-56],[-87,8],[-193,-155],[-289,-22]],[[54471,38962],[-28,-30],[-409,-7],[-81,-161],[-201,-1],[-132,107],[-119,4],[-26,-105],[72,-74],[-18,-58],[-160,-86],[-224,7],[-32,-38]],[[53113,38520],[15,-30],[-78,-23],[-54,-85],[-10,-192]],[[53649,38228],[45,-55],[87,-36],[130,9],[88,-69],[212,127],[267,81],[310,-345],[88,-194],[-56,-18],[119,-80],[131,-259],[157,-9],[71,-94],[76,14],[143,-41],[132,57],[132,-85],[118,14],[76,-45],[246,30],[95,-41],[-16,-52],[79,-100],[230,3],[11,-34],[49,7],[-16,-42],[136,-14],[162,61],[83,-153],[84,3],[23,-32],[40,45]],[[50793,38669],[-616,-167],[-342,26],[-207,-47],[-51,36]],[[52592,38186],[-198,32],[-95,86],[-128,35],[95,116],[47,44]],[[52313,38499],[-162,25],[-288,-19],[-98,170],[-526,27],[-99,-65],[-13,-60],[-186,-36],[-13,113],[-135,15]],[[53484,34697],[164,-99],[214,-30],[106,-71],[55,39],[207,-40],[10,-80],[84,19],[74,-136],[93,13],[56,-49],[-41,-94],[59,-44]],[[54565,34125],[25,-30],[79,20],[262,-169]],[[54931,33946],[193,226],[155,103],[169,42],[116,-26],[86,48],[172,-232],[182,8],[184,-46],[24,-44],[84,-13],[87,-127],[345,-178],[37,-86],[170,165],[148,21],[80,53],[15,100]],[[57178,33960],[-65,51],[14,61],[163,42],[79,220],[3,236],[315,151],[75,181],[370,289],[173,14],[101,101],[2,88],[-63,69],[-176,-15],[-93,99],[-4,58],[82,97],[-132,161],[-11,140],[-126,-80],[-52,6],[37,110],[-113,86],[23,191],[-174,50],[16,39],[98,25],[-134,79],[70,132],[-39,102],[-134,127],[-110,19],[-146,-41],[-41,27],[-5,6]],[[52903,40271],[-185,-178],[-310,-6],[-256,-58],[-233,53],[-40,-130],[49,-192],[-129,-11],[-33,-70],[-99,-19],[-51,-75],[-48,23],[-116,-55],[-123,-102],[-118,15],[-17,-39],[-32,28],[-99,-123]],[[51063,39332],[105,-80],[93,-165],[89,-48],[209,-53],[95,145],[263,25],[85,-34],[119,-144],[173,-104],[191,12],[99,-37],[137,53],[99,109],[-47,192],[115,110],[-197,46],[-2,102],[-78,57],[218,97],[-24,130],[93,27],[59,-40],[91,33],[206,30],[136,-29],[214,74],[83,172],[-62,97]],[[53625,40109],[-137,76],[-63,-23],[-56,71],[-148,6],[-102,67],[-74,-41],[-142,6]],[[53318,40605],[-348,58],[-147,97],[-21,81],[-71,25],[-274,-64],[-17,-55],[-149,62]],[[52291,40809],[39,-88],[-53,-115],[65,-99],[-40,-128],[156,30],[64,-38],[87,28],[245,-61],[49,-67]],[[53625,40109],[170,-42],[56,-114],[159,11],[188,-69],[192,-110],[-7,-41],[165,-72],[64,-90],[66,6],[41,-66],[97,-8],[-49,-54],[17,-82],[-127,-7],[-138,-61],[91,-198],[-139,-150]],[[57178,33960],[140,-84],[-95,-86],[19,-30],[89,-21],[142,55],[102,-46],[142,-260],[252,-132]],[[58034,33074],[156,72],[188,-20],[358,123],[91,92],[175,10],[193,-3],[233,-99]],[[59428,33249],[131,-3],[135,54],[197,-76],[118,17],[137,-31],[122,-164],[230,-160],[15,-166],[107,-70]],[[60620,32650],[74,-40],[53,30],[110,-16],[84,-56]],[[60941,32568],[139,111],[-47,177],[141,314],[121,10],[85,76],[209,60],[188,-13],[219,84]],[[61996,33387],[4,93],[222,360],[350,79],[254,11],[75,138],[-226,49],[-134,68],[77,83],[-136,63],[75,100],[8,136],[-58,84],[-127,-54],[-32,67],[-79,35],[-15,46],[57,34],[-119,115],[29,108],[-167,62],[-219,282],[-163,87],[-348,54],[-176,87],[-30,259],[11,107],[75,36],[-11,111],[-322,362],[65,130],[303,296],[503,191],[120,155],[73,-23]],[[61935,37198],[222,39],[-33,146],[-204,185],[24,71],[71,77],[86,12],[106,177],[186,141]],[[62393,38046],[-237,86],[-143,133],[-91,-56],[-41,20],[41,133],[-37,41],[197,96],[-32,90],[106,260],[-201,592],[67,51],[-59,109],[23,66],[-89,119]],[[45932,38917],[-173,-115],[-171,-32],[-101,-95],[-199,-30],[-271,-196]],[[45017,38449],[95,-86],[97,-356]],[[17848,59141],[-22,-102],[-174,-122],[-48,-128],[-149,-164],[-360,-99],[-272,-156],[134,-106],[56,-116],[173,-83],[18,-148],[161,5],[46,-36]],[[17411,57886],[598,172],[349,-16],[67,37],[33,111],[133,56],[97,159]],[[19886,58853],[-132,-8],[-75,-70],[-194,-40],[-189,15],[-200,-31],[-277,-135]],[[17411,57886],[-239,-183]],[[17172,57703],[-215,-225],[-90,-59],[-132,-16]],[[16735,57403],[180,-27],[-127,-205],[-14,-106],[103,-46],[23,29],[86,-23],[1,-91],[94,32],[108,-134]],[[17189,56832],[213,23],[131,-232],[520,-35],[25,97],[193,59],[168,321],[92,46],[179,-56],[84,36]],[[18794,57091],[336,48],[119,111],[59,166],[198,62],[138,116],[106,1],[67,38]],[[19817,57633],[-40,54],[-183,18],[-114,-28],[-32,80],[-213,14],[18,106],[-101,143],[-108,38],[52,54],[-36,127],[111,61],[22,163],[516,65],[119,-36],[88,30]],[[19916,58522],[80,142],[-110,189]],[[46297,34317],[11,-66],[-109,-43],[-45,-99],[-317,-92],[-112,-132],[53,-100],[-83,-127]],[[45695,33658],[127,-46],[48,83],[120,4],[3,76],[125,61],[157,-71],[123,39],[164,-30],[273,57],[54,93],[-69,94],[138,125]],[[23054,56578],[-132,-11],[-62,-44],[-289,37],[-190,-120]],[[22381,56440],[-82,-63],[-93,22],[-154,-108],[19,-131],[-41,-94]],[[22030,56066],[283,-272],[-107,-140],[1,-178],[-57,-44],[33,-45]],[[22183,55387],[209,86]],[[22392,55473],[139,100],[131,182],[203,127],[6,120],[207,61],[74,185],[306,113]],[[23458,56361],[21,27],[-241,45],[-184,145]],[[19817,57633],[336,-29],[-61,-97],[107,-72],[-120,-163],[23,-112],[418,1]],[[20520,57161],[91,54],[205,-3],[92,83]],[[20908,57295],[205,5]],[[21113,57300],[206,169],[-308,164]],[[21011,57633],[-256,200],[-48,178],[-80,57],[9,75],[-145,82],[-92,1],[-62,82],[-153,35],[-97,109],[-171,70]],[[23444,58306],[-39,-57],[-160,-4],[-209,-106],[-235,5],[-167,-94],[-41,-145],[-197,-39]],[[22396,57866],[266,-65],[43,-168],[167,-186],[-152,-144],[-234,68]],[[22486,57371],[-29,-91],[-101,-63],[58,-133],[68,-74]],[[22482,57010],[124,75],[93,6],[77,80],[207,21],[-22,63],[85,-6],[83,46],[150,-121],[-2,-93],[196,-107],[224,-68]],[[23697,56906],[29,128],[138,68],[242,35],[99,-32],[56,39]],[[24261,57144],[6,269],[-132,121],[-31,98],[0,76],[94,60],[-1,100]],[[14453,59968],[-306,-136],[-209,-251],[-138,-11]],[[13800,59570],[19,-105],[215,-187],[67,-140],[318,-255],[353,-374]],[[14772,58509],[554,212],[215,211],[74,-22],[102,-105],[62,43],[74,-50],[50,21]],[[15903,58819],[95,164],[69,23],[-35,178],[271,45],[-48,82],[111,147],[116,24],[-21,45],[131,121],[105,32],[36,112],[157,71]],[[16890,59863],[7,62]],[[16310,59916],[-337,-138],[-169,16],[-165,-120],[-183,-36],[-133,-71],[-23,80],[-150,123],[-5,93],[-163,26],[-94,-47],[-54,125],[-75,-22],[-40,46],[-61,-34],[-205,11]],[[13637,60424],[95,-178],[-14,-108]],[[13718,60138],[156,78],[701,-7]],[[14575,60209],[156,13],[171,7],[250,-54],[303,40]],[[15455,60215],[-274,119],[-104,108],[-60,152],[-232,140]],[[14785,60734],[-97,32],[-41,-38],[-134,49],[23,-48],[-39,-30],[-80,9],[-66,-136],[-254,70],[-117,-226],[-343,8]],[[17189,56832],[-229,-186],[-255,-115]],[[16705,56531],[637,-334],[80,-72],[-28,-61],[62,-68],[352,-197]],[[17808,55799],[80,77]],[[17888,55876],[-20,78],[106,116]],[[17974,56070],[-157,22],[-108,64],[-20,60],[120,66],[151,26],[128,-80]],[[18088,56228],[64,-1],[338,209],[172,5]],[[18662,56441],[322,261]],[[18984,56702],[-75,86],[11,178],[-126,125]],[[25656,58127],[-66,-181],[-251,-44],[3,-68],[-97,-76],[188,-129],[4,-134],[-95,-83],[-73,50],[-166,-5],[-123,42],[174,-265],[-43,-89],[-170,-111],[-29,-86],[-135,-104]],[[24777,56844],[141,-7],[21,50],[157,5],[113,-134]],[[25209,56758],[159,51],[324,22],[50,87],[149,16],[78,97],[59,-26]],[[26028,57005],[151,51],[23,47],[171,-55]],[[26373,57048],[-106,57],[-71,98],[179,252],[-66,78],[274,65],[102,75],[130,-35],[175,-8]],[[26990,57630],[206,264]],[[27196,57894],[-124,44],[-74,86],[-91,18],[-80,137],[-55,15],[-88,-106],[22,-126],[-146,-90],[-80,-4],[11,-29],[-111,78],[-156,19],[-365,-81],[-24,140],[-179,132]],[[27479,58507],[42,-56],[-194,-403],[-131,-154]],[[26990,57630],[64,-149]],[[27054,57481],[250,-246],[48,-129],[76,-59],[108,-9],[98,-81],[282,82],[72,-23],[214,49],[70,-87],[-35,-53],[73,-47],[7,-140],[62,-20],[101,33]],[[28480,56751],[115,-12],[81,-77],[183,-46],[232,0]],[[29091,56616],[2,121],[43,33]],[[29136,56770],[89,53],[-23,28]],[[29202,56851],[-47,-29],[-236,77],[-85,74],[-472,40],[-10,128],[82,15],[61,111],[71,27],[-52,58],[-129,-25],[-172,65],[-133,212],[-258,313],[126,80]],[[27948,57997],[49,174],[-65,101],[5,86],[145,73],[-120,26],[-132,-48],[-201,82],[-150,16]],[[28860,58216],[7,-59],[-136,-34],[-366,-224],[-28,-113],[-95,20],[-294,191]],[[29202,56851],[-3,213],[-68,53],[46,59]],[[29177,57176],[57,38],[-53,77]],[[29181,57291],[-55,162],[-108,93],[13,61],[-67,30],[26,141],[-86,112],[-34,151],[27,54],[86,12],[-123,109]],[[26151,56163],[-325,-125],[-121,-115],[-84,-3],[-35,-245],[-89,-38],[91,-52],[57,-212],[151,-86],[127,80],[110,-144]],[[26418,55371],[-60,47],[-19,94]],[[26339,55512],[-291,74],[-61,47],[76,101],[167,94],[13,125],[373,120],[-103,107]],[[26513,56180],[-172,59],[-190,-76]],[[25209,56758],[123,-156],[-77,-97],[-54,-9],[-32,-85],[63,-75],[-27,-79],[-188,-92],[-3,-101],[-51,-53],[20,-79]],[[24983,55932],[4,-47]],[[24987,55885],[327,83],[65,67],[167,-31],[312,135],[117,9],[18,39],[158,-24]],[[26513,56180],[88,37]],[[26601,56217],[-112,237]],[[26489,56454],[-118,167],[-169,6],[20,42],[-132,169],[-62,167]],[[24987,55885],[158,-219],[51,-130],[132,-135],[-136,-180],[168,-237],[-21,-156]],[[25339,54828],[170,83]],[[28480,56751],[-11,-53],[-284,-118],[3,-69],[-213,-28],[-170,1],[-272,176],[-207,-66],[-101,43],[-82,-110],[-141,35],[-113,-39],[-99,88],[-222,74],[16,-163],[-95,-68]],[[26601,56217],[170,37],[36,-178]],[[26807,56076],[256,44]],[[27063,56120],[18,66],[96,-9],[123,42],[143,-106],[310,42],[194,-63],[273,10],[62,39],[197,-18],[560,130]],[[29039,56253],[52,363]],[[19886,58853],[124,128],[144,5],[261,-84],[205,16],[140,-125]],[[20760,58793],[566,198]],[[20765,59728],[-135,20],[-164,-60],[-84,72],[-121,30],[-167,-119],[-68,156],[-91,-45],[-16,-85],[-55,-21]],[[20760,58793],[85,-63],[52,-154],[169,-38],[-5,-47],[118,-30],[44,-70],[179,-46],[29,-100],[121,-102]],[[21552,58143],[74,5],[74,-63],[203,-65]],[[21903,58020],[288,89],[127,68],[22,64],[131,93],[194,63],[-271,127]],[[22394,58524],[-73,38],[-24,104],[-107,96],[-276,115],[-42,99]],[[21011,57633],[297,249],[208,83],[36,178]],[[22394,58524],[139,-15],[190,77],[51,-99],[516,3]],[[19624,55481],[26,-209],[172,-21],[100,-96],[-48,-104],[-49,-14],[57,-79],[-69,-126],[-517,-182],[-143,-154]],[[19153,54496],[43,-77],[-45,-157],[-100,-82],[-166,7],[0,-49],[159,-130],[429,-191],[512,-298],[229,-197],[138,-192]],[[20352,53130],[124,294],[-145,191],[-32,149],[231,-12],[41,53],[95,-18],[99,59],[181,1],[0,69],[112,81],[29,79],[213,156],[71,11],[153,194],[284,150],[107,167]],[[21915,54754],[-163,23],[-153,95],[195,282]],[[21794,55154],[-235,79],[-72,79],[28,74],[-46,71],[-359,59],[124,159],[-19,68]],[[21215,55743],[-131,-24],[-106,37],[-96,-62],[-145,-10],[-236,-97],[-336,-26],[-74,-181],[-119,46],[-103,-28],[-172,15],[-73,68]],[[20352,53130],[84,-244],[-69,-97]],[[20367,52789],[79,25],[222,-116],[340,111],[45,54],[44,-73],[130,-72],[138,2],[94,-119],[144,-1],[30,51],[103,34],[-17,-168],[83,-109],[116,-66],[-12,-50]],[[21906,52292],[264,120],[244,10],[385,101],[214,131],[253,66],[192,128],[131,-15],[32,52],[183,-4],[116,46],[72,-20],[114,33],[200,-12],[93,31]],[[24399,52959],[-197,201],[-12,110],[-145,108],[-7,81],[-69,68],[188,65],[-65,136],[-51,9],[66,32],[-8,116],[94,79],[-269,39],[-291,-28],[-79,-92],[-14,45],[-239,87],[6,303],[-169,12],[-93,-57],[-29,103],[-123,21],[-27,160]],[[22866,54557],[-100,-120],[-228,-26],[-187,92],[127,104],[-296,70],[-163,91],[-104,-14]],[[20367,52789],[71,-178],[-41,-129],[-143,-91],[-2,-93],[864,-767],[63,-113],[-9,-186]],[[21170,51232],[120,-10],[196,88]],[[21486,51310],[118,67],[-4,87],[109,206],[-91,171],[180,355],[108,96]],[[14772,58509],[150,-202],[15,-94],[-32,-48],[-189,-55],[-20,-38],[598,-407],[53,-131]],[[15347,57534],[575,109]],[[15922,57643],[-1,200],[-250,180],[-128,31],[-86,-33],[19,67],[332,191],[234,4],[63,-82],[80,-18]],[[16185,58183],[-12,199],[-252,107],[8,163],[59,90],[-85,77]],[[16185,58183],[25,-148],[247,-39]],[[16457,57996],[160,-50],[11,-155],[175,35],[39,-84],[253,4],[77,-43]],[[17852,59404],[-453,170],[-250,13],[-57,113],[-206,118],[4,45]],[[27768,61359],[-7,-100],[167,-241],[-347,-105],[-86,11],[-127,-77],[-183,32]],[[27602,60087],[69,-115],[-33,-55],[186,-129],[235,-90],[27,-106]],[[28086,59592],[265,145],[385,67],[94,-46],[110,-155],[230,121]],[[29170,59724],[72,93],[-138,291],[85,125],[-146,277],[77,91],[-63,0],[-18,65],[74,-10],[34,56],[223,76],[-15,72],[-44,-2],[-63,81],[35,81],[-140,40],[-64,107],[-536,213],[-60,121]],[[28483,61501],[-93,43],[-163,-9],[-78,-90],[-145,-6],[-69,-98],[-167,18]],[[28086,59592],[101,-15],[111,-140],[-37,-69]],[[28261,59368],[18,-150],[108,-78],[181,-194]],[[28568,58946],[-4,31],[105,46],[81,148],[289,66],[61,91],[58,15],[10,102],[250,33],[3,58]],[[29421,59536],[-116,156],[-135,32]],[[28568,58946],[71,-44],[-26,-158]],[[28613,58744],[540,-115],[212,-177],[284,-82],[86,-63],[187,41],[36,63]],[[29958,58411],[-60,31],[125,84],[-45,96],[262,10],[74,55],[-87,116],[-71,-19],[-129,50],[-121,-28],[-26,98],[145,313],[-142,4],[-196,255],[-210,87],[-56,-27]],[[26261,62146],[87,-29],[-98,-40],[3,-33],[120,-64],[-14,-64],[127,-72],[41,-136],[116,-76]],[[26964,61100],[196,136],[-17,210],[184,6],[288,-83]],[[27615,61369],[30,95],[74,37],[15,96],[-202,85],[-119,110],[-184,39],[-18,52],[-404,140],[-3,38]],[[27615,61369],[42,-29],[111,19]],[[28483,61501],[86,110],[-132,49],[-128,132],[-57,269],[-92,118]],[[21903,58020],[113,-103],[257,-55]],[[22273,57862],[123,4]],[[14575,60209],[-219,-91],[-48,-58]],[[14308,60060],[145,-92]],[[31372,55522],[-292,-93]],[[31080,55429],[103,-133],[20,-110],[-71,-102]],[[31132,55084],[254,-76],[76,25],[112,-139],[101,-46],[-37,-107],[-125,-57],[-70,-92]],[[31443,54592],[173,-12],[264,-190],[356,134],[133,22],[31,-97],[190,-49],[-42,-70],[167,-1],[17,-65],[-49,-33],[71,-101],[76,53],[110,16],[3,-58],[148,-19]],[[33091,54122],[134,-44],[97,17],[10,38]],[[33332,54133],[-65,62],[-117,10],[12,79],[-94,101],[-19,91],[-123,100],[-27,132],[-136,-1],[-121,105],[5,70],[-101,48],[-33,122],[-69,1],[-67,96],[-150,43],[-21,124]],[[32206,55316],[-134,-103],[-296,12],[-207,144],[-75,106],[-122,47]],[[27287,58791],[-417,-81],[75,-140],[-218,-83]],[[25617,58183],[39,-56]],[[27479,58507],[-154,121],[-38,163]],[[26807,56076],[-186,-45],[-57,-125],[41,-157],[-93,-176],[-70,-70],[-103,9]],[[26710,55425],[75,24],[51,216],[227,455]],[[14945,64818],[-212,-78],[-49,-76],[-132,-14],[-65,-49],[-127,41],[-225,-30],[-198,82],[-455,-35],[-173,-112],[-30,-131]],[[13279,64416],[28,-99],[96,-48],[39,-106],[112,26],[54,-33],[-8,-81],[107,-57]],[[13707,64018],[217,-110],[203,5],[57,-26],[-19,-130],[97,-23],[8,-45],[95,-11],[-18,-214],[88,-79]],[[14435,63385],[-18,-136],[55,-72],[367,38],[152,-43],[220,69],[128,-70]],[[15339,63171],[50,40],[276,192],[43,208],[-38,96],[81,46],[279,3]],[[15544,64339],[-72,108],[-25,158],[-269,-115],[-134,37],[33,160],[-132,131]],[[12294,62477],[-21,-192],[-166,-177],[-26,-144]],[[12081,61964],[444,-288],[443,-363],[20,-158],[-68,-137]],[[12920,61018],[768,569]],[[13688,61587],[571,432]],[[15159,66988],[-195,-309],[37,-50],[136,-39],[61,-91],[-271,-210],[-37,-76],[30,-78],[-157,-60],[-118,-96],[-80,-206],[33,-81],[-119,-10],[-176,-130],[-124,-3],[-97,-60]],[[14082,65489],[71,-69],[47,-157]],[[14200,65263],[120,-1],[430,152]],[[16201,66580],[-213,13],[-84,96],[-150,-36],[-67,39],[7,226],[-68,27],[-6,62],[-255,35],[-85,-58],[-121,4]],[[13130,63260],[11,-77],[66,1],[-7,-111]],[[13984,62855],[199,-29],[441,126],[75,-53],[83,5],[69,50],[78,-49]],[[14929,62905],[198,57],[133,-18],[94,123],[-3,90],[-12,14]],[[14435,63385],[-126,1],[-136,-72],[-456,9],[-123,-20],[-48,-49],[-416,6]],[[14200,65263],[-658,-133],[-317,-171],[-752,87],[-246,-22],[-170,62]],[[12057,65086],[-71,-102],[27,-72],[93,-56]],[[12106,64856],[56,-7],[-52,-6]],[[12110,64843],[-239,-104],[-17,-137]],[[11854,64602],[91,-20],[-86,-100],[-38,-155]],[[11821,64327],[586,-79]],[[12407,64248],[158,-28],[41,31],[89,-31],[154,16],[154,75],[93,5],[62,123],[121,-23]],[[14945,64818],[88,75],[3,69],[-110,183],[-107,68],[-29,66],[57,103],[-49,29]],[[10863,65258],[760,-13],[120,-84],[314,-75]],[[14082,65489],[-156,104],[-231,-160],[-531,-201],[-86,-3],[-154,97],[-101,216],[29,36],[-70,269]],[[12782,65847],[-194,-46],[-85,-98],[-173,-51],[-160,198],[-152,105],[-4,63],[103,51],[-86,46]],[[12031,66115],[-211,-32],[-93,80],[-61,173],[-190,31],[-391,311],[-49,-4],[-45,-150],[-216,-241],[-19,-279],[77,-314],[30,-432]],[[13624,67776],[66,-107],[-101,-46],[-19,-84],[-103,0],[-147,-81]],[[13320,67458],[-30,-104],[132,-154],[-18,-223],[219,-65],[200,-161]],[[13823,66751],[193,24],[51,-52],[-1,-44],[-175,-114],[-27,-158]],[[13864,66407],[148,-25],[-255,-125],[-160,-153],[-225,-78],[-309,-32],[-281,-147]],[[15159,66988],[-23,184],[52,88],[-138,102],[27,56]],[[15722,68025],[-209,-20],[-279,-131],[-209,-31],[-184,51],[-82,123],[-114,-6],[-95,46],[-191,-39],[-360,-235],[-331,26],[-44,-33]],[[33420,35754],[-153,-87],[-117,-1]],[[33239,35546],[34,-66]],[[33396,34956],[88,70]],[[33484,35026],[81,105]],[[36814,33709],[-240,-146],[-44,-69],[-131,-40],[-68,-105],[-134,-53],[-151,19],[-70,-58],[-188,-24],[-215,-96],[-188,-158]],[[35385,32979],[128,-170],[37,24],[47,-38]],[[35597,32795],[191,103],[138,29],[95,80],[62,-15],[90,72],[131,6],[261,138],[208,131],[104,161],[66,24]],[[36943,33524],[-129,185]],[[35597,32795],[-10,-36],[134,-49],[89,-125]],[[35810,32585],[450,220],[424,55]],[[36684,32860],[35,76],[156,79],[30,111],[107,29],[125,225],[-9,71],[-185,73]],[[33903,34699],[-117,-114],[-57,36]],[[33729,34621],[75,-152]],[[33804,34469],[184,-29],[57,37]],[[34045,34477],[-74,51],[17,68],[-85,103]],[[35810,32585],[93,-53],[-47,-22],[34,-17]],[[35890,32493],[66,74],[109,-78]],[[36065,32489],[580,106],[121,119]],[[36766,32714],[-108,32],[26,114]],[[34069,34514],[-24,-37]],[[33804,34469],[-312,14]],[[33492,34483],[11,-58]],[[33455,34399],[5,-54]],[[33460,34345],[63,7],[10,-45]],[[33533,34307],[131,5]],[[33664,34312],[58,101],[90,-10],[-26,-78]],[[33786,34325],[64,6],[11,-86]],[[33861,34245],[64,6]],[[33925,34251],[-57,104],[254,-16]],[[34122,34339],[11,5]],[[34979,43941],[-7,-132],[-79,-91],[-445,-77],[-325,-7],[-137,-81],[-37,-76],[-120,-26],[-249,-133],[-118,-182],[-127,-67]],[[33335,43069],[85,-13],[89,-105],[379,-37],[54,-78],[-143,-78],[59,-124]],[[33858,42634],[202,-141],[208,42],[127,-47],[86,46],[68,-25],[23,21],[64,-122],[196,133],[269,5],[111,-135]],[[35680,43460],[-205,-4],[-72,163],[-123,-77],[-75,14],[23,47],[-99,114],[51,41],[-45,92],[-52,68],[-104,23]],[[38993,32947],[-289,-306],[-240,-168]],[[38464,32473],[3,-77],[-92,-116],[-296,-79],[-142,12],[-283,-163],[-111,44],[-77,-12],[-155,-112]],[[37311,31970],[-73,-181],[-140,-92],[28,-106],[98,-38]],[[37224,31553],[81,-58],[229,-48],[135,10],[94,-75],[-27,-57]],[[37736,31325],[157,17],[94,148],[218,82],[190,-99],[279,47],[171,-44],[103,41],[27,131],[162,125]],[[39137,31773],[129,77],[114,189],[-21,89],[61,137],[94,4],[33,103]],[[39547,32372],[-140,37],[-96,153],[-4,275]],[[39307,32837],[-210,15],[-40,76],[-64,19]],[[38041,29637],[-1,-128],[-79,-45],[266,-331],[0,-57],[-60,-21],[177,-139]],[[38344,28916],[250,89],[49,156]],[[38643,29161],[10,22]],[[38653,29183],[-53,20],[53,68],[-46,72],[54,30],[-4,68],[-146,17],[47,21],[92,222],[3,170]],[[38653,29871],[-151,1],[-461,-235]],[[36065,32489],[27,-150]],[[36092,32339],[-28,-83],[40,-105],[-165,-173],[-142,-44],[52,-92]],[[35849,31842],[299,-106],[160,-121]],[[36308,31615],[176,30]],[[36484,31645],[117,44],[88,85],[83,190],[64,-12],[108,76],[78,-31],[58,37],[231,-64]],[[38464,32473],[-113,16],[-128,-46],[-258,130],[-90,118],[11,78],[-92,59],[47,126],[-189,220],[-180,-55],[-86,-75],[5,-53],[-55,-30],[19,-117],[-111,-90],[3,-88],[-76,-21],[-269,91],[-136,-22]],[[37736,31325],[-14,-96],[-183,-145],[-19,-88],[62,-49]],[[37582,30947],[64,-78],[151,20],[159,-39],[63,-59],[-13,-180],[71,-126],[401,-41],[386,36]],[[38864,30480],[7,33],[153,-13],[322,106],[210,-13],[146,127]],[[39702,30720],[-29,64],[118,166],[-28,157],[119,28],[162,294]],[[40044,31429],[-4,33],[-105,31],[-171,-18],[-132,192],[-92,22],[-54,107],[-91,-45],[-55,30],[-203,-8]],[[33924,34896],[-21,-197]],[[34522,34564],[-134,145],[152,224],[148,64]],[[34688,34997],[130,82],[-24,113],[46,94],[116,47],[20,81],[-282,-26],[-92,53]],[[33409,34471],[83,12]],[[33729,34621],[-66,14]],[[33663,34635],[-146,-23],[-34,74],[45,87],[-59,4],[-16,48],[31,201]],[[33460,34345],[-139,-10]],[[33321,34335],[-54,-88]],[[33267,34247],[262,-94]],[[33529,34153],[49,72]],[[33578,34225],[-73,29],[28,53]],[[34523,33669],[-162,-54]],[[34361,33615],[-24,-194]],[[34337,33421],[282,-96]],[[34619,33325],[195,-6],[35,88]],[[34849,33407],[-246,277],[-80,-15]],[[34614,34014],[-133,-112],[-4,-83],[46,-150]],[[34849,33407],[170,103],[-12,36]],[[35007,33546],[60,288],[-90,35],[-48,77],[-91,38],[13,29]],[[37881,39863],[-250,-35],[-215,-119],[-57,-84],[-244,-160],[-6,-143],[-202,-259],[-45,-136]],[[36862,38927],[170,-25],[159,41],[82,-16],[60,39],[468,66],[168,-25],[99,30],[70,-30]],[[38138,39007],[16,101],[-107,85],[4,164],[-111,140],[186,46],[35,111]],[[38161,39654],[-280,209]],[[35120,38396],[-57,-45],[-493,-79]],[[34570,38272],[-43,-34]],[[34527,38238],[-70,2],[-89,76],[-137,-84]],[[34231,38232],[103,-61],[33,-127],[257,-88],[190,-1],[51,-44],[-27,-69],[148,-220]],[[34986,37622],[296,-35],[339,129],[59,59],[269,72],[380,-79],[137,60],[90,-30]],[[36556,37798],[49,62]],[[36605,37860],[-97,22],[-90,79],[-212,3],[-414,108],[-145,106],[-208,32],[-319,186]],[[40622,29796],[-62,-167],[-161,-77],[-149,-162],[6,-99],[-68,-42],[-22,-99],[59,-44],[-25,-104],[68,-6],[24,-38],[-92,-148],[-141,-108]],[[40059,28702],[157,-40],[162,17],[78,-44],[275,95],[168,-81],[139,47],[78,-60],[16,-103],[233,-72]],[[42341,29213],[-412,-5],[-172,46],[-80,42],[-53,212],[-115,8],[-77,90],[-630,237],[-180,-47]],[[37224,31553],[-226,-343]],[[36998,31210],[-90,-172],[-74,-51]],[[36834,30987],[25,-125],[206,-123]],[[37065,30739],[201,-83],[57,18],[37,22],[-38,44],[160,76],[100,131]],[[40123,30379],[-58,-145],[-116,-78],[60,-141],[-78,-174],[-131,-183],[2,-61],[-96,-17],[50,-160],[-211,-199],[-170,76],[-105,6]],[[39270,29303],[-54,-149],[54,-93],[115,-27],[-26,-90],[72,-38],[-15,-225],[-38,-18]],[[39378,28663],[436,54],[245,-15]],[[40622,29796],[-45,58],[61,161]],[[40638,30015],[-175,224],[-340,140]],[[42341,29213],[31,172],[-126,167],[6,83],[-246,9]],[[42006,29644],[-263,113],[-25,171],[-65,54],[-59,-3],[34,51],[-61,127],[-185,64],[-113,84]],[[41269,30305],[-74,2],[-148,79]],[[41047,30386],[-121,-32],[-29,-153],[-83,-25],[8,-70],[-59,0],[-30,-67],[-95,-24]],[[38864,30480],[-23,-128],[-59,-56],[18,-55],[-146,-161],[-1,-209]],[[38653,29183],[61,30],[153,-46],[84,70],[272,79],[47,-13]],[[40123,30379],[-29,170],[-85,33],[-201,-10],[-106,148]],[[36308,31615],[162,-102],[7,-88],[254,-172],[2,-188],[101,-78]],[[36998,31210],[-190,187],[1,70],[-233,80],[-92,98]],[[39275,37181],[-93,-127],[-128,-59],[-175,-174],[-423,-134],[-34,-79],[-108,-47],[-278,-44],[11,190],[-75,198],[90,190]],[[38062,37095],[-112,-126],[-9,-74],[-63,-2],[104,-190],[-137,-131],[113,-103]],[[37958,36469],[455,-26],[318,-117],[89,11],[67,-65],[124,-23]],[[39011,36249],[283,0],[50,81],[101,-79]],[[39445,36251],[77,22],[102,155]],[[39624,36428],[-153,141],[153,127],[-20,133],[84,57]],[[39688,36886],[-53,157],[-104,26],[-82,101],[-174,11]],[[40243,37117],[-84,-84],[-211,12],[-66,-81],[-108,-51],[-48,14],[-38,-41]],[[39624,36428],[38,37],[65,-17],[57,-95],[1,-129],[104,-86],[129,-19],[64,-162],[122,-87],[251,-47],[113,282]],[[40611,36787],[-69,131],[-79,11],[-48,76],[-93,16],[-79,96]],[[42006,29644],[86,144],[-120,207],[44,95],[171,12],[170,-57]],[[42357,30045],[144,161],[-11,95],[-327,108],[-97,140],[-200,-179],[-186,41],[-123,-59],[-94,2],[-33,33],[-161,-82]],[[33629,38801],[-99,-172],[-258,-29],[-161,-87],[-109,-238],[-112,-14],[-32,-117],[-206,19],[-107,100],[-176,14],[-48,149],[-98,63],[-202,49],[-131,106],[-138,1],[-148,-236]],[[31604,38409],[-84,-147],[102,-115],[-31,-110]],[[31591,38037],[168,-239],[-7,-111],[129,-88],[62,-196],[76,16],[81,-58],[75,-3],[239,-145],[40,-118],[83,-30]],[[32537,37065],[218,318],[688,357],[367,345],[421,147]],[[34527,38238],[-124,239],[-426,99],[-88,137],[-99,1],[-161,87]],[[36862,38927],[-153,-44],[-22,-51],[-429,-124],[-356,-18]],[[35902,38690],[444,-218],[120,4],[47,-70]],[[36513,38406],[181,-40],[72,-114]],[[36766,38252],[217,11],[74,-53]],[[37057,38210],[222,29],[38,119],[145,77],[92,-35],[186,14],[93,-93],[189,29],[200,-89],[209,55]],[[38431,38316],[-2,10]],[[38429,38326],[-169,225],[120,113],[48,-1],[-156,38],[-96,77],[48,70],[-86,159]],[[37485,40052],[-187,-16],[-142,-53],[-84,26],[-34,-76],[-182,27],[-117,-113],[-97,41],[-167,-49],[-120,18],[-163,-74]],[[36192,39783],[150,-151],[-93,-305],[228,-113],[10,-56],[-64,-51],[-102,0],[-100,-47],[-77,-134],[-180,-47],[-62,-189]],[[37881,39863],[-50,93],[-244,61],[-42,51],[-60,-16]],[[36922,34859],[-284,-120],[-124,19],[-117,-35]],[[36397,34723],[-59,-40]],[[36446,34057],[86,-5],[145,-86]],[[36677,33966],[137,-42],[97,37],[293,-67],[169,27],[43,45],[63,-19],[209,33],[60,-92],[210,-114]],[[37958,33774],[4,60],[148,103],[75,-14],[109,-106],[31,77],[-65,168],[93,26],[-7,31]],[[38346,34119],[26,145],[163,59]],[[38535,34323],[-1,152]],[[38534,34475],[-221,-2],[-91,-54],[-18,34],[-124,19],[-104,116]],[[37976,34588],[-295,-73],[-52,68],[71,133],[-149,69],[-35,110]],[[37516,34895],[-69,61]],[[37447,34956],[-525,-97]],[[38286,37591],[-22,-50],[95,-147],[-37,-32],[-158,24],[-110,-84],[-29,-81],[37,-126]],[[39275,37181],[-5,119],[-69,-14],[-137,117]],[[39064,37403],[-117,13],[-71,-44],[-107,81],[-180,28],[-142,134],[-113,12],[-48,-36]],[[40312,35158],[23,-64],[-63,-131],[-243,-86],[49,-74],[-109,-91],[-229,-80],[-125,0],[-108,-72],[-59,-185],[-48,-28]],[[39400,34347],[74,-96],[-179,-263]],[[39295,33988],[48,-182],[185,-15],[37,-34],[19,-71],[-83,-31],[1,-80]],[[39502,33575],[127,-69]],[[39629,33506],[274,113],[-110,166],[58,164],[230,-168],[94,91],[134,-50]],[[40309,33822],[38,68]],[[40347,33890],[-71,48],[-42,148]],[[40234,34086],[-138,124],[-79,218],[86,174],[157,99]],[[40260,34701],[189,214],[47,147],[167,111],[32,90],[62,36]],[[40757,35299],[-145,42],[-170,-62],[-130,-121]],[[41200,32210],[-65,-75],[-103,-18]],[[41032,32117],[-122,-195],[30,-99]],[[40940,31823],[238,-242],[-71,-98],[15,-62],[76,-10],[71,-95],[75,-17],[-67,-100],[8,-162],[86,-41],[89,-153],[-19,-117],[-102,-154],[-236,-45],[-56,-141]],[[42357,30045],[109,38]],[[42466,30083],[67,-16],[288,191]],[[42821,30258],[65,90],[-133,15],[-259,106],[-38,38],[6,160],[-49,85],[-123,79]],[[42290,30831],[82,223],[-163,176]],[[42209,31230],[-102,177],[31,104],[-58,155],[-122,-18],[-281,189],[56,256],[198,195],[-24,86]],[[41907,32374],[-140,8],[-29,-51],[-240,-62],[-194,-139],[-104,80]],[[38070,37596],[-71,-118],[-111,-44],[-28,-86],[-123,-58]],[[37737,37290],[67,-212],[-183,-181]],[[37621,36897],[12,-95],[-135,-52],[6,-62]],[[37504,36688],[-45,-134],[28,-88],[-93,-150],[253,47]],[[37647,36363],[115,65],[196,41]],[[38286,37591],[-100,53],[-116,-48]],[[26710,55425],[117,-50],[95,-133],[45,-12],[47,48],[100,-29],[76,-128],[167,-66]],[[29220,55883],[-97,56],[142,150]],[[29265,56089],[-198,72],[-28,92]],[[24897,53785],[-123,-36],[-115,-98],[-113,-170],[15,-46],[104,-45],[65,-140],[-66,-146],[-265,-145]],[[25423,52921],[-195,233],[19,76],[54,40],[210,-2],[0,38],[127,53],[7,59],[204,29],[263,137]],[[26112,53584],[-404,119],[48,119]],[[25756,53822],[-71,63],[15,61],[-78,121],[-406,-106],[-101,-112],[-218,-64]],[[25189,54519],[-30,-327],[-136,-193],[-7,-89],[-95,-60],[-24,-65]],[[25756,53822],[266,30],[135,-132],[228,1]],[[26385,53721],[127,64],[-70,137],[222,-22],[115,171]],[[26779,54071],[-264,53],[-121,-20],[-169,97],[-20,79],[-137,14],[-153,-51],[-60,41],[-11,82],[-184,46]],[[25660,54412],[-471,107]],[[21486,51310],[176,-115],[96,-227],[-153,-60],[-68,21]],[[21537,50929],[-219,-72],[-19,-58],[-80,5]],[[21219,50804],[119,-179],[75,43],[-23,-41],[42,32],[-6,-32],[138,13],[144,-73],[115,-145],[-37,-37],[46,10],[18,-134]],[[24713,51140],[107,105],[-68,148]],[[26712,51180],[2,54],[-107,76],[108,190]],[[30398,54788],[-98,79],[-30,114],[-114,50]],[[30156,55031],[-172,35],[-31,131],[-269,31]],[[68569,23415],[156,-21]],[[68725,23394],[38,25]],[[69062,23720],[74,66]],[[69136,23786],[62,51],[-43,61],[65,47]],[[69220,23945],[-177,246],[-127,53],[-95,-41],[-81,101],[43,85],[-107,9],[-115,114]],[[69220,23945],[298,246],[121,36],[161,192]],[[69136,23786],[78,-51],[132,12],[140,-33],[225,-140],[106,6],[42,61],[120,51],[98,-14]],[[63899,26261],[172,-110],[-126,-170],[-40,-324]],[[64262,24850],[86,-18]],[[64818,25714],[-186,93],[-47,72],[41,35],[-99,130],[112,85],[-52,83],[37,98],[-177,53],[-166,1],[-235,-91],[-147,-12]],[[63839,26617],[25,-127],[-50,-58],[85,-171]],[[64441,26799],[-58,-49],[-64,5],[-83,57],[18,48],[-54,38],[31,47],[-142,27],[-56,-40]],[[65902,23047],[-75,-102],[-196,0],[-175,-250],[-223,-142]],[[65233,22553],[72,-139],[71,-45],[-83,-74],[-139,-31],[0,-194]],[[65154,22070],[162,-41],[152,58],[114,-20],[190,116],[-10,38],[-116,49],[231,87],[176,-25],[305,51],[255,99]],[[65154,22070],[-22,-4]],[[65132,22066],[-79,-102]],[[65053,21964],[121,-70],[160,-22],[70,-243],[121,-39],[69,-114]],[[63550,21588],[151,28],[21,96],[162,63],[0,66],[47,15],[349,-18],[49,-95],[45,3]],[[64374,21746],[246,133],[289,-12],[144,97]],[[65132,22066],[-190,112]],[[64942,22178],[-89,-22],[-105,73],[-117,-16],[-149,59],[-325,37],[-86,121],[-70,23],[-32,218]],[[63969,22671],[-115,62]],[[63854,22733],[-537,-33],[-179,-58]],[[64374,21746],[-85,-98],[160,-210],[105,-59],[-12,-107],[154,-178],[-4,-105],[120,-103],[461,216],[13,118],[90,-4],[214,118],[50,102]],[[64161,24759],[183,-59],[105,-78],[-111,-248],[290,-302],[-65,-41],[-125,38],[-165,-35],[-132,37]],[[64141,24071],[-100,-17],[-58,-73],[176,-79],[145,-7]],[[64304,23895],[163,1]],[[64467,23896],[260,-4],[92,73],[13,106],[317,57],[198,175]],[[78089,13229],[-97,13],[-70,-50],[-133,47],[-160,-31],[-124,37],[-197,-25],[-19,-77],[-363,-255],[-392,64],[-169,-54],[-26,32]],[[76339,12930],[-83,115],[-222,152],[-107,3]],[[79049,13084],[-128,82],[-97,-10],[-264,81],[-471,-8]],[[67939,14958],[-77,-101],[-79,2],[-75,-53],[-149,-380],[-80,-53],[255,-90],[52,-202],[-129,-65],[253,-231],[-148,-233],[20,-133],[-59,-50],[-86,-252],[-228,-127],[-48,-141],[-132,-30],[-70,-99],[-71,-2],[-55,69],[-248,5],[-258,-180]],[[66527,12612],[121,-46],[287,-398],[13,-262],[200,-176],[55,-102],[7,-272],[79,-179]],[[67289,11177],[19,-33],[353,-91],[47,-70],[259,-128],[55,-87]],[[68911,10487],[-118,147],[-91,266],[-284,343],[39,242]],[[69183,13931],[-123,79],[-223,315],[-112,35],[-60,102],[-74,-29],[-42,40],[-52,-51],[-104,-7],[-87,42],[-107,183],[-158,80],[15,118],[-117,120]],[[65721,12732],[99,-18]],[[65820,12714],[225,-71],[353,30],[129,-61]],[[67939,14958],[-53,48],[55,100],[206,143],[234,69]],[[70117,16124],[63,150],[46,11],[-99,259],[16,122],[141,155],[352,114]],[[70636,16935],[81,50],[-60,54],[-37,179],[153,236],[-7,75],[-86,26],[-20,79],[150,140],[283,9],[160,149],[82,14],[164,116],[89,239],[-56,173],[63,118],[206,82],[131,122],[354,69],[-6,35],[135,47],[396,-54],[-71,-66],[-10,-81],[58,-201]],[[72788,18545],[239,95],[206,-22],[37,62],[-43,128],[99,44],[46,119],[208,-48],[204,88],[92,128],[97,48]],[[73973,19187],[94,79],[204,-63],[61,44],[-10,116],[109,85]],[[74431,19448],[-207,-11],[-70,36],[-30,155],[-207,131],[103,117],[-49,40],[181,79],[-350,171],[-20,66],[-104,72],[-184,-70],[-250,-312],[23,-108],[-50,-89],[76,-116],[-23,-102],[52,-77],[-48,-97],[61,-14],[60,-87],[-119,-55],[-50,-263],[-236,20],[-108,147],[-323,155],[-59,88],[55,125],[-111,65],[-82,-4],[-28,-44],[-86,42],[-148,2],[-180,-137],[-66,18],[-166,-68],[-87,48],[-495,-165]],[[65820,12714],[-341,-500],[-115,-337],[-351,-70],[-148,-67],[-194,-173],[-159,12],[-152,-35],[-232,95]],[[64128,11639],[33,-329],[-177,-41],[-6,-50],[-83,-49],[-82,-266],[-276,-93],[-133,-187]],[[63404,10624],[153,39],[93,-20],[0,-40],[133,13],[68,-46],[87,11],[52,69],[88,-3],[133,-78],[238,-24],[81,-102],[135,-63],[224,-26],[378,-176],[19,-59],[300,-62]],[[65586,10057],[31,50],[240,105],[308,313],[161,106],[5,75],[62,39],[-33,26],[268,170],[661,236]],[[72020,10333],[2,-137],[-187,-187],[-131,-88],[-116,4],[-272,-288],[-156,17],[-119,-135],[-53,79],[-200,22],[-70,-12],[-71,-83],[-149,-28],[-87,5],[-33,41],[-187,-18],[-85,52],[-73,-14],[-30,236],[-199,-47],[-97,41],[-45,-77],[-142,9],[-51,-29],[-36,63],[-175,0],[-122,-52],[-26,56],[-116,20],[-30,101]],[[68964,9884],[-37,-71],[-144,-84],[-9,-78],[-84,-78],[0,-218],[72,-144]],[[68762,9211],[1298,-209],[247,-184],[89,-15],[37,-67],[217,-7],[-9,-46],[159,-28],[92,-92],[106,-35],[-29,-26],[49,-49],[129,-25],[-15,-34],[137,-63],[47,-64],[-64,-65],[75,-64],[-36,-26],[27,-53],[95,11],[103,-69],[123,0],[121,-81],[40,34],[128,-46],[56,-69],[30,16],[36,-78],[88,11]],[[72055,10199],[-35,134]],[[70512,15031],[42,-154]],[[70554,14877],[145,-185],[-44,-195],[108,-186],[119,57],[235,11],[127,-8],[259,-119],[156,29]],[[71753,14412],[-34,75],[95,238],[172,119],[-65,179],[134,132],[-41,251]],[[72014,15406],[-145,14],[-302,-86]],[[72788,18545],[-145,-180],[125,-129],[-143,-252],[-126,-65],[-313,-21],[-145,-157],[-73,-140],[38,-61],[-111,-189],[-329,-105],[149,-209],[-213,-247],[2,-136],[-55,-94],[112,-186],[-43,-129]],[[72014,15406],[141,92],[19,123],[148,121],[-46,43],[57,98],[-68,88],[16,109],[111,17],[328,258],[-254,252],[275,65],[13,224],[247,33],[107,-18],[73,179],[211,130],[-157,168],[598,171]],[[73833,17559],[179,137],[-94,150],[-129,21],[-56,84],[201,163],[30,228],[53,75],[59,5],[48,63],[91,-13],[59,60],[-53,122],[-166,100],[-13,214],[-80,62],[11,157]],[[71031,16185],[-37,61],[59,144],[-190,161],[-149,26],[11,118],[105,104],[-127,39],[-67,97]],[[72743,14987],[201,-9],[144,64],[190,11],[59,78],[179,-13]],[[73516,15118],[60,7],[93,170],[-109,113],[70,158],[-45,212],[56,115],[-1,215],[110,172],[-40,154],[90,142],[90,23],[22,233],[44,80],[78,32]],[[74034,16944],[-14,115],[187,39],[27,130],[137,147],[-458,114],[-80,70]],[[71125,13852],[-169,-145],[-129,35],[-198,-14],[-49,-58],[-164,-58],[-249,71],[-74,-22]],[[69917,11846],[286,18],[28,-55],[-49,-82],[63,-50],[118,35],[194,190],[127,55]],[[70684,11957],[409,135],[366,-2]],[[69195,15338],[196,-185],[28,-133],[-41,-131],[184,-211],[14,-103]],[[69576,14575],[75,-78],[91,21],[68,-219]],[[69810,14299],[41,65],[158,-25],[-60,163],[44,121],[205,37],[53,90],[303,127]],[[69379,13907],[110,160],[105,45],[-58,40],[17,53],[-120,96],[100,57],[-139,101]],[[69394,14459],[-500,246],[-71,150],[-143,133],[-47,254]],[[63926,14673],[-871,-3],[-834,-75],[-471,-308]],[[61750,14287],[101,-132],[219,-33],[103,-252],[111,-55],[91,-1],[-2,-105],[125,-125],[-31,-77],[206,-28],[160,-98],[39,-184],[-61,-225],[270,-175],[1,-66],[118,-24],[136,-172],[156,-50],[196,45],[166,110]],[[63854,12640],[-47,205],[155,41],[-19,159],[-52,49],[37,144],[-81,103],[49,130],[-31,54]],[[69810,14299],[92,-146],[-21,-156]],[[77549,15454],[-88,-28]],[[77461,15426],[-131,14],[-104,-64],[-122,-9],[-15,-89],[-139,-36],[-31,-66]],[[76574,14733],[-11,-185],[75,-74],[36,-131],[310,-149],[52,-60],[107,45],[17,51],[166,13],[31,48],[71,5]],[[77428,14296],[69,157],[-120,105],[-106,289],[422,171],[92,100],[-111,230],[-125,106]],[[75087,14893],[-290,-465],[-61,-66],[-85,18],[-38,-45]],[[75347,13637],[48,74],[-14,125],[106,77],[-74,135],[246,234],[51,188],[122,99],[-105,5],[-82,81],[57,76],[-36,42]],[[74636,15783],[-119,-18],[-24,-66],[-183,-74],[-31,-52],[-33,-155],[123,-17],[70,-129],[-266,-125],[75,-96]],[[74248,15051],[124,-42],[128,42],[207,-3],[220,-45],[160,-110]],[[81486,15162],[-47,-145],[-66,-42],[-359,-135],[-167,6],[-119,-114],[-57,-133],[-208,-146],[-57,52],[-131,-33],[-313,84],[-66,49]],[[79896,14605],[-64,-89],[62,-56],[0,-69],[-147,-115],[-29,-122],[-142,-62],[-328,25],[43,-141],[102,-104],[-14,-62],[-258,2],[-129,-146],[28,-76],[-219,-46],[-211,37],[-501,-352]],[[82704,13264],[-162,178],[-158,-23],[-56,28],[-19,156],[38,47]],[[82347,13650],[-124,98],[-107,182],[-177,137],[71,23],[84,134],[140,48],[39,108],[-142,171],[-1,232],[-167,141],[-341,109],[-136,129]],[[76845,17347],[-61,-157],[-93,-46],[-122,-5],[39,-97],[-108,-257],[45,-151],[-57,-108],[32,-70],[192,-110],[-56,-72],[139,-36],[15,-64]],[[76810,16174],[68,-11],[153,-165],[188,-57],[7,-66],[156,-89],[79,-360]],[[77549,15454],[57,49],[83,-3],[151,116],[203,32],[38,141],[131,152]],[[78212,15941],[-174,-47],[-157,7],[-19,70],[-70,43],[-1,70],[-146,39],[-120,-28],[-88,28],[-55,146],[-162,44],[-44,154],[-116,55],[-50,103],[163,133],[-107,95],[25,115],[56,44],[-8,103],[-96,26],[-198,206]],[[73516,15118],[126,-119],[142,53],[35,-22],[184,24],[75,-31],[170,28]],[[74678,16072],[-36,49],[59,76],[-47,108],[70,79],[-82,182],[-159,55],[-114,93],[-16,125],[-77,99],[-135,30],[-107,-24]],[[57993,26516],[159,-33],[246,10],[162,88],[139,-4],[164,99],[255,-23]],[[59338,27501],[-181,61],[-170,-32],[-132,31],[19,78],[136,81],[16,86],[-167,-8],[-171,-89],[-219,-5],[-59,-40]],[[51799,24960],[-37,-27],[-82,13]],[[54090,22925],[61,25],[328,-22]],[[54479,22928],[241,-80],[444,103],[52,106],[191,14]],[[55407,23071],[-97,16],[-98,106],[119,124],[-196,405],[62,156],[109,99],[-31,65],[46,45],[-118,180],[54,148]],[[55257,24415],[-108,187]],[[56649,30972],[-46,49],[-104,-36],[-75,52],[-152,47],[-58,-22]],[[56219,30830],[154,-75],[58,-88],[170,-50],[-27,-158],[147,-109],[-85,-287],[-95,-105]],[[57847,30106],[-22,50],[87,175],[-69,122],[38,110]],[[54759,33654],[89,-225],[-139,-127],[70,-104],[-248,-181],[-61,83],[-99,23],[-39,72],[-83,12],[-174,-12],[-140,-52],[-121,-168],[-355,137]],[[53459,33112],[-227,-202],[39,-267]],[[53814,32234],[420,23],[78,-25],[171,18],[103,-37]],[[56337,33007],[-154,45],[-93,-18],[5,128],[-115,58],[-102,-11],[-18,63],[-76,9],[-97,93],[-113,-7],[-54,94],[-244,-35],[-116,82],[53,21],[-34,90],[-86,1],[-53,95],[46,18]],[[55086,33733],[-38,31],[-144,-54],[-77,10],[-15,-53],[-53,-13]],[[58980,28813],[58,-142],[71,-41],[-136,-143]],[[58973,28487],[282,-47],[132,12],[222,-188]],[[59958,28157],[304,38],[168,103],[75,-43],[165,51],[251,-40],[429,221],[409,-21],[147,68],[-50,96],[38,44],[167,-61],[64,74]],[[62125,28687],[35,99],[-100,-3],[-27,70],[-101,62],[-40,-57],[-56,-1],[-17,107],[110,69],[15,181],[-86,12],[-129,-67],[-110,25],[-31,46]],[[61588,29230],[-64,74],[173,70],[-18,111],[115,80],[-32,35],[-75,-12]],[[61687,29588],[-16,-62],[-110,-42],[-121,7],[-166,-70],[-152,101],[-66,165]],[[59709,31133],[-321,192],[-35,214]],[[59353,31539],[-149,229],[-55,14]],[[56662,20949],[-76,-5],[-5,-104],[-109,-35],[123,-48],[30,-144],[-171,-106]],[[56454,20507],[40,-231],[-82,-55],[120,-76],[32,-96],[-133,-196]],[[56431,19853],[115,-301]],[[56546,19552],[170,176],[119,25],[400,-171],[25,-96],[78,-47],[352,-127],[257,-11],[140,-104],[45,-99],[159,-23]],[[58291,19075],[79,46],[-10,111],[119,85],[49,115],[308,138]],[[58836,19570],[114,11],[8,49],[232,165],[-86,81],[70,144]],[[59174,20020],[-164,92],[-84,113],[-355,78],[-163,71],[-2,60],[-95,65],[0,98]],[[58311,20597],[-104,52],[-134,-78],[-123,23],[-87,148],[-109,48],[-45,111],[-82,31],[-232,-76],[-226,-8],[-242,111],[-152,-38],[-113,28]],[[56546,19552],[96,-239],[-60,-87],[21,-77],[-94,-87],[-201,-72],[-64,-129],[-141,-80],[10,-51],[-153,-218]],[[55960,18512],[-353,-288],[-127,-30],[-314,-246],[-528,8],[-380,-127],[-201,-106],[-14,-44]],[[54043,17679],[-187,-257]],[[53856,17422],[392,-84],[79,39],[188,-1],[148,-62],[53,-93]],[[54716,17221],[46,-12],[217,121],[152,-24],[-7,81],[82,41],[-4,58],[208,87],[378,86],[87,120],[32,262],[119,103],[228,36],[125,84],[89,280],[196,175],[444,91],[154,-11],[-55,56],[98,197],[-56,58],[79,55],[168,-182],[19,-84],[-53,-54],[-5,-117],[254,-156],[129,56]],[[57840,18628],[343,152],[-29,66],[67,114],[115,62],[-45,53]],[[26662,60067],[-96,-104],[-88,-11],[-80,-74],[-27,-127],[-77,-49]],[[26294,59702],[-57,-176],[-84,-65],[-221,31],[-79,-40]],[[27287,58791],[99,335],[113,54],[400,73],[213,114],[149,1]],[[25337,64160],[-87,-92],[-39,-141],[-143,-81]],[[24583,63160],[-22,-16]],[[24561,63144],[98,-379],[-44,-140],[61,-185]],[[24676,62440],[103,93],[167,40],[220,-1],[101,32],[73,-56],[75,14]],[[25415,62562],[-96,198],[-15,186],[175,-38],[153,-140],[204,65],[198,11]],[[26034,62844],[106,59],[9,58],[-57,16],[36,53],[-61,57],[26,109],[-41,18],[37,27],[-71,21],[-39,128]],[[25179,64396],[36,38],[-43,15],[14,119],[-127,88],[-11,67],[-87,43],[-75,-16],[-21,97]],[[24865,64847],[-166,-72],[-45,-59],[-294,-88],[-191,-158],[-18,-132]],[[23237,62402],[169,128],[7,138],[97,5],[213,-93],[74,44],[280,10],[179,73],[215,-159],[-143,-151],[57,-172],[-70,-86],[29,-98]],[[24344,62041],[149,-29],[71,62],[0,61],[108,59]],[[24672,62194],[37,99],[-33,147]],[[24561,63144],[-292,-66],[-119,17],[-264,220],[-42,97],[31,54],[-73,101],[-75,-23],[-71,26],[-163,166]],[[25729,62124],[-43,-59],[-198,-59],[45,-140],[-24,-103],[-252,-99],[-9,-82],[-111,-107],[-80,-19],[-78,-93],[-201,36],[-83,-30]],[[24808,61171],[80,15],[96,-35],[370,35]],[[26263,62303],[-263,-41],[-101,-100],[-170,-38]],[[24344,62041],[-75,-55],[-237,25],[-40,-140]],[[25729,62124],[-153,42],[-45,79],[-306,102]],[[25225,62347],[-171,30],[-149,-78],[-56,-107],[-80,-23],[-97,25]],[[16812,65494],[40,-68],[93,-4],[-39,-108],[52,-81]],[[47882,34158],[-15,-3]],[[47805,34143],[21,-37],[-112,-12],[32,-26],[-93,-68],[-33,-122],[-199,-33]],[[47421,33845],[119,-110],[-189,-132],[29,-82],[-55,-152],[17,-39],[113,10],[105,-69]],[[47560,33271],[59,-38],[164,-8]],[[47998,33361],[-245,358],[80,106],[167,19]],[[48000,33844],[30,64]],[[48030,33908],[-66,-6],[5,80],[-110,27],[45,62],[-45,21],[23,66]],[[16226,62675],[-203,-67]],[[16023,62608],[-112,-108],[11,-107],[86,-84],[-64,-152],[83,-176],[-204,-136]],[[15823,61845],[-71,-173],[9,-102],[139,-78],[-7,-166],[138,-49]],[[17402,61885],[-94,30],[-309,-26],[-176,42],[-74,-17],[-57,49],[-8,84],[-127,53],[190,63],[38,137],[207,28]],[[16992,62328],[-33,98],[-148,95],[-111,-15],[-202,131],[-169,-11],[-103,49]],[[40764,64681],[-37,-135],[78,-20],[118,-182]],[[40923,64344],[60,-110],[157,-74],[16,-54],[-40,-146],[-275,-180]],[[40841,63780],[53,-40],[117,-10],[25,-41]],[[41036,63689],[44,-62],[204,-85],[-63,-76],[275,-397],[139,-51]],[[41635,63018],[310,27],[13,33]],[[41958,63078],[97,479],[229,-41],[103,41],[177,-85],[92,9],[160,-52],[82,57],[222,13],[-2,33],[149,-39],[30,109],[212,115],[-22,107],[154,25],[57,74],[-85,58],[-141,-11],[-20,253],[-164,116],[8,83],[-205,80],[-48,154],[-183,82],[-43,85]],[[42641,64914],[-143,-4],[-100,-143],[-119,10],[-78,-59],[-158,25],[-64,-20],[-500,143],[-109,-32],[-224,12],[-156,-128],[-179,5],[-47,-42]],[[42694,66677],[3,-110],[-103,-89],[-37,-205],[-306,-283],[-48,-130],[42,-79],[388,-323],[-17,-67],[59,-54],[-53,-76],[120,-87]],[[42742,65174],[508,237],[180,130],[45,118],[-35,201],[56,98],[121,79],[-34,119],[195,164],[75,0],[243,126],[97,214]],[[44193,66660],[-203,-13],[-44,27],[-105,-34],[-28,38],[57,25],[-1,46],[-56,40],[-44,13],[-21,-29],[-124,101],[-228,34],[-56,-46],[-132,28],[51,-174],[55,-37],[-162,-10],[-294,56],[-164,-48]],[[41958,63078],[203,34],[32,-35],[124,64],[169,-36],[218,24],[299,-64],[265,27],[237,-109],[-1,-45],[156,22],[108,-147],[271,-44],[60,35],[108,-5],[190,-99],[85,43],[25,83],[110,9],[38,98],[66,39],[137,19],[11,-100],[60,-49]],[[44929,62842],[299,56],[79,66],[82,7],[7,58],[97,40],[377,78],[93,96],[-31,396],[47,310],[-71,313]],[[19682,63841],[216,-115]],[[19898,63726],[77,63],[-28,125]],[[76519,23961],[-205,-110]],[[75963,23124],[170,-8],[420,-103],[124,-94],[107,22]],[[77173,23267],[147,33],[2,148],[-147,77],[22,103],[-88,28],[-31,55]],[[72681,22418],[55,-75],[146,-40],[-94,-230]],[[72788,22073],[8,-95],[108,-173]],[[72904,21805],[4,-82],[87,-3],[156,-91],[161,-41]],[[73312,21588],[59,144],[113,62],[17,50],[439,91],[-5,104],[-51,15],[-46,101],[259,227],[-4,52],[180,95],[11,139],[-68,161],[30,84]],[[74246,22913],[-108,224],[-154,50],[-74,82],[-183,-152],[-148,-43],[-44,-72],[-294,68],[-109,98]],[[75490,22341],[24,-125],[-63,-22],[-5,-61],[-89,-76],[113,-137],[-106,-99],[39,-293],[124,-81],[-28,-161],[-54,-20]],[[75445,21266],[-15,-51],[-193,-78],[97,-76],[-5,-228],[128,-80],[-95,-118],[69,-143],[-233,-96],[-70,-147],[26,-83],[-158,-90],[-2,-56],[-111,-79]],[[74883,19941],[286,-59],[129,45],[50,105],[137,18],[87,96],[96,20],[-132,181],[324,79],[8,159],[181,80],[237,21],[76,51],[11,116]],[[70423,21117],[114,-104],[60,-161],[196,-54],[93,-64],[554,11],[231,66],[151,-10],[90,49],[226,-20],[94,74],[-159,183],[52,46],[148,-18],[153,234],[64,31],[131,-6],[17,54],[269,158],[-87,60],[84,159]],[[72788,22073],[-242,-67],[-61,-43],[0,-99],[-291,-152],[-99,-158],[28,-60],[-56,-153],[-124,-71],[-88,3],[-83,-209],[-231,18],[-118,88],[-353,47],[2,136]],[[80248,20298],[-133,-73],[-120,5],[-95,-54],[-51,-140],[-92,-91],[-154,27],[-44,-45],[-137,12],[-283,-78],[-522,82],[-24,-63],[67,-97],[98,-28],[33,-71],[75,5],[72,-49],[-101,-44],[-98,22],[-161,-73]],[[78578,19545],[27,-37],[26,31],[44,-91],[43,32],[-13,-57],[69,-61],[54,15],[14,-39],[101,-24],[32,27],[68,-133],[130,8],[33,-29]],[[79206,19187],[87,77],[108,-22],[152,35],[125,93],[98,14],[198,111],[56,-42],[166,1],[202,108],[35,63],[145,74],[200,27],[84,85]],[[66832,29417],[119,-73],[164,50],[100,-70],[226,-4],[36,-35],[425,56]],[[67902,29341],[89,84],[23,235],[212,-49],[106,-101],[15,172],[-130,130],[-37,79],[37,54],[126,64],[63,4],[54,-41],[113,22]],[[68573,29994],[100,326],[-219,113],[-13,198],[-92,47],[-173,-104],[-32,-61],[-135,-37],[-41,-83],[-174,-137],[-222,31],[-146,-54],[-103,14],[-67,-57],[-141,-31],[-49,-85],[78,-102],[-175,-64],[-52,-148],[-141,-129],[73,-62],[-17,-152]],[[61996,33387],[318,8],[52,30],[112,-18],[76,-59],[175,-51],[68,-78],[130,-14],[113,-78],[155,-33],[122,33],[183,-10],[263,-134],[9,-96],[243,-289],[-141,-218],[-93,-38],[34,-55],[186,-136],[128,21],[298,-32],[227,-77],[124,-177],[-104,-160],[155,-45],[165,-121],[-171,-342],[77,-112],[-96,-68]],[[64804,31038],[116,-42],[138,87],[143,-56],[20,-106],[-52,-82],[32,-78],[-50,-61],[18,-218],[92,-213],[-23,-88],[164,-96],[140,-12],[204,-103],[22,-108],[200,-75],[-41,-151],[-98,-48],[73,-78],[-35,-96],[-166,-142],[80,-125],[180,-9],[159,74],[136,-3],[206,102],[72,-36],[158,69],[103,1],[37,72]],[[68573,29994],[92,-81],[4,-139],[78,34],[198,4],[188,-149]],[[69133,29663],[232,79],[7,66],[196,129],[13,87],[102,117],[-77,76],[379,133],[32,177],[176,239],[-102,148]],[[70091,30914],[-234,52],[-179,157],[-228,128],[-419,-151],[-135,35],[-188,-36],[-136,13],[-164,158],[-153,35],[-142,-21],[-67,119],[-239,35],[8,74],[73,23],[56,-29],[107,35],[67,-57],[49,25],[38,-25],[6,169],[-196,186],[30,59],[-49,137],[42,37],[-54,77],[-168,42],[-197,114],[-67,109],[33,66],[-65,99],[81,267],[527,47],[299,-74],[141,80],[168,0],[118,-99],[272,-68],[256,-20],[178,59],[197,-12],[160,-50],[207,-10],[89,-67],[198,-36],[183,-15],[168,31],[163,-90],[182,12],[176,-54],[83,33],[112,-46],[43,-70],[158,-5],[134,-65],[150,63],[223,-134],[202,-80],[94,1],[131,-94],[78,9],[2,-65],[77,-62],[142,33],[59,-40]],[[72971,31958],[113,155],[25,163],[91,33],[19,62],[237,43],[95,71],[228,14],[93,95],[14,58],[-60,69],[27,62],[42,51],[127,31],[-103,68]],[[73919,32933],[-147,7],[-406,173],[-34,114],[-80,62],[-103,-13],[-149,76],[-94,-15],[-73,44],[-72,-4],[106,243],[-65,136],[101,146],[-47,84],[-7,230],[-625,139],[-448,-11],[-304,40]],[[71472,34384],[-96,-20],[-75,-222],[-194,27],[-130,-63],[-112,-2],[-413,-192],[-49,-86],[-199,-52],[-115,10],[-25,-98],[-225,-90],[-123,-4],[-336,74],[-94,-154],[-429,10],[-218,57],[-153,-97],[-101,24],[-278,-97],[-245,5],[-434,-53],[-280,59],[-109,0],[-50,-34],[-67,17],[1,44],[-182,17],[-145,-65],[-84,56],[-78,-17],[-68,27],[-153,-43],[-80,-88],[-94,-23],[-242,121],[-188,-57],[-151,297],[-135,56],[88,142],[-116,-35],[-44,48],[-190,-46],[-75,-269],[-433,-46],[-93,24],[-378,-17],[-100,226],[67,171],[-162,122],[-154,51],[-6,170],[-57,27],[-11,64],[-115,19],[61,104],[-83,52],[1,69],[-102,27],[12,235],[-102,7],[-37,48],[-110,-27],[-114,20],[-19,85],[112,117],[-53,118],[72,121],[-275,167],[77,206],[-6,63],[-83,62],[-16,203],[-88,9],[-40,59],[-160,64],[108,319],[-380,243],[-43,227],[-60,77],[-281,144]],[[69187,29594],[-149,-76],[-92,-13],[-142,-138],[-46,-187],[-101,16]],[[68657,29196],[69,-75],[-86,-111],[68,-255],[147,-117]],[[71183,28580],[-187,75],[-7,77],[-145,181],[-171,52],[30,54],[-68,44],[65,43],[-13,41],[-150,12],[-26,55],[-195,106],[-80,-13],[-43,36],[-130,7],[-206,170],[-231,-20],[-439,94]],[[67902,29341],[164,-93],[233,20],[195,-87]],[[68494,29181],[49,-41],[114,56]],[[69187,29594],[-54,69]],[[70676,31190],[-385,-106],[-200,-170]],[[73033,31888],[-62,70]],[[60620,32650],[-189,-92],[-46,-127],[-289,-156],[-114,-154],[134,-227],[-129,-37],[-89,16],[-144,-194],[-329,-49],[-72,-91]],[[60451,30802],[281,59],[274,196],[407,77]],[[61413,31134],[-320,93],[-107,199],[89,292],[-173,42],[-107,-22],[-230,138],[39,71],[265,-31],[174,200],[92,-22],[130,88],[13,95],[-166,86],[9,125],[-180,80]],[[68494,29181],[-188,-43],[-242,-143],[-161,97],[-513,-111],[-287,33],[-51,-44],[39,-143],[-64,-210],[336,-216],[15,-67],[109,-81],[-18,-56],[-168,-60],[-83,-191],[-72,-49],[-221,163],[-61,-117],[-81,-52],[-81,30],[-45,84],[-195,-17],[-54,-18],[-34,-91],[-106,24],[-29,-45],[-247,-73],[-8,-92],[107,-284],[86,-42],[85,-114],[191,-59],[55,-92]],[[66816,26934],[164,-46],[72,31],[102,-28],[142,26],[43,-36],[-38,-108],[29,-41],[68,-13],[98,50]],[[64804,31038],[0,-45],[-186,-128],[-446,-139],[-65,-115],[71,-148],[-96,-48],[40,-14],[-54,-47],[-109,-25],[-64,-63],[34,-146],[-117,-114],[46,-135],[-86,-13],[-109,-122],[-168,17],[-116,-29],[-96,-97],[27,-70],[-47,-56],[116,-44],[47,-131],[-42,-33]],[[63384,29293],[194,-59],[56,-93],[102,75],[160,-8],[65,-43],[70,-160],[-69,-46],[23,-55],[355,-172],[-187,-146],[-10,-112],[-294,-16],[-294,54],[-402,-17],[-583,192],[-106,-8],[-132,-96],[-172,7]],[[62160,28590],[-42,-35]],[[62118,28555],[550,-20],[162,-58],[94,-164],[122,13],[297,-71],[141,-168],[314,4],[64,34],[159,-139],[101,-34],[138,6],[95,60],[147,-35],[47,-50],[115,94],[285,-27],[58,-70],[-24,-66],[179,-105],[-16,-199],[90,-53],[46,-111],[64,29],[133,-73],[13,-116],[93,-88],[0,-195],[-101,-25]],[[59428,33249],[-128,-85],[3,-41],[599,-182],[185,-178],[-168,-145],[-44,-170],[-174,24],[-308,140],[-159,-34],[-278,20],[-134,50],[-251,-44],[-81,21],[-52,-33]],[[53870,60554],[-280,-173],[7,-133],[-247,-227],[-107,-274],[-289,-137],[-114,-255],[-97,-101],[-2,-339]],[[52741,58915],[271,-254],[257,-155],[43,-171],[-94,-80],[-10,-84],[100,-159],[106,-114],[303,-69],[30,-94],[-426,-206],[-225,-266],[-94,-269],[-141,-141],[-319,-32],[-179,-88]],[[52363,56733],[322,-36],[-52,-48],[-240,-62],[-72,-93],[48,-159],[283,-101]],[[52652,56234],[338,5],[114,-83],[-62,-112],[-342,-286],[-33,-261],[109,-6],[200,70],[88,-16],[57,-101],[358,-174],[290,-234],[-89,-41],[-247,-437],[-2,-143],[-845,-153]],[[52586,54262],[2,-293]],[[52588,53969],[742,257],[-58,136],[91,11],[51,-29],[42,44],[235,-35],[-19,34],[51,28],[54,-78],[127,-63],[26,-157],[292,185],[218,-73],[84,-400],[218,-138],[169,-22],[360,-49]],[[55271,53620],[330,403],[103,23],[1193,-193],[488,-1],[481,59],[284,-41],[226,51],[339,7],[348,-96],[593,253],[233,-31],[182,36],[180,-102],[253,-40],[57,37],[30,107],[-7,200],[194,236],[212,77],[193,-13],[50,29],[-22,35],[68,29],[144,-54]],[[61423,54631],[129,140],[-89,133],[89,142],[-289,138],[-193,25],[127,94],[-138,146],[-54,177],[88,196],[-330,388],[75,127],[-176,152],[-228,-36],[-108,89],[5,70],[-80,47],[-68,-5],[-45,118],[-167,-61],[-30,72],[-137,29],[60,96],[-114,24],[-138,88],[56,76],[78,16],[-83,143],[34,31],[25,-56],[109,-1],[71,-43],[115,35],[137,-20],[192,90],[4,427],[-81,80],[-179,32],[-25,101],[-152,-13],[-58,63],[-476,107],[-64,-31],[-78,19],[-21,84],[-108,45],[-24,138],[-125,-58],[-91,8],[-81,96],[-187,100],[51,38],[40,162],[-175,38],[-373,176],[-159,16],[-35,148]],[[57949,59067],[-229,112],[-50,123],[-143,55],[-20,177],[-740,262],[-62,44],[-7,82],[-310,104],[-417,-7],[-157,89],[-239,-57],[-476,52],[-137,44],[-68,105],[-343,14],[-139,72],[-103,-30],[-74,48],[-77,-1],[-67,126],[-221,73]],[[77521,26736],[-23,-36],[-169,-45],[104,-179],[-36,-51],[47,-133],[-27,-81],[59,-66],[-32,-68],[-108,-82],[-169,-46],[-91,150],[-83,51]],[[76993,26150],[-38,-40],[-154,37],[-261,-19]],[[76540,26128],[54,-171]],[[76594,25957],[276,-273],[338,-133],[129,-163]],[[77636,25279],[87,180],[52,33],[131,-1],[97,80],[22,56],[-70,108],[28,82],[90,-1],[109,123],[140,18]],[[78322,25957],[-68,103],[-299,108],[-69,108],[24,86],[-114,156]],[[77796,26518],[-109,129],[-89,18],[-77,71]],[[79135,24611],[-101,39],[-147,-91],[-110,22],[41,53],[-232,102],[-24,54]],[[76406,25569],[-446,-236],[-117,-18],[-96,-97]],[[75862,24741],[214,-31],[298,14],[77,-65]],[[76399,25075],[-79,80],[135,132],[-35,53],[66,66],[-80,163]],[[73179,27874],[43,-57],[-7,-39]],[[73215,27778],[76,-300],[32,-30],[11,37],[94,3],[114,-124],[168,-206]],[[73710,27158],[88,-28],[20,-137]],[[73818,26993],[83,3],[259,249]],[[74160,27245],[-51,32],[5,124],[171,193],[191,135],[232,2],[124,37]],[[74832,27768],[-35,83]],[[74797,27851],[-132,129],[74,101],[-20,49],[-111,67]],[[50376,30747],[79,-70],[173,-17],[105,-76],[2,-200],[107,-107],[-106,-82],[-39,-222],[203,-242],[-4,-68]],[[51848,29935],[179,-58],[94,108],[178,89]],[[51714,30816],[-49,-28],[-137,23],[-65,-82],[-277,-3],[-29,130],[-49,23],[-251,-134],[-250,4],[-130,-40],[-101,38]],[[49825,30742],[-223,-24],[-236,-88],[-71,100],[-176,18]],[[48107,30240],[-405,73],[-164,-85],[-202,10],[-288,-80],[-52,14]],[[46996,30172],[-72,-99]],[[48242,29679],[179,65],[78,-10],[97,95],[340,68],[254,220],[324,140],[155,168],[191,37],[134,-59],[145,-9],[-74,145],[41,217]],[[50106,30756],[-74,13],[-113,-105],[-94,78]],[[50002,31857],[18,-119],[-153,-22]],[[49867,31716],[-40,-18]],[[49825,30742],[24,141],[-153,33],[-9,36],[46,63],[156,48],[-86,96],[30,58],[140,5],[118,94],[281,-41]],[[50372,31275],[176,166],[-6,110],[-55,46]],[[50487,31597],[-95,20],[-27,92],[41,63]],[[50057,31921],[-55,-64]],[[52968,30034],[139,-204]],[[53107,29830],[130,-47],[43,-94]],[[53541,29773],[-75,140],[30,194],[113,64],[63,118],[150,30]],[[53878,30472],[-175,41],[-141,93]],[[53562,30606],[-73,-55],[-47,-141],[-154,79],[-108,123],[44,-203],[-273,-30]],[[74154,24367],[-34,-82],[-112,-78],[103,-219],[-26,-77],[38,-18],[-41,-21]],[[74082,23872],[-43,-147],[84,-122],[123,-81],[55,-78],[-19,-56]],[[75367,23513],[-267,660]],[[76926,27962],[21,-39],[-62,-45],[-157,-32],[-206,15],[-128,-55],[-235,-17],[-238,-111],[-1,-33]],[[75920,27645],[94,-86],[192,-30],[238,-122],[129,-144],[122,0],[-1,-32],[210,-66],[42,-80],[114,-12],[58,29],[57,-99],[233,-137],[113,-130]],[[77796,26518],[225,-77],[53,-61],[103,11],[120,75],[-18,44],[147,113],[108,157],[298,-68]],[[82352,28658],[-249,-43],[-48,-98],[-116,-37],[37,-47],[-37,-67],[-168,-72],[-108,0],[-134,-178],[26,-105],[-160,-94],[25,-88],[-47,-68],[-176,-18],[-220,75]],[[80308,26571],[242,-184],[128,7],[106,-60],[142,-9],[237,38],[305,-86],[122,0],[168,47],[13,168],[64,77],[123,50],[195,223],[317,74],[247,-3],[149,-147],[86,-6],[26,-100],[-90,-72],[-9,-60],[81,-36],[-33,-47],[100,-307],[194,-49],[-73,-104],[173,-10],[18,-62],[208,-76],[-33,-52],[44,-97],[50,-52],[121,-35]],[[83729,25601],[204,56],[153,-52],[128,34],[293,253],[355,128]],[[84862,26020],[222,46],[-24,152],[61,101],[150,94],[245,75],[254,239],[34,56],[-153,35],[230,243],[-67,165],[247,36],[160,-71]],[[86221,27191],[54,146],[-78,84],[55,70],[92,32],[95,-14],[30,34],[181,-18],[-12,83],[-191,103],[-273,38],[-136,76],[50,70],[214,70],[39,147],[-33,58]],[[86308,28170],[-55,50],[-403,70],[-140,58],[-672,36],[-289,268],[-347,67],[-312,6],[-105,-38],[-18,-50],[-149,12],[-60,-27],[-271,33],[-109,-25],[-312,97],[-142,112],[-202,15],[-74,-66],[-85,-6],[-285,58],[74,-182]],[[50376,30747],[-109,81]],[[50267,30828],[-58,11],[-103,-83]],[[30313,52792],[-91,-79],[-200,14]],[[29588,51643],[101,62],[210,32],[130,-43],[206,78],[163,-14],[278,141]],[[30676,51899],[-56,54],[72,129],[196,44],[185,160]],[[29701,51591],[287,-4],[97,-105],[224,97],[379,-47],[257,5],[107,48],[134,-41],[59,19]],[[31245,51563],[-276,197]],[[30969,51760],[-293,139]],[[47341,35322],[-3,-69]],[[47338,35253],[93,-53],[162,127]],[[47593,35327],[-157,29],[-95,-34]],[[44488,26819],[101,55],[199,16],[141,85],[146,-31],[131,148],[104,-71],[370,-11],[55,84],[70,-11],[135,107],[16,104]],[[46374,27764],[-204,-7],[-279,82],[-115,-54],[-256,97],[-206,-9],[-204,85]],[[45871,30374],[-49,0],[-79,-180],[-238,23],[-79,-139],[-336,-90]],[[45090,29988],[-1,-41]],[[45089,29947],[-183,-263],[64,-109],[81,-42],[-38,-36],[65,-85]],[[45078,29412],[93,-79],[-47,-135],[-242,-152],[84,-138]],[[44966,28908],[90,45]],[[46996,30172],[-288,184],[-148,-26],[-142,122],[-232,-18],[-44,-105],[-221,8],[-50,37]],[[46160,26351],[-146,-228],[-109,10],[-11,-129]],[[47077,25996],[267,295],[107,60]],[[47233,26699],[-83,52],[-263,-21],[-147,-62],[-243,-12],[-9,-140],[-179,-49],[-149,-116]],[[49557,26358],[91,24],[-114,142],[23,134],[-176,63],[-290,-86],[-262,-153],[-84,-5]],[[38991,45857],[-328,-52],[-112,-101],[-21,-76],[-170,-61]],[[38275,44761],[120,28],[52,-36],[59,-173],[-18,-147],[108,-105]],[[38596,44328],[56,90],[-10,90],[152,119],[-43,162],[32,54],[72,18],[45,-42],[189,-39]],[[39414,45249],[-171,-2],[-67,93],[-112,14],[-72,63],[38,78],[68,4],[52,70],[-221,127],[75,86],[-13,75]],[[38330,46652],[143,6],[153,88],[105,-43],[116,4]],[[40456,46231],[101,-84],[497,-137]],[[41054,46010],[58,122],[-48,79]],[[42652,51845],[-57,216],[60,200],[-118,143],[-75,215]],[[42462,52619],[-142,97],[-33,145],[-87,98],[-4,112],[116,286],[-46,114],[48,85],[-47,165],[60,48]],[[42327,53769],[-142,88],[-33,-140],[-551,-152],[39,-261],[-26,-35],[-82,5],[-62,-61],[143,-282],[172,-42],[87,-127],[-4,-146],[64,-75],[-103,-250],[33,-108],[-44,-92],[77,-172],[-67,48],[-320,12],[-70,65],[-79,-53],[-172,0],[-104,-43],[-120,98],[-160,62],[-121,281]],[[40682,52389],[-114,10],[-73,-35],[-63,47],[27,-99],[-183,-77],[-74,26]],[[40202,52261],[-39,-60],[33,-28],[203,32],[76,50],[11,-64],[54,-13],[-111,-72],[47,-33],[-35,0],[16,-53],[-54,6],[46,-63],[-54,9],[14,-31],[-143,-43],[-22,-67],[50,-12],[-64,-46],[39,-6],[-9,-56],[51,0],[-51,-30],[55,-27],[-9,-56],[-43,-11],[70,-112],[-38,12],[-121,-125],[53,-53],[-112,-53],[14,-31],[-85,-1],[-1,-35],[-116,8],[-90,-115],[-117,-1],[-115,-68],[-354,-82],[-139,-6],[-383,213],[-159,0],[-274,-142]],[[38296,50996],[-50,-871],[140,13],[155,-63],[238,21],[53,-60],[179,20],[179,-69],[416,114],[233,-100],[51,-105]],[[39890,49896],[117,133],[81,208],[95,60]],[[40336,50303],[208,297],[-15,51],[242,33],[3,106],[155,138],[94,-41],[118,95],[136,-77]],[[41277,50905],[22,53],[-48,83],[201,73],[87,-11],[385,196],[61,161],[151,-32],[98,22],[60,92],[-40,124],[140,5],[68,37],[50,-21],[59,128],[81,30]],[[41886,50205],[195,-365],[-93,-172],[40,-115]],[[42551,49338],[82,31],[6,72],[84,74],[68,12],[98,-23],[104,-165],[195,-79]],[[42034,50199],[-115,-26],[-33,32]],[[41585,49529],[-77,-11],[-128,-110],[-175,37],[-317,-54],[-509,-297],[28,-35],[-161,-60],[-66,-219]],[[42458,48350],[471,377],[131,35],[138,-28],[288,189]],[[41025,54556],[150,-105],[-32,-30],[43,-76],[-7,-92],[-80,-79],[15,-64],[-109,-141],[34,-423],[-65,-149],[114,-92],[-34,-77],[27,-165],[106,-36],[4,-46],[-66,-48],[-29,29],[-85,-16],[-2,-43],[-73,-19],[23,-40],[-113,-190],[44,-14],[-91,-122],[-61,10],[13,-60],[-69,-79]],[[42327,53769],[65,14],[-4,96],[-96,134],[161,205],[7,127],[-171,223],[3,68],[-139,81],[-4,48]],[[42149,54765],[-132,93],[-60,-64],[-233,-82],[-24,-53],[-108,67],[-400,-14],[-167,-156]],[[52823,27337],[-270,95],[-80,181],[-71,43]],[[52622,34716],[406,-329],[281,-110],[-2,-143]],[[53307,34134],[322,-44],[66,-92]],[[53695,33998],[208,-68],[151,76],[156,26],[45,54],[310,39]],[[50026,32868],[142,19],[149,-74],[80,17]],[[50689,33051],[75,141],[157,-10],[62,-51]],[[36278,53713],[-88,-53],[-107,27],[-109,-39],[-171,17],[-53,69],[-275,-31],[-91,-52],[-32,-111],[-120,-33],[-18,-75],[-179,63],[-76,-77],[-307,10],[-33,82],[-111,37],[-101,-79],[-81,-5],[-138,27],[-133,98],[-156,-17],[-55,-69],[-90,-1],[-80,55]],[[33674,53556],[-72,-26],[0,-132],[108,-13],[56,-48],[-52,-137],[135,-72],[8,-46],[-71,-31],[90,-52],[-225,-112],[49,-78],[-59,-139],[120,-59],[-75,-11],[-57,-58]],[[33629,52542],[-131,-245]],[[33498,52297],[241,-201],[134,-48],[-19,-80]],[[33854,51968],[220,-79],[118,42],[123,-59],[108,87],[219,-55],[65,52],[246,-72],[30,-66]],[[36334,51717],[96,106],[-12,46],[109,26],[118,166],[62,-2],[13,53],[283,135],[100,105],[-5,89],[202,70],[-49,144],[329,51],[65,102],[47,-30],[109,29],[306,-18],[396,244],[158,16],[214,97],[241,20],[23,48],[111,-3],[-11,96],[72,17],[36,62],[-15,84],[50,84],[164,54]],[[39546,53608],[-75,53],[99,135],[-76,32],[-41,76],[45,55],[-50,43],[-37,171],[-110,31]],[[39301,54204],[-74,-1],[-120,78],[-36,-64],[-328,-116],[-212,-250],[-201,-446],[-201,-25],[4,143],[-82,77],[-271,120],[-65,87],[-146,-57],[-556,-36],[-52,-49],[-277,13],[-13,-36],[-134,-26],[-259,97]],[[32768,51972],[194,125],[-43,71],[60,113],[166,-25],[201,80],[96,-49],[56,10]],[[33629,52542],[-98,59],[-62,-67],[-169,-32],[-332,53],[-580,-237]],[[39903,53085],[-208,-85],[-123,-140],[-172,-46],[-261,-167],[-8,-31],[202,-70],[22,-40],[-98,-105],[25,-95],[-183,-39],[-97,19],[-282,-122],[46,-300],[-117,-93],[4,-56],[-179,-52],[-51,-92],[-147,-68],[-33,-62],[-155,78],[-135,-66],[-228,-32],[-157,-72],[-82,-155],[-303,-122],[-104,-101],[-94,8]],[[36985,50979],[-96,-54],[287,-159],[164,33],[269,149],[140,36],[106,-73],[154,62],[287,23]],[[40202,52261],[-66,69],[86,53],[-119,49],[129,24],[-226,210],[0,117],[69,23],[-32,85],[-133,70],[52,81],[-59,43]],[[36862,51146],[-2,-49],[125,-118]],[[39903,53085],[54,94],[-92,43],[18,54],[-113,52],[58,62],[-66,28],[-138,-24],[48,89],[-126,125]],[[42579,46522],[-304,-253],[-363,-155]],[[41912,46114],[90,-203],[72,-7],[168,-107],[33,-109],[-178,-167],[-15,-87],[-71,-16],[-33,-85],[-237,49],[-55,-79],[24,-77],[-104,-32],[16,-111]],[[41622,45083],[76,-25],[17,-49],[-189,-129],[78,-43],[11,-98],[-110,-199],[99,-54],[-41,-62],[54,-42]],[[41617,44382],[84,-28],[58,-169],[-117,-52],[27,-205],[-155,-54],[189,-76],[34,-85],[-27,-151],[64,-57],[-54,-65],[88,-54],[-23,-46],[48,-61],[-52,-33],[5,-133]],[[41786,43113],[46,-64],[120,67],[61,-183],[214,52],[401,397],[-75,173],[76,100],[248,177],[266,117]],[[43143,43949],[85,66],[49,158],[127,75],[114,22],[210,-46],[206,81],[63,-13],[239,71]],[[44236,44363],[161,159],[-25,303],[31,85],[80,43],[-26,82],[84,193],[76,112],[93,19],[125,97]],[[44835,45456],[-174,147],[-110,34],[-298,-34],[-259,27],[-252,-23],[-80,62],[-267,-52],[-126,49],[-139,-9],[-145,39],[19,302],[71,64],[-116,138],[-95,-36],[-41,105],[-77,26],[-8,109],[-159,118]],[[42515,46668],[114,-76],[-50,-70]],[[44835,45456],[328,7],[66,84],[-21,285],[45,33]],[[45253,45865],[-24,42],[-229,17],[-196,-38],[-186,44],[-100,123],[-188,10],[-138,65],[-106,109],[-102,4],[1,78],[-66,79],[57,74],[18,154],[128,56],[86,-28],[53,19],[31,74],[-82,276],[28,166],[74,102],[-19,428]],[[31259,53755],[-36,43]],[[31223,53798],[-228,87],[-47,228],[-190,54],[-66,84]],[[46368,35878],[-57,-37]],[[46311,35841],[-41,-25]],[[46270,35816],[-25,-30]],[[46245,35786],[62,1]],[[46307,35787],[184,-86]],[[46491,35701],[32,84]],[[52134,34358],[-49,-118],[126,-44],[-10,-30],[97,-15],[23,-70],[-64,-218]],[[51987,33204],[-99,-56],[-61,17]],[[51827,33165],[8,-40],[65,-13],[264,2],[91,92],[373,154],[339,-22]],[[52967,33338],[56,77],[-62,61],[49,304],[147,99],[18,71],[125,-1],[131,-59],[264,108]],[[53307,34134],[-237,-51],[-72,59],[-142,7],[-182,63],[-152,117],[-278,-68],[-110,97]],[[52967,33338],[115,-88],[66,22]],[[53148,33272],[57,167],[-40,93],[268,94],[45,-54],[116,-11],[27,75],[111,49],[-67,133],[241,47],[221,-59]],[[54127,33806],[311,-45],[131,-122],[190,15]],[[55086,33733],[13,34],[-134,67],[70,40],[5,59],[-109,13]],[[51295,32349],[103,-87],[3,-104],[80,-42]],[[51481,32116],[176,33],[237,-117],[222,-11],[23,-85],[85,-9],[19,-102],[119,-8]],[[52362,31817],[350,-6],[14,37],[114,34]],[[44421,22850],[1,-31],[71,9],[47,-50],[714,-7]],[[44903,22995],[-167,-52],[-79,118],[-144,-13],[-33,-39]],[[41047,45232],[-48,-59],[-258,-43],[-129,18],[-166,-78],[-61,-6],[-46,76]],[[40339,45140],[-319,-80]],[[40020,45060],[155,-214],[206,-96],[-40,-259],[97,-169]],[[40438,44322],[124,68],[252,15],[-6,-95],[121,-14],[163,88],[386,74],[139,-76]],[[41622,45083],[-157,2],[-14,48],[-240,73],[-114,-14],[-50,40]],[[38596,44328],[146,-85],[158,201],[48,-30],[22,-122],[-153,-185],[165,-84]],[[38982,44023],[179,-56],[226,72]],[[39387,44039],[8,56],[222,124]],[[39617,44219],[-37,148],[-137,50],[-140,120],[67,136],[124,85],[-214,7],[69,66],[-55,84]],[[38139,43907],[169,3],[203,-60],[173,10],[191,59],[107,104]],[[51158,19920],[-278,-54],[-202,-139],[-120,11],[-201,-46],[-94,-59],[-55,19],[-87,-85],[-180,-37],[-20,-159],[-190,92],[-526,385],[-126,-23],[-115,29],[-83,-139],[-264,-163],[-302,-17],[-178,39]],[[48137,19574],[-8,-64],[131,-190],[-129,-108],[12,-98],[-594,-497],[2,-81],[148,-151],[122,-38],[133,12],[3,-77]],[[47957,18282],[1959,0]],[[49916,18282],[123,192],[-18,212],[73,320],[-31,142],[312,39],[221,-76],[89,-97],[210,6],[122,-32],[173,43],[370,-52],[132,8],[62,54],[143,26],[14,43],[119,5],[-44,13],[53,31]],[[47056,20581],[-45,-106],[67,-105],[-86,-92],[-218,58],[-213,-79],[125,-245],[-124,-114],[23,-70],[-71,-186],[140,-151],[-228,-580],[28,-38],[-265,-156],[-161,-34]],[[46028,18683],[10,-55],[-82,-45],[25,-104],[462,-197]],[[46443,18282],[1514,0]],[[48137,19574],[-102,136],[297,118],[54,136],[-59,24],[36,148],[147,-52],[294,-31]],[[48804,20053],[-100,9],[-243,219],[-321,-42],[-22,209],[-72,82],[-84,18]],[[32754,51905],[52,-63],[-21,-104],[104,-113]],[[32889,51625],[124,-12],[109,-101],[-26,-45],[75,-89]],[[33171,51378],[203,146],[161,35],[92,85],[143,21],[-48,119],[66,38],[66,146]],[[35573,50368],[199,225],[139,70],[-3,111],[72,-64],[-34,-113],[67,-117],[105,-34],[38,34],[232,-8],[221,-84],[254,2],[104,-51]],[[36967,50339],[398,-198],[269,-40],[109,-138],[67,-12]],[[37810,49951],[204,96],[558,-236],[341,-49],[252,54],[123,129],[227,53],[375,-102]],[[48559,48081],[-72,-56],[-68,-219],[-556,-314],[-531,-400],[-5,-134],[148,-125]],[[47475,46833],[442,-23],[746,-334],[517,-24],[290,140],[352,-105],[154,-9],[63,-133],[269,23],[380,114],[166,105],[180,-135],[186,-18],[44,76],[-46,76],[79,1],[1,69],[83,64],[-46,57],[-167,-14],[-36,38],[62,86],[-36,86],[213,69],[-95,177],[87,69],[-32,77],[30,34],[76,-24],[66,48],[99,5],[179,164],[-60,127],[57,41],[75,-8],[-1,122],[160,53],[-118,272],[72,46],[99,239],[269,135],[148,4]],[[52482,48623],[-103,66],[-93,10],[-68,59],[35,30]],[[52253,48788],[-101,125],[-129,21],[-173,-42],[-226,-157],[-355,-150],[-460,104],[-19,-39],[-189,-26],[-21,-49],[-99,-21],[-47,-53],[-77,56],[-137,-26],[160,-64],[-10,-163],[-363,96],[-129,17],[-121,-27],[-150,30],[-77,74],[-201,18],[-77,40],[-105,-36],[-114,-146],[-230,-95],[-244,-194]],[[36364,45323],[-119,-140],[24,-77],[103,-60],[1,-189],[-217,-208],[16,-47],[-128,-73],[-119,33],[-61,71]],[[35864,44633],[-113,0],[-104,-59],[-356,-296],[-107,-16],[-198,-122],[-90,-6]],[[34887,44105],[120,-112],[-28,-52]],[[37330,45383],[-58,41],[-246,-103],[-149,55],[-155,-35],[50,-123],[-38,-47],[-188,49],[-66,-55],[-116,158]],[[34905,44973],[29,-92],[200,-38],[69,39],[312,-30],[29,-57],[204,-92],[89,9],[27,-79]],[[36364,45323],[53,75]],[[36417,45398],[-276,77],[-44,-48],[-121,13],[-207,-96],[-139,-19]],[[36056,46463],[122,-115]],[[36178,46348],[177,-190]],[[36355,46158],[135,-166],[181,128]],[[36671,46120],[-57,25],[20,268],[176,-47],[2,92],[166,85]],[[36863,46997],[-267,-24],[-79,-154],[43,-169],[-148,-111],[-124,50],[63,-139],[-295,13]],[[45444,25167],[-67,-61],[-115,-26],[-137,-152],[-260,-72],[-52,-45],[-210,-35]],[[44299,24142],[81,-76],[-153,-147]],[[45550,25127],[-106,40]],[[43174,19851],[753,-249],[618,-308],[1065,-356],[418,-255]],[[48091,22177],[25,317],[-60,93],[13,76]],[[44309,23010],[-128,31]],[[41365,28461],[-232,-142]],[[44446,28363],[0,61],[-104,17]],[[44342,28441],[-467,-168],[-310,51],[-72,88],[28,215],[89,135],[-32,31]],[[45078,29412],[-182,-45],[8,-79],[-240,-49],[10,-109],[-48,-38],[-113,-10],[-35,-53],[-258,-20],[-327,112]],[[43893,29121],[-62,-108],[-233,-123]],[[44342,28441],[-34,145],[-53,35],[105,160],[83,31],[-5,90],[56,75],[96,10],[-34,-151],[179,-65]],[[44735,28771],[37,62],[194,75]],[[46686,40897],[0,-94],[-56,-61],[-151,58],[-130,-114]],[[46349,40686],[141,-64],[37,-108],[60,-30],[7,-109],[-144,-65],[-114,-164],[77,-42],[-52,-49],[-97,-45],[-140,43],[-138,-36],[-231,-151],[-97,21],[-120,-36],[-59,41],[-158,-27],[-147,-129],[-176,-16],[-350,-129]],[[49179,38758],[-149,30],[-64,73],[67,286],[-52,94],[-68,22],[8,43],[-177,77],[-113,-4],[-99,110],[-93,10],[-178,110],[-139,-13],[-22,96],[65,21],[12,47],[-64,17],[-65,116],[17,174],[52,39],[-328,141],[71,16],[44,69],[209,23],[23,50],[-127,64],[72,70],[-139,27],[-33,180],[147,27],[155,-42],[108,-95],[80,60],[-317,171],[-10,45],[-81,-7]],[[47991,40905],[-43,-25],[-137,12],[-52,-39],[-14,-77],[-74,-12],[58,-89],[-48,-53],[-50,17],[-247,-79],[-107,94],[-256,51],[-138,175]],[[46883,40880],[-84,64],[-113,-47]],[[45609,37392],[-37,-57],[35,-65],[-145,-37],[-57,-54],[156,-189],[33,-115]],[[45820,36763],[230,-130],[154,48],[71,-45],[78,7],[143,-98],[134,36]],[[39836,40560],[9,-93]],[[39845,40467],[39,-88],[58,-13],[-59,-63],[56,-52],[-4,-68],[84,-54],[-34,-69],[52,-43],[-50,-25],[159,-119],[-84,-306],[194,-131],[87,-115]],[[40343,39321],[98,2],[-53,-105],[85,-13],[26,-55],[102,7],[-25,-29]],[[41523,39526],[-247,24],[0,-68],[-136,58],[-76,65],[11,69],[-202,38],[-73,125],[-274,145],[-483,555],[-56,34],[-131,14],[-20,-25]],[[42980,39369],[151,-18],[71,137],[105,2],[51,135],[-48,62],[45,169],[153,9],[-29,89],[261,202],[177,-70],[232,48],[260,171],[137,30],[61,77],[214,-49],[254,-8],[116,35]],[[45191,40390],[330,-15],[171,49],[267,-75],[50,56],[15,157],[225,75],[7,45],[93,4]],[[46686,40897],[11,90],[60,1],[86,70],[30,179],[-62,220],[-324,64],[-91,-23]],[[46396,41498],[-136,0],[-40,-134],[-53,-27],[-109,133],[-257,16],[-68,58]],[[45733,41544],[-201,-5],[-88,93],[-126,-407],[-178,-117],[-341,-2],[-226,-91],[-115,27],[36,43],[-38,55],[-312,43],[-203,-113],[-241,26],[-207,-119],[-2,-139],[-113,-19],[-56,-55],[-97,28],[-71,71],[-51,-47],[-89,49],[-293,-24],[-179,-97]],[[51063,39332],[-30,25],[-145,-102],[-165,-22],[62,-58],[-2,-67],[-116,4],[25,-72],[-59,-114],[55,-80],[87,21],[34,-33],[-54,-37],[38,-128]],[[52313,38499],[-24,33],[56,28],[299,125],[144,19],[325,-184]],[[18662,56441],[75,-68],[-202,-127],[-100,-207]],[[18435,56039],[-74,-78],[54,-19],[-53,-35],[76,1],[66,-77]],[[18504,55831],[-13,-56],[178,-161]],[[18669,55614],[449,-43],[107,-72],[326,68],[73,-86]],[[21215,55743],[12,69],[-348,28],[-5,154]],[[20874,55994],[-13,34],[-308,-8]],[[20553,56020],[-201,-96],[-259,30],[-51,-38],[-21,85],[-111,42],[-81,109],[62,93],[-105,67],[-48,133]],[[19738,56445],[-160,4],[-48,40],[-132,14],[-198,-12],[-153,108],[-63,103]],[[51661,55137],[-82,-16],[-197,-628],[-437,-109],[-89,152],[-351,-1],[-140,38],[-4,119],[-66,31],[-103,-12],[41,-86],[-93,9],[-215,-73],[-92,76],[-68,2],[-17,-54],[101,-113]],[[49849,54472],[46,-48],[-96,-43],[30,-76],[-139,-56],[72,-170]],[[49762,54079],[33,15],[28,-47],[-34,-18],[66,-24],[-25,-71],[55,-20],[48,-150],[95,-37],[-7,-42],[83,-18],[137,-233],[94,-40],[-12,-42],[82,-62],[-22,-64],[-75,-29],[-120,-306],[199,-306],[-37,-76],[30,-159],[-112,-147]],[[50268,52203],[-75,-149],[92,-246]],[[50626,52029],[466,328],[33,388],[57,71],[-52,95],[1461,549]],[[52591,53460],[-3,509]],[[52586,54262],[-47,100],[86,165],[-11,64],[-144,-125],[-227,12],[-169,150],[-413,509]],[[53616,52286],[-321,-90],[-120,-109],[-222,-84]],[[53029,49708],[132,-104],[4,-196],[-284,-257],[-16,-80],[-212,-21],[-28,-72],[-118,-38],[-94,-109],[-92,-50],[-68,7]],[[52482,48623],[749,-162],[-17,-119],[-81,-49],[150,-210],[-3,-147],[294,-67],[46,-39],[299,0],[25,-146],[-52,-102],[61,-79],[-40,-23],[36,-158],[126,-245],[147,-87],[65,-171],[-48,-471],[24,-36],[117,-19],[163,-151],[19,-288]],[[54562,45854],[407,288],[12,46],[-131,119],[45,126],[251,-98],[41,31],[-2,120],[106,60],[23,140],[170,-27],[61,90],[271,100],[293,-8],[239,43],[154,201],[174,131],[114,11],[206,-53],[300,37],[-29,103],[158,162],[502,119],[205,133],[444,30],[221,48],[460,365],[414,-7],[169,-51],[417,69],[237,-101],[-38,-141],[188,-111],[254,-284],[320,-76],[255,-280],[146,-30],[382,-195],[80,-245],[498,-143],[186,-19],[-22,-124],[39,-74],[483,-172],[205,-247],[120,-77],[368,-108],[21,-153],[249,-99],[-78,-160],[18,-172],[120,-81]],[[64288,45090],[194,213],[24,92],[386,149],[35,129],[147,-7],[104,102],[-209,110],[-71,128],[-72,30],[-21,98],[131,69],[-26,73],[-503,72],[-269,-36],[-85,90],[-146,32],[3,58],[76,53],[-93,72],[3,106],[-74,41],[-69,206],[34,105],[-82,117],[-109,42],[-74,93]],[[63522,47327],[-338,48],[-275,122],[-507,133],[-114,69],[-436,130],[-95,84],[-211,63],[-100,93],[-575,311],[-1226,261],[-267,85],[-422,398],[-420,234],[-394,312],[-589,377],[-552,238],[-251,33],[24,-205],[-126,-131],[-64,-176],[-573,122],[-126,432],[-171,206],[-420,280],[-539,219],[-279,201],[-156,216],[-207,99],[-157,185],[-51,254],[-240,107],[-49,159]],[[44253,38224],[91,-153],[-198,-106],[-512,20],[-103,62],[-166,31],[-208,-75],[-181,17],[-14,-80]],[[42962,37940],[-271,-77],[19,-76],[92,-39],[68,-105]],[[43600,37167],[246,43],[167,-30],[115,108],[65,-22],[119,-215],[80,48],[95,5]],[[44487,37104],[26,163],[-62,157],[565,131],[40,32],[-24,80],[151,57]],[[45230,37919],[-205,26],[-212,75],[-48,-74],[-512,278]],[[18669,55614],[-253,-32],[-40,-133]],[[18376,55449],[144,-151],[-30,-29],[-50,23],[35,-21],[-56,-34],[38,18],[206,-161],[43,-167],[447,-431]],[[19738,56445],[129,-27],[87,22],[323,227],[328,-9],[179,173]],[[20784,56831],[-208,91],[-93,-3],[-38,94],[31,61]],[[20476,57074],[44,87]],[[46649,55593],[-112,22],[-58,-29],[-6,-127],[-121,-82]],[[46352,55377],[294,-183],[194,41],[119,-49],[340,-15],[482,-86],[230,112],[196,16],[117,-94],[148,0],[92,-53],[171,12],[69,-45],[80,-1],[17,43],[153,0],[229,-46],[324,-212],[109,-274],[133,-71]],[[51661,55137],[-1,154],[119,388],[369,198],[-13,50],[105,43],[9,65],[-64,57],[156,-26],[42,-43],[170,40],[28,44],[-56,50],[133,31],[-6,46]],[[52363,56733],[-160,-94],[-131,-11],[-403,-335],[-318,-83],[-166,-5],[-201,-101],[-174,-39],[-67,15],[-450,375],[-228,239],[-183,-7],[-219,110],[-294,-57],[-171,-72],[-409,-30],[-42,-123],[-148,-21],[-138,-70],[-5,-95],[-76,-92],[52,-144],[-183,-117],[1,-128],[-184,-89],[3,-56],[-94,-24],[-321,160],[-280,-75],[-162,55],[-253,-53],[-143,-147],[-167,-26]],[[44487,37104],[82,-58],[235,-18],[91,31],[45,-106],[72,-25]],[[43507,39165],[-218,-22],[-50,-104],[264,-291],[-81,-59],[195,-26],[44,-42],[-43,-53],[-390,-123],[-67,-88]],[[43161,38357],[209,29],[100,-47],[164,19],[473,-89]],[[44107,38269],[191,88],[62,-21],[57,54],[-81,48],[73,119]],[[44409,38557],[-117,42],[-17,52],[-107,-6],[43,61],[-64,135],[-250,82],[-73,98],[-89,-40],[-77,146],[-151,38]],[[42903,38322],[258,35]],[[43507,39165],[98,96],[165,1],[48,54],[-81,127],[-107,42],[22,25],[339,57],[145,-18],[67,111],[232,25],[150,68],[90,-40],[140,106],[254,74],[122,497]],[[42759,35916],[20,254],[247,92],[146,157]],[[47586,53036],[73,126],[-192,11],[-127,75],[-45,-21],[19,-29],[-75,-19],[-351,168],[-5,-156],[-13,90],[-105,16]],[[46765,53297],[-7,-51],[-84,47],[-20,-110],[-49,41],[-82,-3],[33,-139],[-116,-43],[156,-36],[-29,-55],[-139,10],[13,-103],[83,-59],[-44,-67],[90,-72],[-151,-157],[14,-125],[-93,-126],[33,-112],[-145,-54],[-174,64],[-15,53],[-149,-15],[-99,39],[-88,-80],[-12,-72],[205,-241],[-20,-29],[-75,10],[-1,-49],[219,-27],[-11,-161],[77,-51],[-158,-221],[-8,-79],[68,-35],[-49,-71],[173,-72],[106,-127],[93,-15],[180,-119]],[[46490,50785],[-12,120],[113,210],[-40,36],[105,107],[-123,134],[160,97],[210,17],[98,182],[134,132],[58,125],[-142,200],[136,303],[-25,87],[256,146],[89,104],[87,151],[-8,100]],[[42953,51213],[-15,-46],[-69,-14],[30,-116]],[[42899,51037],[242,-247],[174,-64],[-13,-80]],[[43935,49797],[108,9],[168,87],[-40,249],[-109,46],[-49,83],[50,246],[70,57],[209,28],[93,62],[120,1],[127,69],[256,-81],[121,10],[-51,200],[-98,82],[243,128],[34,124],[102,39],[3,138],[-33,-72],[-205,-135],[-104,88],[55,252],[-50,36],[-98,-154],[-173,-22],[-24,-39],[-276,-69],[-158,205],[-98,55],[-331,36],[-68,-14],[-15,-107],[-291,-79],[-242,8],[-45,-76],[-183,-74]],[[84530,46294],[-67,112],[-6,180],[117,103],[137,-10],[34,94],[69,43],[144,-64],[108,59],[73,71],[-23,84],[54,27],[-19,60],[78,106],[-46,10],[-91,182],[-82,64],[-107,4],[-143,145],[-107,182],[81,50],[23,44],[-49,21],[44,59],[-111,63],[4,44],[80,39],[13,-100],[87,19],[82,-52],[85,7],[-8,61],[-101,36],[40,74],[-52,42],[225,-26],[24,43],[-66,26],[25,60],[104,-8],[-3,66],[75,-11],[65,69],[63,-64],[14,45],[-137,108],[-28,84],[65,14],[23,-43],[70,18],[-53,85],[123,37],[-6,87],[-109,1],[-122,-74],[-6,51],[-93,-51],[-63,57],[-25,-43],[-76,0],[-20,31],[-71,-20],[4,-35],[-31,22],[-117,-59],[-53,24],[-4,-91],[-120,10],[-35,-102],[-58,30],[-68,-53],[-30,-117],[-52,30],[-84,-23],[13,-66],[-93,-74],[-23,36],[-108,-82],[-55,10],[-124,-74],[-98,-5],[-88,-52],[25,-37],[-55,-38],[-67,62],[-98,-8],[-69,-129],[18,-110],[-84,19],[17,-34],[-161,-40],[-57,-132],[-294,-44],[-44,18],[-16,-72],[-114,6],[-125,-52],[-92,-126],[-61,-7],[-71,-78],[-7,-58],[-205,-149],[-227,-4],[-68,-60],[-18,23],[-229,-252],[-12,-121],[-452,8],[-58,-49],[-144,-16],[-200,-140],[-296,-20],[-248,-183],[-60,-151],[-84,-15],[-25,-114],[-99,-26],[-34,-102],[-87,-25],[-258,37],[-7,-74],[-246,-51],[-46,22],[-56,-57],[-112,4],[-240,135],[-67,-55],[9,-45],[-78,8],[-118,-90],[-6354,2]],[[72171,45604],[-74,-38],[4,-84],[208,-295],[172,-78],[-44,-44],[31,-224],[-104,-135],[-580,6],[-103,-140],[-732,55],[-231,-119],[-28,-71],[-401,-109],[-205,-119],[-223,-254],[-40,-163],[104,-98],[-101,-90]],[[69773,41277],[95,-136],[277,-140],[71,-105],[-12,-132],[84,-110],[144,-53],[22,-92],[297,-160],[108,-42],[119,7],[150,-82],[189,57],[209,7],[174,-64],[187,-162],[175,47],[71,-24]],[[72133,40093],[92,73],[134,-49],[29,57],[197,78],[23,-86],[160,15],[94,-48],[303,-52],[84,78],[110,-6],[150,56],[191,-43],[77,29],[303,-74],[101,7],[18,35],[362,-21],[240,23],[146,-88],[154,99],[227,33],[230,-33],[172,55],[105,-77],[18,70],[94,61],[64,-32],[102,44],[150,-63],[82,34],[729,66],[212,69],[39,-52],[150,-24],[174,13],[107,55],[470,-24],[153,59],[122,-34],[66,34],[124,-14],[141,180],[148,40],[71,173],[107,8],[174,129],[9,184],[101,187],[108,45],[185,-1],[-58,64],[81,26],[-47,162],[72,86],[-97,66],[-27,96],[145,92],[52,88],[-115,85],[194,310],[244,56],[6,209],[140,2],[145,144],[93,18],[65,-35],[68,34],[168,1],[426,126],[189,197],[-35,62],[368,225],[-97,238],[21,57],[378,27],[241,-24],[122,188],[-67,135],[14,76],[109,49],[503,10],[414,329],[129,30],[221,131],[-15,135],[79,102],[113,30],[23,54],[245,127],[-25,21],[68,38],[-122,93],[62,63],[-159,93],[50,95],[71,32],[-84,159],[150,104],[-18,107],[137,180],[-48,80],[203,60]],[[22392,55473],[279,-60],[188,75],[208,-29],[196,39],[31,102],[104,44],[221,63],[79,-24]],[[23698,55683],[64,42],[-13,73],[115,109],[26,158],[81,49],[12,66],[-121,61],[-180,-25],[-224,145]],[[21794,55154],[23,122],[366,111]],[[22030,56066],[-301,62]],[[21729,56128],[-240,62],[-165,-82],[-69,-115],[-142,34],[-239,-33]],[[22866,54557],[114,136],[23,169],[178,16],[100,-48],[72,24],[171,189],[125,75],[149,28],[93,101],[4,143]],[[23895,55390],[-37,214],[-160,79]],[[21113,57300],[36,-44],[-54,-81],[51,-103],[-90,-71],[19,-73],[-260,-109]],[[20815,56819],[-35,-146],[95,-131]],[[20875,56542],[201,47],[142,104],[172,49]],[[21390,56742],[255,167],[194,34],[254,-65],[147,103],[242,29]],[[22486,57371],[-183,2],[-77,61],[76,174],[-29,254]],[[21390,56742],[218,-94],[116,16],[134,-86],[22,-68]],[[21880,56510],[147,-20],[219,65],[135,-115]],[[23054,56578],[217,75],[97,143],[172,21],[157,89]],[[18119,56091],[-12,-44]],[[18107,56047],[136,7]],[[18243,56054],[53,19],[-46,57],[-131,-39]],[[64467,23896],[-43,-68],[-106,-29],[-62,-112]],[[71774,25364],[-178,-98],[75,-193],[-91,-233],[-174,-123],[-48,-180],[-173,-115]],[[72874,24385],[-136,293],[-88,58],[-119,206]],[[53304,22359],[18,-52],[-66,-106],[-181,-57],[-5,-107],[-50,-9],[-101,-174],[23,-66],[-199,-94],[-205,-261]],[[52538,21433],[330,-87],[48,86],[349,67],[120,98],[194,39],[107,80],[214,-86],[161,56]],[[54061,21686],[110,64],[44,77],[104,36],[52,128],[95,36],[-33,22],[50,67],[394,4],[81,-34],[65,48],[107,-17],[94,74],[7,67],[76,16]],[[55307,22274],[-234,157],[5,71],[-157,84],[-109,-6],[-176,110],[-157,238]],[[63854,12640],[29,-115],[58,-42],[12,-296],[148,-185],[-31,-87],[58,-276]],[[52162,17551],[22,-26],[-63,-40],[213,-242],[-56,-92],[-69,-16],[-21,-82],[298,-230],[98,-102],[28,-102],[76,-21],[48,-78],[-101,-93],[65,-188],[-24,-215],[148,-160],[-49,-253],[59,-136],[-42,-159],[78,-46],[-112,-297],[50,-187],[-137,-72]],[[54558,16652],[-15,34],[131,94],[-12,67],[93,77],[-102,168],[86,76],[-23,53]],[[53856,17422],[-86,64],[-314,49],[-419,-48],[-182,134],[-184,-82],[-213,38],[-82,-38],[-214,12]],[[61750,14287],[-430,-93]],[[60086,14018],[-99,-14],[11,-99],[-345,57],[-180,-132],[4,-69],[-123,-75],[31,-153],[-79,-66],[-274,-499],[-283,-230],[-10,-118],[69,-136],[-91,-12],[-126,-200]],[[58591,12272],[162,-68],[92,-106],[276,-105],[841,-221],[57,-65],[165,-70],[-4,-119],[49,56],[141,43],[213,-59],[33,28],[198,-5],[414,-106],[64,28],[589,-210],[263,9],[944,-262],[243,-125],[-40,-127],[113,-164]],[[54240,14113],[126,-168],[329,-176],[68,10],[101,-42],[64,26],[140,-68],[169,6],[1,-42],[106,53],[70,-36],[102,52]],[[55516,13728],[14,106],[-56,147],[74,63],[87,-20],[56,53],[54,265],[344,193],[-39,74],[47,80]],[[56097,14689],[-96,229],[56,112],[-20,177],[-75,48],[132,146],[122,54],[71,159]],[[56287,15614],[-375,58]],[[69914,10745],[179,97],[52,251],[91,36],[192,3],[57,80],[103,47],[107,-21],[-60,59],[56,200],[-11,186],[85,54],[20,142],[-101,78]],[[76339,12930],[169,244],[157,95],[96,115],[-22,133],[75,68],[-128,92],[-332,-26],[-263,172],[118,121],[89,182],[-90,281],[52,136],[-135,146]],[[76125,14689],[-83,49],[-188,-18],[-40,38],[-148,15]],[[77428,14296],[99,6],[88,131],[160,123],[145,45],[329,11],[193,228],[-1,52],[195,-60],[171,111],[139,-79],[144,-13],[-10,-46],[147,-61],[263,-58],[92,-79],[159,-30],[155,28]],[[81486,15162],[-59,56],[0,116],[-89,74],[82,55],[-82,105],[25,59],[156,93],[15,90],[-97,77],[-167,53],[-94,146]],[[81176,16086],[-58,-84],[-230,-97],[25,-72],[-103,-35],[-146,25],[-128,143],[-213,-74],[-183,65],[-35,35],[25,185],[166,178],[-124,191],[16,164],[-129,86],[-111,23],[-59,141]],[[79889,16960],[-174,-27],[-40,-61],[-80,-19],[-12,-121],[-96,-76],[-96,-126],[-200,-127],[-168,-39],[-291,-287],[23,-45],[-64,-111],[-202,6],[-83,76],[-194,-62]],[[76836,17595],[95,-107],[-86,-141]],[[79889,16960],[73,63],[76,1],[86,86]],[[80124,17110],[100,87],[-135,159],[-64,19],[125,107],[158,65],[45,88],[-145,67],[-31,68],[-245,43],[-84,100],[2,107],[-66,12]],[[79784,18032],[-83,-112],[-140,68],[-172,-33],[38,-84],[-406,-227],[-101,16],[-39,95],[-188,37],[-54,68],[-88,1],[-199,191],[-162,63],[-32,116],[-70,24],[29,32],[-129,36],[-35,86]],[[77953,18409],[-138,-24],[-328,47],[-29,-158]],[[76810,16174],[17,-49],[-62,1],[-65,-58],[-110,35],[-112,-72],[-125,-4]],[[68823,9904],[141,-20]],[[72020,10333],[308,488],[128,102]],[[55591,28510],[-90,-39],[-68,-120],[-335,-79]],[[55098,28272],[-47,-42],[216,-305],[51,-9],[22,-69],[118,-38],[23,-110],[-139,-260],[67,-171],[244,-187]],[[56277,28632],[65,-169]],[[56342,28463],[-30,-198]],[[58120,28197],[85,21],[17,43],[146,25],[298,-126],[165,-11],[164,-197],[217,-7],[119,66]],[[58973,28487],[-71,58],[-134,0],[-123,47],[-111,-32],[-66,30],[-109,-23],[-256,-181],[-42,-110]],[[62160,28590],[46,61],[-81,36]],[[61168,27375],[32,-138],[210,-4],[116,-55],[29,-60],[88,1]],[[62461,28166],[70,62],[-146,259],[-41,22],[-70,-53],[-29,61],[-127,38]],[[56900,23602],[-461,-414],[-116,7],[-149,-129],[-421,-43],[-346,48]],[[55307,22274],[278,23],[145,-100],[275,-91],[111,61],[234,-22]],[[56350,22145],[83,48],[304,-54],[82,50],[72,-18],[163,47],[163,-67],[306,25],[51,-50],[217,68],[199,-23],[36,47],[110,26],[218,-8],[94,62],[183,26]],[[58631,22324],[-274,131],[-103,-14],[-227,78],[-2,66],[181,157]],[[56350,22145],[144,-236],[-142,-67],[134,-127],[-1,-92],[-62,-71],[-269,-140],[-7,-132],[96,-59],[165,11],[157,-124]],[[56565,21108],[499,232],[106,-81],[156,33],[56,113],[208,121],[56,80],[67,5],[52,71],[-11,105],[86,62],[137,17],[189,104],[267,29]],[[58433,21999],[162,63],[74,134],[61,20]],[[58730,22216],[-99,108]],[[56565,21108],[94,-41],[3,-118]],[[58311,20597],[507,287],[5,76],[-51,25],[-56,-24],[175,122],[-4,216],[60,53],[-93,44],[-121,-18],[-40,44],[-79,-25],[-75,61],[30,35],[-138,115],[-14,72],[105,55],[-14,111],[-77,57],[2,96]],[[58602,17593],[-246,-23],[-528,-150],[-470,-322],[-168,-69],[-250,-39],[-516,91],[-157,-76],[-221,4],[151,-269],[-23,-36],[131,-127],[-76,-31],[-94,-173],[-349,-277],[99,-181],[27,-243]],[[56287,15614],[238,54],[119,177],[-43,17],[20,95],[103,15],[43,60],[141,19],[207,114],[130,-73],[57,9],[219,-290],[-48,-194],[-237,-59],[-46,-75],[94,-129],[-72,-71],[-65,-364],[168,-58],[345,162],[74,221],[324,145],[133,103],[95,167],[219,148],[147,38],[42,56],[95,-1]],[[60276,15911],[-100,177],[-52,264],[91,179]],[[60215,16531],[-143,-5],[-199,87],[-74,265],[66,-32]],[[59865,16846],[43,62],[-56,67],[23,171]],[[59875,17146],[-86,97],[-163,48],[-128,-5],[-278,125],[-21,49],[-299,118]],[[58900,17578],[-298,15]],[[23338,65997],[0,143],[-81,46],[-154,13],[-23,53]],[[22208,66128],[15,-249]],[[22404,65625],[287,-232]],[[22691,65393],[180,168],[-59,142],[203,142],[47,96],[41,20],[90,-68],[136,-18],[91,35]],[[23420,65910],[-58,15],[-24,72]],[[20648,65313],[249,32],[105,-82]],[[21002,65263],[40,0],[32,-114],[133,-68],[241,145],[51,-53],[483,-152]],[[21982,65021],[111,37],[160,-61],[136,36],[349,-67]],[[22738,64966],[58,79],[-83,210]],[[22713,65255],[25,90],[-47,48]],[[21982,65021],[-8,-116],[71,-92],[-78,-118],[-31,-366]],[[22806,64388],[-24,264],[49,155]],[[22831,64807],[-58,24],[-35,135]],[[20378,60778],[-22,-126],[47,-111],[-144,-155],[-102,-29],[-48,91],[-289,-87]],[[19820,60361],[-80,-84],[40,-71],[-55,-123],[-154,-99],[-161,-45]],[[19410,59939],[30,-80]],[[21454,60459],[-172,30],[-131,96],[-433,80],[-168,83],[-172,30]],[[47302,34634],[-64,-38],[-116,-67]],[[47540,34414],[-111,40],[27,43],[-95,133]],[[47361,34630],[-59,4]],[[19851,69498],[67,-54],[-97,-214],[-277,24],[-176,-43],[-97,165]],[[19271,69376],[-142,-41],[-87,12],[-155,-75],[-120,5],[-34,51]],[[20572,68579],[-124,53],[-180,20],[-178,123],[71,68],[-29,94],[85,102],[-62,68],[82,85],[81,20],[72,121],[-190,76],[-116,7],[32,110],[-60,25],[-104,0],[-101,-53]],[[15672,72015],[-203,-61],[-38,-51]],[[15431,71903],[-48,-36],[74,-120],[164,-116],[-6,-140]],[[15615,71491],[-92,-85],[13,-75],[121,-104],[123,-45],[15,-176],[51,-78],[93,-16],[19,-331],[87,-79],[-25,-107],[131,-144],[40,-182]],[[73823,26341],[-22,41],[255,-44]],[[74133,26667],[57,45],[-37,127]],[[74153,26839],[-76,-36],[-131,11],[-196,61]],[[73750,26875],[-161,-79]],[[73589,26796],[-67,-116]],[[73522,26680],[29,-282],[-375,-98]],[[73449,20888],[11,-84],[136,-3],[88,-44],[44,-138],[215,-88],[56,-58],[133,-18],[143,-159],[-35,-288],[59,-30],[136,6],[101,-104]],[[74536,19880],[103,0],[74,99],[65,17],[105,-55]],[[75445,21266],[-85,-44],[-185,11],[-74,57],[48,43],[-30,28],[-36,26],[-91,-18],[-163,141],[31,138],[-117,37],[0,-56],[-45,-6],[-108,49],[-200,24],[-64,-39],[60,-32],[-43,-25],[-21,-128],[64,-30],[13,-96],[-223,-110],[-119,48],[-39,103],[-128,1],[-173,-189],[-80,-33],[-112,-254],[-76,-24]],[[77955,19895],[-67,-17],[-38,-89],[-157,-142],[15,-157],[-68,-72],[-13,-107],[47,-66],[153,-50],[120,-89],[0,-281],[-60,-82],[56,-119],[10,-215]],[[79784,18032],[-105,147],[28,95],[-116,84],[107,281],[-52,115]],[[79646,18754],[-8,80],[-185,122],[-18,101],[-154,124],[-75,6]],[[78578,19545],[-54,-26],[-81,22],[-176,149],[-193,21],[-119,184]],[[81087,17605],[123,-204],[-38,-58],[55,-32],[-105,-167],[-109,46],[-304,-23],[-269,-94],[-34,-46],[-282,83]],[[81176,16086],[259,382],[166,101],[192,-18]],[[81793,16551],[77,73],[-2,80],[-183,97],[-86,138],[180,180],[-82,107],[11,86],[-83,182]],[[81625,17494],[-164,13],[-90,-115],[-166,207],[-118,6]],[[74536,19880],[-96,-197],[108,-59],[-29,-36],[-153,-16],[65,-124]],[[74431,19448],[140,-64],[56,-190],[111,-101],[-66,-103],[30,-56],[254,-28],[8,-97],[263,56],[62,-89],[309,-149]],[[77955,19895],[-57,74],[120,97],[48,163],[-89,49],[0,129]],[[81087,17605],[-446,533],[-45,158],[-82,38],[-96,-34],[-199,85],[-22,-24],[-82,94],[-9,194],[-102,23],[-36,-36],[-65,9],[-69,74],[-26,-21],[-75,59],[-87,-3]],[[81625,17494],[43,28],[-16,168],[-122,91],[4,56]],[[81534,17837],[1,266],[-88,314],[63,133],[94,43],[-33,205]],[[81571,18798],[-61,118],[41,138],[-35,165],[139,40]],[[74797,27851],[336,-116],[205,77],[470,-297],[112,130]],[[75625,26084],[-27,-62],[51,-60],[-175,-41],[2,-84],[-71,-38],[-265,12],[-124,90]],[[74831,25776],[38,-39]],[[74869,25737],[146,-238],[127,-18],[110,-75]],[[75579,25341],[72,198],[122,14],[135,206],[-164,156],[132,134]],[[75876,26049],[-107,46],[-2,48],[65,15],[-25,45]],[[80029,26413],[139,-45],[14,-62],[105,-60],[93,-151],[-16,-109],[193,-48],[73,-79],[57,5],[-24,-51],[31,-84],[75,-30],[0,-71],[94,-18],[104,-84],[-123,-268]],[[82568,24850],[73,8],[33,-90],[163,-67],[83,39],[167,-11],[29,30],[200,14],[280,-49],[182,-108],[81,218],[-118,166],[-65,12],[27,31],[-129,167]],[[83574,25210],[-7,119],[116,68],[46,204]],[[79751,26396],[-362,-209],[-199,-5],[-106,-101],[-106,-15],[-71,-154],[65,-58],[18,-129],[-168,-95],[-232,84],[-268,243]],[[73449,20888],[-102,260],[-121,57],[66,109],[-33,55],[80,40],[-27,179]],[[73155,24115],[308,-73],[233,11],[150,-77],[30,-65],[42,-28],[-49,-51],[57,-34],[156,74]],[[75876,26049],[98,-123],[138,-81],[0,-62],[198,-58]],[[76310,25725],[284,232]],[[76540,26128],[-129,111],[18,152],[-64,-33],[-217,-4],[-52,-38],[23,-63],[-68,-25],[-145,22],[-19,68],[71,93],[-82,38],[35,148],[-91,93]],[[75820,26690],[-62,36]],[[45353,31178],[36,-98],[131,-47],[-21,-52]],[[45499,30981],[73,-21],[-15,-124],[-184,-63]],[[45373,30773],[50,-52]],[[45423,30721],[493,-272],[-45,-75]],[[51481,32116],[-141,-58],[-12,-99],[-125,6],[-219,-144]],[[50484,31764],[35,-47],[-32,-120]],[[50372,31275],[8,-71],[74,-59],[-25,-157],[-162,-160]],[[52201,31217],[188,85],[10,158]],[[52399,31460],[-67,28],[47,70],[-161,79],[102,53],[42,127]],[[46251,26860],[-60,-170],[25,-112],[-113,-114],[7,-52],[-90,-55],[140,-6]],[[47033,27290],[-145,-14],[-213,230]],[[54659,31822],[-168,-254],[-192,-13],[-93,-42]],[[54419,31259],[72,6],[107,-100],[344,-134],[287,-13]],[[43240,29425],[-235,-36],[-20,-81],[53,-77],[-45,-98]],[[43893,29121],[-216,159]],[[43677,29280],[-308,71],[-129,74]],[[44103,30576],[-675,-266],[-299,-30],[-73,34],[-99,-49],[-136,-7]],[[42466,30083],[122,-59],[255,17],[111,40],[102,-68],[158,4],[170,-51],[382,17]],[[43766,29983],[-44,205]],[[43722,30188],[88,87],[62,-3],[306,150],[197,213],[371,4],[138,68],[38,92],[251,121],[200,-147]],[[45499,30981],[-110,-50],[-215,113],[-88,-61],[-82,25],[-170,-23],[-144,70],[-228,8],[41,-71],[-23,-99],[-266,-24],[-44,-42],[82,-114],[-74,-34],[38,-93],[-113,-10]],[[37177,36577],[-232,-40],[-148,11],[-121,-70],[-89,-8],[-132,-103],[-248,-33],[-85,-80]],[[36122,36254],[-19,-102],[-417,-138]],[[34688,34997],[103,-97],[315,49],[222,86],[166,-54],[87,95],[209,0],[332,177],[85,11],[96,102],[70,-71],[109,-21]],[[36482,35274],[9,88],[181,113],[37,143],[68,50],[26,153],[-105,142],[86,13],[382,-96]],[[37166,35880],[35,142],[-32,43],[64,39]],[[37233,36104],[59,52],[-277,31],[-79,91],[5,59],[236,240]],[[42477,32919],[-45,-55]],[[42432,32864],[113,-38],[70,-105],[168,-118],[-19,-88],[65,8],[88,-60],[27,-130],[112,-116],[116,15]],[[43172,32232],[47,33],[-64,65],[58,41],[-48,73],[59,34],[0,53]],[[43224,32531],[30,89],[109,59],[-8,65],[65,25],[-24,135]],[[43396,32904],[-86,-9],[-222,86],[-181,141],[-236,-83],[-194,-120]],[[43223,30985],[-234,-94],[-423,-7],[-153,-53],[-123,0]],[[44103,30576],[-186,-12],[-42,-51],[-234,-45],[-435,-53],[-63,-57],[-114,-15],[-109,229],[-108,13],[72,79],[180,57],[81,83],[162,45],[142,-11],[30,43],[-80,86]],[[43399,30967],[-90,54],[-86,-36]],[[43240,29425],[-77,197],[145,16],[-99,159],[-104,68]],[[43105,29865],[-537,123],[-102,95]],[[39586,35544],[-96,-180],[-211,-140],[-134,-18],[-99,-89],[-139,-7]],[[38907,35110],[-150,-126]],[[38757,34984],[138,-190],[-163,-23],[-34,-212],[-164,-84]],[[38535,34323],[244,-75],[207,104],[124,-30],[290,25]],[[40312,35158],[-63,34],[-100,-11],[-21,74],[-163,39],[-29,124],[-121,123],[-148,-27],[-81,30]],[[40260,34701],[318,-2],[196,79],[37,49],[155,-7],[34,-100],[-78,-49],[15,-127],[-75,-94]],[[40862,34450],[-133,-172],[-295,-210],[62,-112]],[[40496,33956],[186,123],[265,108],[184,204],[-36,187],[76,536]],[[41171,35114],[-129,3],[-285,182]],[[43785,90414],[-2091,-1819],[-2122,-1149]],[[39572,87446],[60,-127],[-5,-189],[190,-249],[181,20],[479,-70],[333,-8],[473,-178],[143,-134],[94,-16],[103,-84],[121,-16],[85,56],[133,-17],[83,25],[218,-125],[195,-260],[147,-93],[-1,-136],[153,-78],[80,4],[101,-68],[114,-311],[167,-144],[-6,-91],[-51,-31],[111,-154],[124,-61],[358,-43],[115,-71],[477,-147],[135,-204],[211,-153],[217,-241],[-48,-79],[53,-116],[606,6],[209,-90],[261,-16],[149,-201],[82,-36],[160,-11],[189,56],[243,-52],[77,-111],[-42,-256],[-228,-202],[-244,-124],[-90,-144],[150,-205],[96,-14],[44,-312],[51,-50],[-20,-294],[190,-124],[141,-96],[-8,-87],[-100,-50],[-15,-87],[122,-173],[46,-182],[98,-14],[59,-87],[259,-62],[185,-117],[61,-115],[-53,-253],[44,-106],[196,-143],[206,-88],[303,-38],[131,-81],[586,-33],[277,28],[217,95],[276,33],[920,-120],[246,-1],[520,86],[564,-58],[521,11],[264,-54],[148,-145],[-12,-140],[-169,-151],[-457,-59],[-299,-140],[-478,-21],[-437,69],[-307,4],[-711,-116],[-290,43],[-188,-31],[-96,-55],[-255,-33],[-175,37],[-166,83],[-251,-40]],[[48721,79190],[256,-133],[699,-134],[341,-17],[358,-204]],[[50375,78702],[304,-84],[434,-242],[750,-627],[379,-59],[1019,-252],[546,-339],[983,-232],[152,-75],[53,-69],[125,-25],[-13,-46],[70,19],[142,-31],[157,342],[7,339],[-84,532],[396,463],[75,182],[-239,454],[49,307]],[[55680,79259],[-235,186],[-108,155],[-258,77],[-188,241],[-306,13],[-21,-25],[-145,59],[-222,11],[-106,116],[-161,-93],[-71,13],[-419,358],[-863,582],[-168,156],[45,177],[-105,84],[-176,-53],[-41,33],[61,98],[-84,119],[-64,248],[-148,72],[-25,111],[-211,48],[-13,58],[-234,71],[-63,87],[-107,34],[34,119],[119,83],[-18,33],[-212,109],[-98,-31],[-41,76],[-110,48],[-147,-50],[-228,70],[-360,0],[-182,34],[-78,91],[0,61],[-138,184],[57,104],[-76,58],[49,132],[-98,81],[-78,341],[-161,100],[-19,97],[261,718],[31,219],[93,132],[4,446],[285,131],[125,251],[-32,242],[-139,82],[-107,171],[94,95],[214,24],[35,238],[-99,404],[29,71],[-52,33]],[[50201,87292],[-125,-11],[-286,87],[-521,318],[-163,21],[-58,-66],[-198,87],[-149,277],[-134,87],[26,178],[-186,114],[-249,42],[-175,133],[-21,96],[44,86],[-99,52],[22,63],[-108,85],[-18,110],[-150,191],[-85,29],[-306,1],[-166,-49],[-247,-16],[-167,-77],[-212,-41],[-218,163],[-557,56],[-276,179],[-311,-31],[-315,129],[-391,66],[-361,16],[-261,443],[5,304]],[[39572,87446],[-1751,-954]],[[37821,86492],[245,-109],[-25,-276],[59,-56],[112,-5],[112,-57],[107,-140],[171,-86],[-15,-35],[126,-66],[104,-129],[171,-53],[16,-105],[-88,-50],[238,-77],[167,-328],[208,-41],[83,-149],[-76,-342],[-129,-34],[-55,-53],[-86,-180],[22,-170],[82,-60],[-115,-178],[30,-211],[-38,-167],[-282,-204],[320,-212],[-120,-79],[-1,-67],[97,-69],[-122,-65],[102,-102],[134,96],[74,-2],[-77,-176],[92,-36],[-4,-91],[99,-62],[26,-105],[131,-125],[94,-28],[96,-151],[20,-117],[-54,-95],[84,-17],[55,-180],[-38,-215],[100,-8],[192,-215],[145,-65]],[[40410,80945],[276,-230],[926,-352],[446,-2],[269,-41],[841,-219],[972,-124],[621,-154],[823,24],[268,-109],[48,-84],[261,-80],[781,8],[323,131],[538,-342],[300,-50],[355,-158],[263,27]],[[40410,80945],[-125,-140],[-304,-105],[103,-137],[79,-24],[26,-177],[-718,-255]],[[39471,80107],[88,-77],[200,-15],[49,-124],[76,-52],[-59,-90],[35,-80],[146,99],[67,-7],[10,-235],[248,-186],[34,-69],[11,-273],[67,-91],[-18,-124],[471,-191],[46,-239],[148,-180],[327,-75],[-8,-139],[111,-78],[33,-181],[-71,-314],[382,-222],[98,-205],[-1,-87],[-163,-125],[40,-145],[396,-266],[178,-17],[667,-299],[36,-138],[-123,-192],[13,-294],[-114,-219],[314,-86],[50,-141],[-53,-179],[72,-156],[811,-276],[148,-284],[-33,-128],[485,-153],[-183,-263],[19,-97],[92,-97],[246,-33],[301,46],[181,-90],[481,-10],[328,-85],[431,-173],[191,-177],[112,-188]],[[46884,72607],[52,50],[42,259],[168,371],[383,260],[316,82],[993,0],[132,139],[196,61],[323,-40],[156,45],[267,-13],[172,31],[316,217],[197,83],[395,27],[149,42],[684,339],[150,148],[100,581],[-4,262],[-184,111],[-227,17],[-384,140],[-43,119],[28,140],[-267,646],[-92,352],[-635,695],[-112,426],[-165,133],[22,91],[180,174],[183,107]],[[79032,82837],[-331,-451],[-244,-446],[-252,-177],[-30,-135],[131,-67],[52,-200],[198,-188],[125,-39],[137,23],[370,-158],[570,-18],[302,-75],[166,-201],[4,-128],[-235,-207],[84,-145],[-20,-83],[-323,-365],[-88,-209],[296,-469],[130,-128],[267,-165],[515,-213],[719,160],[234,220],[556,-71],[167,-184],[346,-58],[-281,-179],[-29,-275],[-696,-686]],[[81872,77520],[346,85],[439,190],[167,119],[285,48],[448,255],[230,-10],[296,52],[644,-139],[252,46],[406,-94],[367,43],[363,-28],[202,-155],[306,-154],[680,-100],[120,-6],[287,129],[82,4],[19,-52],[239,-81],[85,46],[135,171],[102,-63],[277,-55],[276,77]],[[88925,77848],[-87,105],[-368,144],[-277,233],[-197,204],[-96,280],[-527,184],[-180,256],[-227,133],[-401,74],[-250,-157],[-207,36],[-284,-190],[-419,-104],[-300,70],[-287,191],[-329,-66],[-64,44],[-200,17],[-258,194],[-220,-17],[1855,2033]],[[85602,81512],[-407,156],[-477,-124],[-318,5],[-190,59],[-166,181],[-120,38],[-189,14],[-518,-60],[-277,17],[-840,213],[-372,186],[-73,113],[-264,105],[-349,70],[-29,122],[-67,61],[-679,9],[-258,-40],[-322,4],[-107,-39],[-67,71],[-193,68],[-174,-10],[-114,106]],[[69091,84424],[-21,-311],[152,-330],[-31,-223],[42,-100],[426,-95],[155,-76],[36,-133],[67,-49],[92,-1],[189,-229],[99,-18],[75,-120],[-50,-81],[64,-100],[347,-83],[107,-147],[89,-42],[350,-57],[153,-218],[441,-254],[155,-136],[4,-201],[49,-49],[588,-276],[-243,-153],[-65,-104],[9,-161],[-151,-149],[-372,-128],[-468,-278],[-180,-47],[109,-235],[89,-61],[-35,-509],[238,-573],[-389,-283],[-364,-79],[-55,-88],[-222,-113]],[[70570,78134],[121,-36],[401,60],[928,58],[680,3],[543,-176],[304,-183],[381,-88],[385,-214],[260,-85],[824,51],[378,127]],[[75775,77651],[149,94],[259,73],[66,208],[264,339],[95,684],[190,247],[-146,295],[282,-116],[-45,146],[26,124],[-181,444],[-52,42],[-231,35],[-263,100],[-73,46],[1,63],[102,131],[506,199],[377,296],[98,181],[645,804],[48,150],[151,84],[9,55],[762,321],[218,141]],[[79032,82837],[-341,52],[-152,-47],[-49,-70],[-465,-36],[-61,47],[13,140],[-257,81],[-183,212],[-108,57],[-404,72],[-273,114],[-231,19],[-246,124],[-437,-19],[-332,88],[-143,109],[-93,153],[5,279],[-156,101],[-358,0],[-242,72],[-397,24],[-375,88],[-159,83],[-172,212],[-80,41],[-362,-129],[-203,6],[-162,50]],[[72609,84760],[-231,129],[-212,33],[-521,-217],[-476,39],[-280,-49],[-165,8],[-197,-82],[-344,71],[-770,-227],[-322,-41]],[[81872,77520],[-279,-89],[-495,-52],[-224,13],[-381,-119],[-395,-5],[-264,-100],[-295,-49],[-188,-104],[-387,-3],[-425,22],[-692,205],[-349,35],[-678,255],[-285,-25],[-760,147]],[[70570,78134],[-219,-263],[16,-55],[-132,-99],[-86,-231],[60,-100],[325,-157],[-741,-463],[-128,-143],[-330,140],[-174,-5],[-149,-48],[-377,-1]],[[68635,76709],[202,-281],[-235,-233],[-311,-4],[-666,87]],[[67625,76278],[-72,-346],[-175,-253],[-274,-31],[-295,66],[-174,-6],[-186,103],[-229,6],[-569,-223],[-150,-118],[-73,-134],[-1,-428],[-222,-203],[-521,-141]],[[64684,74570],[214,-515],[-154,-102],[-336,-391],[-567,-495]],[[63841,73067],[523,-149],[567,-16],[348,-198],[400,-112],[145,28],[303,-234],[266,-134],[235,-12],[221,-91]],[[66849,72149],[50,12],[-7,-51],[125,40],[75,-31],[14,69],[55,-41],[-15,202],[129,-51],[82,31],[37,-41],[53,62],[-40,47],[128,-32],[91,124],[131,-66],[14,72],[64,6],[-60,72],[90,-3],[-11,53],[97,-30],[49,49],[131,-68],[171,75],[38,-65],[67,25],[0,-50],[122,102],[5,-98],[102,66],[-3,68],[60,-73],[32,86],[86,28],[-47,78],[79,27],[29,64],[-89,22],[95,6],[-2,60],[68,-10],[37,-67],[13,90],[119,-12],[127,153],[118,11],[-15,-57],[91,58],[40,-36],[8,148],[129,-16],[-15,-50],[78,-27],[72,90],[-2,-92],[47,-3],[64,57],[2,87],[120,2],[56,46],[-86,33],[-7,38],[-48,-14],[-9,77],[125,-2],[-1,-50],[92,14],[73,-69],[43,51],[99,2],[-49,137],[75,-2],[50,-67],[54,81],[69,28],[72,-18],[-66,55],[75,19],[-27,48],[66,66],[-109,23],[133,5],[-78,33],[56,24],[128,-8],[-94,102],[205,-11],[45,74],[3,-62],[106,16],[20,-55],[24,126],[-67,12],[10,35],[129,31],[-21,-62],[53,-26],[40,82],[143,-43],[42,67],[11,-97],[-58,-37],[100,-15],[46,66],[90,-28],[-58,58],[45,83],[96,-86],[113,31],[5,37],[51,-18],[55,28],[20,42],[-74,23],[100,42],[78,-58],[54,10],[1,-36],[39,67],[-45,26],[168,65],[99,-8],[-17,36],[117,27],[49,67],[104,-60],[-46,-59],[63,-1],[36,39],[-33,58],[95,21],[-4,33],[94,2],[94,133],[94,0],[-23,68],[75,32],[46,-72],[42,14],[-67,78],[80,53],[92,-26],[4,54],[63,8],[-36,109],[213,-45],[75,-77],[30,88],[165,17],[-35,70],[-65,-5],[2,28],[77,30],[56,-43],[136,35],[103,-15],[-31,47],[62,24],[-59,79],[123,11],[57,44],[-26,46],[90,-9],[-61,88],[67,41],[1,59],[163,-1],[59,-54],[43,11],[-71,79],[-112,15],[18,27],[109,0],[51,-38],[46,36],[114,-62],[66,83],[138,38],[71,-54],[-15,101],[202,-47],[-30,63],[130,50],[11,-63],[71,-7],[-15,78],[110,-35],[29,-82],[147,68],[-13,130],[53,-24],[56,-130],[116,-13],[121,-65],[147,71],[128,-48],[111,26],[31,73],[-52,70],[49,20],[61,-52],[-10,-121],[183,76],[-20,70],[87,49],[43,-20],[-14,-66],[-63,-101],[-103,-60],[116,-80],[127,-8],[283,124],[128,110],[-61,44],[175,-23],[-9,102],[157,10],[10,-57],[175,-74],[9,59],[-108,91],[-3,112],[192,-106],[44,36],[-5,90],[127,-31],[84,41],[-2,-75],[102,-20],[41,29],[-26,88],[108,-52],[82,10],[-147,-62],[-15,-65],[53,-41],[-93,-25],[34,-29],[339,267],[95,16],[141,-51],[116,44],[45,-80],[211,-14],[42,-107],[57,98],[-144,99],[1,46],[113,4],[128,-126],[108,9],[110,73],[-54,88],[56,81],[-150,-15],[83,72],[183,-37],[123,41],[40,-32],[-17,-85],[40,-10],[55,152],[110,1],[27,-44],[-64,-73],[98,-128],[60,36],[33,124],[190,14],[14,-60],[50,0],[17,117],[143,-45],[114,-104],[70,48],[-15,113],[134,33],[108,-9],[-41,-89],[33,-21],[169,47],[49,100],[57,-29],[-19,-100],[47,-44],[114,40],[60,65],[169,-32],[68,50],[-3,80],[-81,70],[32,24],[150,-66],[51,-113],[163,8],[81,-38],[36,147],[143,-21],[121,186],[186,23],[-1,165],[239,66],[-5,39],[-119,59],[-15,59],[102,20],[131,-39],[139,135],[-6,37],[-68,18],[-146,-63],[11,75],[139,28],[52,73],[116,30],[26,62],[113,-20],[228,147],[85,-15],[183,-135],[264,-12],[64,-102],[81,68],[41,132],[-24,141],[73,-2],[82,-106],[0,150],[44,54],[215,-13],[-141,-242],[104,-101],[283,37],[103,64],[68,-3],[7,-69],[-90,-88],[25,-46],[130,53],[-18,198],[132,57],[-80,101],[122,-49],[96,49],[120,-81],[37,-96],[-83,-120],[67,-46],[102,41],[59,169],[72,-4],[88,-79],[84,93],[153,-21],[12,53],[-72,74],[76,45],[442,-21],[81,-42],[91,-132],[130,-66],[86,59],[-5,125],[68,11],[268,-148],[-18,-138],[69,-202],[-239,-101],[36,-54],[163,-62],[-52,-81],[259,85],[76,-6],[21,-65],[-172,-55],[16,-46],[316,-75],[92,101],[107,-319],[85,-22],[68,30],[48,112],[175,27],[4,47],[-146,88],[112,167],[89,10],[190,-69],[61,44],[-14,96],[66,17],[84,-170],[165,14],[108,-52],[167,0],[-66,-56],[-194,6],[-46,-45],[39,-46],[246,-63],[21,-81],[-88,-90],[55,-56],[86,-4],[146,131],[182,12],[139,84],[195,292],[0,295],[-48,97],[-618,400],[-179,214]],[[57445,73190],[-335,-115],[-330,-250],[-337,-109],[-26,-264]],[[56417,72452],[343,-151],[154,-128],[194,-84]],[[57108,72089],[5,-180],[95,-163],[107,-60],[193,-4],[171,-75],[269,-56],[139,-104],[33,-118],[-27,-114],[-199,-207],[-446,-90],[-235,-121],[137,-190],[-64,-162],[72,-212],[-134,-226],[-226,-234],[-49,-175]],[[56949,69598],[165,-16],[649,89],[263,-29],[229,111],[452,18]],[[58707,69771],[150,3],[63,-255],[-42,-115],[128,-181],[171,-94],[151,-261],[167,-184],[69,-57],[220,24],[164,-22]],[[59948,68629],[71,210],[379,327],[-39,97],[78,254],[-42,777],[80,86],[254,45],[81,74],[124,-2],[27,64],[-8,81],[-125,5],[-71,43],[-42,-47],[-145,94],[-56,102],[-154,30],[-65,185],[-284,79],[-77,78],[-46,158],[126,179],[11,88]],[[60025,71636],[-181,28],[-10,102],[-109,9],[-77,50],[-102,126],[-144,76],[-44,100],[87,270],[439,143],[-64,125],[82,31],[-10,76],[57,25],[-36,112],[-276,193],[-134,36],[-422,-32],[-164,21],[-317,-63]],[[58600,73064],[-258,-216],[-200,178],[-447,142],[-250,22]],[[56408,67740],[-461,-275],[-179,-300],[-266,-270],[-566,-301],[-34,-63],[-56,-204],[13,-264],[-302,-174],[-108,-835],[-160,-230],[-257,-559],[-266,-393],[-33,-831],[-118,-610],[71,-338],[-20,-211],[-322,-248],[-129,-49],[-98,22],[-116,-73]],[[53001,61534],[-56,-23],[-5,-84],[-196,-121],[220,-219],[-28,-52]],[[52936,61035],[166,-20],[371,63],[98,-70],[-11,-126],[196,-86],[19,-137],[95,-105]],[[57949,59067],[227,27],[99,-22],[92,119],[93,42],[-43,131],[110,38],[-121,245],[27,45],[-135,64],[-133,204],[35,73],[128,-108],[104,84],[119,-63],[22,-67],[131,37],[188,-56],[77,190],[187,14],[71,72],[253,-50],[60,50],[156,9],[69,-19],[-14,-73],[218,51],[127,119],[83,1],[43,128],[-166,139],[54,149],[-95,51],[36,51],[-139,55],[-57,-15],[-8,53],[-76,23],[31,28],[-62,30],[-1,118],[-108,28],[7,77],[-161,57],[53,76],[-94,3],[-30,93]],[[59406,61368],[-131,116],[-259,58],[-144,155],[-41,180],[-72,95],[101,218]],[[58860,62190],[-149,20],[-214,151],[-76,213],[-233,127],[-270,-5],[-102,39],[-118,155],[-197,90],[105,112],[103,458],[94,164],[168,89],[101,124],[278,198],[7,404],[-167,124],[-36,146]],[[58154,64799],[-192,47],[-182,-6],[-37,174],[-103,52],[-129,439],[23,428],[104,367],[-68,197],[141,466],[7,241],[-793,191],[-84,137],[-433,208]],[[50820,68178],[-226,-44],[-366,-150],[-307,-314],[-320,-249],[-766,-163],[-367,-207],[-357,0],[-212,-72],[-500,-78],[-575,99],[-604,-151],[-471,-70]],[[45749,66779],[30,-235],[249,-132],[54,-77],[-1,-278],[-71,-146],[-424,-364],[108,-239],[-55,-84],[76,-51],[-42,-103],[73,-27],[76,-135],[-32,-59],[110,-79],[11,-193]],[[44929,62842],[-41,-40],[112,-366]],[[45000,62436],[200,12],[264,-69],[67,55],[86,-16],[185,38],[90,174],[728,30],[20,94],[57,-9],[85,44],[84,-78],[151,-22],[278,208],[77,14],[269,-54],[140,155],[273,-11],[247,148],[193,50],[599,73],[318,-46],[187,77],[-28,72],[58,54],[288,87],[145,-64],[59,-180],[72,-36],[512,208]],[[50704,63444],[-431,259],[-141,572],[21,351],[154,185],[312,255],[108,161],[38,372],[225,357],[-35,257],[601,351],[48,193],[91,115],[368,133],[61,161],[105,103],[124,-9],[-60,92],[86,310],[-41,52],[-293,19],[-236,117],[-110,8],[-65,-44],[-9,-104],[188,-260],[-88,-81],[-118,6],[-106,71],[-51,145],[-177,84],[143,109],[12,81],[-202,18],[-83,152],[-323,143]],[[45000,62436],[17,-126],[210,-13],[140,-105],[204,23],[215,-39],[56,-58],[208,-73],[105,27],[7,-35]],[[46162,62037],[178,44],[67,68],[413,-28],[351,164],[127,-125],[236,16],[156,91],[194,13],[91,58],[425,-249],[148,75],[392,-4],[78,-68],[41,-246]],[[49059,61846],[276,12],[148,-150],[167,-70],[61,-108],[182,-53],[-17,-192],[-72,-9],[-52,-55]],[[49752,61221],[212,-140],[82,48],[97,-9],[160,102],[218,-71],[61,-69],[-75,-64],[-4,-104],[359,-208]],[[50862,60706],[40,14],[0,143],[122,115],[66,144],[-20,110],[-173,102],[318,260],[54,193],[246,306],[-157,182],[-236,155],[-129,208],[-196,152],[-93,654]],[[39629,33506],[96,-105],[-59,-126]],[[39666,33275],[73,-61],[2,-64],[161,-127],[175,26]],[[40077,33049],[-98,88],[167,149],[20,183],[143,353]],[[86308,28170],[42,50],[-19,88],[-123,76],[90,118],[-152,-40],[-69,31],[105,39],[12,64]],[[86194,28596],[185,397],[153,160],[38,516]],[[86570,29669],[-69,-55],[-170,1],[-5,-34],[-264,22],[-231,188],[-199,92],[-44,158],[-125,28],[-94,92],[0,58],[-45,12],[24,55],[-82,-175],[-133,-20],[-196,-98],[41,-119],[-135,-38],[-53,-90],[-74,6],[-36,-62],[44,-45],[-85,0],[-16,-50],[-154,-60],[12,-75],[-54,-78],[-80,-26],[-897,181],[-94,131],[41,45],[-56,21],[-193,6],[-272,-131],[-73,164],[12,107],[36,63],[69,9],[15,148],[-133,22],[-287,-26],[-166,-77],[-66,37],[-66,-121],[-65,26],[-87,-53],[-24,53],[-67,-80],[-77,48],[-50,-87],[39,-63],[-53,-18],[7,-120],[-88,-28],[46,-71],[-172,-190],[47,-44],[-106,-64],[18,-85],[-52,-50],[107,-29],[-22,-57],[90,-94],[347,-78],[-15,-47],[148,-57],[48,-76],[116,-13]],[[72133,40093],[83,-102],[-23,-71]],[[72193,39920],[136,-57],[3,-75],[169,-103],[247,28],[81,-28],[143,158],[93,-62],[97,25],[15,-53],[66,59],[209,-18],[34,38],[110,14],[17,-22],[125,19],[0,-35],[27,47],[134,-36],[49,38],[111,-53],[4,53],[136,32],[51,-22],[34,52],[11,-50],[45,36],[45,-18],[-38,-69],[63,-11],[-43,-15],[31,-15],[51,37],[126,8],[2,46],[107,-18],[18,34],[-76,75],[112,-47],[-2,-33],[33,28],[64,-56],[71,32],[18,-62],[66,-3],[26,-40],[78,13],[21,-42],[85,16],[43,-50],[277,28],[28,-74],[225,121],[13,-41],[76,10],[-18,-61],[56,-43],[114,-19],[47,-50],[56,9],[4,-38],[67,73],[146,7],[54,-32],[65,51],[59,-33],[3,-58],[58,72],[100,-28],[116,40],[89,-76],[39,79],[76,34],[90,-54],[94,64],[52,-100],[29,70],[64,8],[244,-115],[-14,83],[49,7],[140,-88],[125,9],[75,-33],[54,41],[51,-48],[-76,-20],[15,-55],[-65,-2],[6,-34],[91,51],[45,-39],[-28,-50],[140,13],[174,-81],[109,17],[71,-73],[-51,-54],[52,-36],[42,20],[-50,31],[29,25],[194,1],[91,51],[36,-88],[169,12],[-43,-66],[34,-26],[81,32],[114,-37],[63,38],[128,-74],[72,11],[48,60],[25,-84],[86,-25],[-27,-100],[127,100],[18,-53],[209,-13],[113,-92],[26,78],[99,29],[42,-93],[179,31],[98,-100],[158,104],[-38,-63],[81,-50],[31,60],[179,-30],[4,-88],[76,75],[81,-67],[112,26],[-22,-81],[57,17],[19,72],[69,-10],[29,-101],[60,2],[47,55],[32,-43],[136,-40],[122,5],[34,-43],[104,-22],[38,-60],[84,84],[60,-16],[1,-65],[130,74],[-29,-95],[63,58],[196,-22],[-9,74],[114,2],[16,-101],[-95,-116],[175,-27],[50,-47],[114,-3],[64,49],[88,-31],[-42,-132],[111,1],[82,-69],[3,65],[-58,34],[40,13],[172,-142],[29,-95],[106,25],[69,-24],[-18,49],[47,-38]],[[83502,38058],[2065,165],[198,-88],[43,-157],[132,-40],[161,-143],[331,-40]],[[86432,37755],[399,17],[362,-34],[330,-145],[27,-42],[176,-25],[109,-69],[281,-69],[229,-2]],[[88345,37386],[3238,1672],[122,-61],[98,19],[160,-119],[195,-51],[112,10],[46,60],[435,48],[60,39],[95,-66],[393,7],[84,-133],[154,-56],[146,-119],[282,-142],[380,-61],[146,-74],[116,-9]],[[94607,38350],[-1786,1973],[-46,103],[-43,-12],[-36,52],[-74,0],[37,-40],[-112,34],[-91,-22],[-10,-65],[-78,41],[-105,-39],[-198,26],[-73,-52],[-178,-8],[-53,-49],[-25,38],[-130,-56],[-42,61],[-121,-57],[-176,194],[-104,-2],[28,55],[-195,-23],[-47,40],[-86,4],[-162,-43],[-6,30],[-148,21],[-56,-53],[-35,41],[-84,-24],[-40,36],[-180,21],[-121,-26],[-33,-46],[-25,48],[-74,16],[-163,-35],[-9,-47],[-50,7],[27,-27],[-128,-46],[-61,34],[-20,-69],[-78,27],[-35,-79],[-68,14],[-157,-83],[-75,37],[-2,-49],[-207,-41],[-10,-35],[-118,11],[-10,38],[-35,-26],[-59,14],[-16,-49],[-78,-4],[-22,-60],[-65,11],[-196,-130],[-123,-21],[-17,-46],[-141,10],[-181,-76],[-335,38],[-176,-25],[-59,-42],[-89,15],[-203,-77],[-267,18],[-93,44],[-156,-6],[-95,69],[-410,49],[-110,229],[-416,255],[-86,16],[-50,71],[-727,-360],[0,6153]],[[36677,33966],[-97,-63],[72,-97],[85,-66],[90,-6],[-13,-25]],[[38993,32947],[-275,39],[-158,92],[44,165],[171,158],[25,102],[101,96]],[[38901,33599],[-94,72]],[[38807,33671],[-396,-20],[-214,46],[-95,-14],[-90,27],[-54,64]],[[79573,10309],[-56,-105]],[[79229,8926],[113,-1],[104,44],[433,309],[117,-49],[59,-87],[191,-5],[91,-362],[-50,-218],[95,-123],[-125,-73],[-77,-107],[155,-105]],[[80335,8149],[224,154],[33,66],[238,142],[40,98],[89,8],[37,76],[210,31],[120,-46]],[[81326,8678],[48,35],[-82,145],[-211,146]],[[81081,9004],[-87,215],[-95,20],[-147,164],[-204,108],[-56,90],[108,203],[238,113],[105,177],[-197,219]],[[82147,9620],[7,-134],[151,-288],[-44,-155],[-303,-152],[-115,-138],[-269,-93]],[[81574,8660],[180,-69],[161,29],[341,-29]],[[82256,8591],[64,38],[119,-23],[428,83]],[[82867,8689],[66,75],[215,49],[77,112]],[[83225,8925],[-132,1],[-374,192],[-38,301],[-114,31],[-52,99],[-73,26],[84,60],[-314,14],[-65,-29]],[[81769,10655],[252,63],[87,-72],[95,83],[92,-287],[165,25],[219,-73],[181,145],[144,45],[-21,220],[130,-43],[164,25],[150,-60]],[[83427,10726],[100,66],[14,96]],[[83541,10888],[-9,205],[-95,239],[50,79],[119,38]],[[83606,11449],[52,171],[254,100],[228,189]],[[84140,11909],[32,97],[-88,101],[8,91],[-56,81],[133,204],[28,141],[-72,35],[-32,103]],[[84093,12762],[-285,-98],[-150,-10],[-133,95],[-274,16],[-153,114],[13,50],[-50,40],[-59,-66],[-100,52]],[[29445,39596],[-169,-39]],[[29276,39557],[42,-67],[-63,-41],[195,-211],[19,-153],[-76,-115],[-181,-17],[-43,32],[-127,-54],[26,-73],[-48,-52],[77,-169],[-25,-81],[-86,-4],[65,-29],[-19,-34],[1185,-407],[911,-382]],[[31128,37700],[99,177],[122,65],[160,24],[82,71]],[[31604,38409],[-106,30],[-160,-40],[-191,29],[-90,112],[-15,100],[-411,174],[26,220],[127,49],[78,80],[31,58],[-36,59]],[[30857,39280],[-252,42],[-288,206],[-135,35],[-138,-8],[-49,-81],[-194,-11],[-74,26],[-132,-79],[-130,58],[-20,128]],[[32615,40374],[109,-20],[77,-163],[66,2],[185,-112],[112,15],[49,57],[145,-26],[125,-72]],[[33483,40055],[167,135]],[[33650,40190],[-97,49],[-32,79],[32,71],[-40,73],[72,102],[-257,-7],[-17,88],[-104,108],[241,181],[92,183],[-34,75],[40,98],[-78,198]],[[33650,40190],[282,322],[134,98],[139,25],[156,185]],[[34361,40820],[-141,112],[-133,362],[-119,163],[2,88],[-98,56]],[[35098,41220],[27,-60],[-127,-163]],[[35867,40545],[75,-40],[228,-9],[88,124],[201,130]],[[42432,32864],[-115,-39],[-68,-72],[-58,-161],[-54,-27],[29,-124],[-259,-67]],[[42209,31230],[54,63]],[[42263,31293],[-18,77],[63,9],[45,85],[185,6],[16,89],[158,137],[-14,207],[115,189],[39,18],[103,-99],[105,-14],[295,69]],[[43355,32066],[-170,93],[-13,73]],[[42263,31293],[145,-10],[119,-62],[630,-172],[66,-64]],[[43399,30967],[246,46],[83,154],[91,39],[137,-4],[75,-43],[-8,-61],[424,58]],[[44447,31156],[-117,64],[-149,175],[-276,-28],[-17,61],[-191,56],[158,122],[-141,56],[32,86],[-210,240],[11,63],[-192,15]],[[43722,30188],[240,-63],[93,48],[309,34],[247,141],[279,52],[226,181],[307,140]],[[42449,34712],[32,-57],[108,-12],[105,-70],[-104,-275]],[[42590,34298],[24,-42],[295,-113],[165,-180],[90,-9],[22,-55],[92,-3],[89,-71],[78,-96],[5,-82],[0,-33],[-78,-7],[6,-37],[306,-35],[112,-47]],[[43796,33488],[131,132],[-46,215],[26,97],[109,100],[-131,324]],[[44447,31156],[70,-44],[146,89],[120,8],[161,208],[134,38],[-8,63],[81,42],[141,16],[120,-82]],[[45586,32093],[-138,-34],[-340,-220],[-60,79],[33,105],[-110,111],[-50,205],[-102,69],[-140,-26],[-27,-71],[-123,-57],[-4,-68],[-68,-41],[-180,144],[-91,7],[-116,-67],[3,52],[-105,102],[-171,61],[-191,196],[-314,-133],[-68,24]],[[43558,33082],[-49,-21],[-2,-78],[-111,-79]],[[45511,32438],[-58,-8],[6,43],[138,219],[-92,105],[-68,77],[-124,17],[-62,67]],[[45251,32958],[-180,126],[-120,-83],[-347,-110],[-121,-97],[-188,37],[-105,108],[-168,65],[-117,-42],[-347,120]],[[43766,29983],[124,-48],[262,25],[231,-68],[60,66],[102,8],[-20,59],[58,25],[66,-17],[47,29],[86,-44],[81,16],[227,-46]],[[43723,29571],[-80,-121],[90,-89],[-56,-81]],[[45089,29947],[-126,0],[-369,-91],[-220,-193],[-370,-156],[-91,-3],[-57,61],[-133,6]],[[42520,34114],[-124,-48],[-89,-87],[134,-125],[216,-66],[66,-130],[-195,-164],[38,-95],[-204,-136]],[[42362,33263],[90,-65],[25,-279]],[[43558,33082],[14,104],[-63,1],[28,63]],[[43537,33250],[-189,106],[32,60],[-81,23],[-345,294],[21,69],[-147,93],[-37,77],[-188,59],[-83,83]],[[40448,32623],[-157,-86],[-182,29],[-56,-36],[-281,-27],[-45,-55],[-170,-24],[-10,-52]],[[40044,31429],[86,19],[119,120],[223,123]],[[40472,31691],[-156,68],[-205,186],[235,109],[-138,65],[-78,123],[161,-19],[198,36],[107,-36],[132,6],[304,-112]],[[41200,32210],[-121,182],[-211,16]],[[40868,32408],[-150,36],[-270,179]],[[41826,33323],[-377,-294],[-301,-31],[-47,2],[4,71],[-128,-37],[-145,20]],[[40832,33054],[-35,-37],[-77,22],[-284,-45]],[[40436,32994],[333,-302],[78,-7]],[[40847,32685],[97,123],[116,-58],[129,-8],[144,62],[304,22],[-18,70],[114,16],[107,141],[172,93],[84,-5],[67,96]],[[42163,33237],[-105,68],[-232,18]],[[12289,74263],[-70,-65],[-70,-207],[-204,-249],[-155,-68],[-229,-2],[-128,-112]],[[11433,73560],[187,15],[102,-99],[152,-50],[3,-41],[141,-13],[39,-49],[-64,-60],[55,-38],[-25,-70],[67,-48],[57,-150]],[[12147,72957],[268,-186],[182,39],[16,-180],[185,-87]],[[12798,72543],[246,-158],[81,-13],[124,40],[-12,-68],[65,-23]],[[13302,72321],[185,44]],[[13487,72365],[147,81],[38,151],[127,-21],[28,-65],[69,16],[265,-53],[28,-34],[91,4],[240,-142]],[[14520,72302],[-69,73],[170,243],[-55,171],[133,185],[85,-5],[9,97]],[[14793,73066],[-111,25],[33,80],[-72,-1],[-140,78],[-52,125],[57,181],[-59,50],[-332,99],[-212,-17],[-130,43],[-188,-73],[-110,-110],[-231,30],[-50,70],[46,189],[-34,37],[-228,93],[-191,-29],[-149,68],[-218,240],[-133,19]],[[12147,72957],[-45,-10]],[[12102,72947],[-357,-264],[-246,-75],[-99,-90]],[[11400,72518],[313,-10],[116,31],[-36,-129],[107,-130],[-258,-116]],[[11642,72164],[69,-109],[100,62],[191,2],[341,267],[153,70],[212,17],[90,70]],[[10906,70094],[-84,47],[-9,106],[119,155],[-41,144],[49,36],[22,254]],[[10962,70836],[-90,22],[-82,140],[-94,23],[-136,213],[-182,164],[113,198],[-60,73],[-99,19],[12,87]],[[10344,71775],[-134,154],[-134,-5],[-58,34],[-135,-44],[-134,107]],[[9749,72021],[-74,16],[-165,-44],[-77,39],[-300,-141],[-123,-118],[-68,-172],[-257,-184],[-255,-312]],[[8430,71105],[1048,-988],[159,-44],[188,-226],[235,29]],[[10060,69876],[19,79],[182,-5],[645,144]],[[10461,72584],[-165,-163],[-296,-143],[-2,-116],[-249,-141]],[[10344,71775],[-1,-48],[222,-13],[34,30],[196,-5],[125,81],[109,18]],[[11029,71838],[47,124],[76,40],[-94,35],[4,61]],[[11062,72098],[32,28],[-107,132],[-89,-24],[-171,24],[-98,110],[-171,-21],[51,174],[-48,63]],[[11853,71472],[-319,-10],[-105,-79],[-243,-88],[86,-248],[-93,-19],[-217,-192]],[[10906,70094],[59,-8],[46,61],[219,65],[26,68],[140,-64],[49,-92],[186,-115],[-80,-99],[-2,-80],[197,-364]],[[11746,69466],[60,151],[245,219],[187,2],[148,115],[9,55],[154,116],[65,198],[370,-314],[164,-7],[88,53],[-9,120],[72,83]],[[13299,70257],[-16,56],[-80,27],[-113,-9],[-173,69],[-223,24],[-114,58],[-129,-13],[-147,117]],[[12304,70586],[37,123],[252,139]],[[12593,70848],[-131,83],[-89,8],[-42,84],[-229,23],[-157,95],[-41,173],[-83,27],[32,131]],[[42090,34710],[-62,-19],[27,-108],[-95,-31],[-84,-220],[-107,-33],[-81,-79],[-136,-22],[-88,-112],[124,-130],[-232,-151],[153,-165]],[[41509,33640],[187,-107],[-1,-101]],[[41695,33432],[131,-109]],[[42163,33237],[105,38],[94,-12]],[[42520,34114],[-5,156],[75,28]],[[40940,31823],[-334,-111],[-32,-43],[-102,22]],[[43796,33488],[-7,-78]],[[43789,33410],[53,-55],[84,16],[61,-39],[138,-252],[88,127],[159,38],[118,-36],[144,8],[204,61],[30,54],[92,6]],[[44960,33338],[-184,220],[-146,72],[20,50],[159,50],[56,136],[110,41]],[[44975,33907],[-11,64],[-77,47],[32,37],[-229,130],[-194,48],[113,132],[-161,83]],[[2456,73319],[-74,-50],[-121,-238],[-140,-433],[-52,23]],[[2069,72621],[-75,-95],[-120,-65],[-170,-14],[-159,79],[-130,-53],[-88,37],[-62,-46],[-29,-43],[65,-67],[22,-121],[-151,-52],[97,-187],[-47,-92],[-124,-55],[-46,-95],[359,-259],[89,-26],[239,-281],[126,37],[107,-27],[665,-411]],[[2637,70785],[172,196],[87,12]],[[2896,70993],[-5,220],[-265,183],[-172,55],[-35,152],[118,33]],[[2537,71636],[167,199],[76,-22],[85,58],[23,121],[-79,1036],[-353,291]],[[61641,79899],[-599,-809]],[[61042,79090],[79,-47],[72,5],[-45,-46],[108,108],[-16,-100],[43,-23],[57,58],[-40,90],[170,-14],[-30,-93],[37,-11],[59,21],[-10,66],[94,49],[121,-100],[62,56],[49,-84],[-11,138],[-84,10],[18,37],[167,-117],[123,66],[-58,21],[70,7],[54,-93],[31,31],[-44,73],[84,50],[91,-18],[35,-73],[67,54],[115,20],[13,49],[42,-46],[98,5],[-19,76],[92,18],[-143,66],[85,79],[69,-27],[3,75],[83,30],[-40,47],[190,-73],[0,91],[76,-28],[86,57],[87,-6],[-21,46],[80,34],[-61,45],[90,65],[135,-115],[198,-68]],[[63653,79651],[168,55],[18,124]],[[63839,79830],[-199,14],[-241,201],[-182,41],[-303,-147],[-348,-19],[-242,-118],[-543,-24],[-140,121]],[[50876,87322],[-239,-34],[-436,4]],[[55680,79259],[97,-60],[147,20],[163,-54],[260,-205],[-22,-45],[305,-374],[31,-137],[87,-34],[-1,-340]],[[56747,78030],[608,48],[220,-8],[243,-59],[228,39],[153,-177],[247,-121],[737,-175],[470,-58],[256,-105],[230,17],[288,93],[14,1423],[63,-43],[-24,-44],[104,0],[23,94],[87,-16],[56,38],[-32,71],[102,6],[-34,-45],[36,-35],[85,64],[70,-53],[65,106]],[[61641,79899],[-283,131],[-291,296],[-295,114],[-181,481],[-5,130],[-98,80],[149,308],[120,136],[-155,149],[-52,169],[37,173]],[[60587,82066],[-388,11],[-347,60],[-963,552],[-544,165],[-152,240],[-412,254],[-232,37],[-351,281],[-411,180],[-75,-7],[-171,148],[-168,-64],[-99,11],[-254,152],[-277,27],[-270,233],[-295,-3],[-242,300],[-139,43],[-86,107],[-204,63],[-86,74],[-345,49],[-254,-57],[-410,182],[-159,-96],[-288,7],[-115,122],[-109,44],[-30,83],[-201,64],[-116,-16],[-247,132],[-207,57],[-52,182],[-57,36],[-270,98],[-399,79],[-223,110],[-200,181],[44,63],[-80,72],[229,254],[-192,292],[59,314],[77,140]],[[64438,80719],[161,-164]],[[64599,80555],[194,-169],[452,-187],[26,-215],[-239,-593]],[[65032,79391],[299,-552],[170,-97],[260,-67],[-15,-433],[46,-161],[181,-100],[341,1],[534,-238],[337,-323],[244,-337],[262,-107],[-8,-455],[-58,-244]],[[68635,76709],[-154,114],[9,224],[-103,89],[-29,271],[-318,355],[7,49],[185,59],[232,207],[14,234],[-104,77],[-374,36],[-66,70],[18,270],[141,240],[230,86],[297,192],[-4,98],[-200,166],[115,123],[-4,100],[-251,142],[-228,37],[4,248],[-392,54],[-94,43],[-56,168],[-108,54],[164,140],[-45,132],[100,68],[5,61],[141,-26],[-61,57],[234,121],[-238,165],[-487,118],[-168,296]],[[67047,81647],[-114,72],[-244,-11],[-143,-57],[-132,-210],[-429,5],[-266,-54],[-344,-224],[-309,-142],[-520,-119],[-108,-188]],[[55450,70297],[1,-230],[-187,-193],[-41,-248],[-381,-137],[-492,-247],[-439,-97]],[[53911,69145],[164,-187],[-66,-218],[96,-126],[102,-311],[-60,-89],[-142,12],[-48,-34],[-59,-225],[81,-300],[-101,-134],[-639,-712],[-358,-100],[-243,-398],[-46,-176],[22,-513],[-130,-211],[-172,-509],[-43,-398],[81,-589],[-263,-336],[-117,-263],[26,-168],[-69,-324],[697,-384],[78,-240],[179,-144],[-53,-119],[55,-314],[-38,-39],[156,-62]],[[56408,67740],[212,227],[-48,392],[425,184],[55,62],[-126,106],[-433,134],[1,220],[-198,250],[105,77],[548,206]],[[56949,69598],[-92,303],[-360,163],[-47,85],[-641,215],[-359,-67]],[[50862,60706],[86,-18],[231,-187],[52,-117],[266,-63],[452,-21],[187,-72],[196,17],[356,78],[195,185],[9,130],[-196,38],[60,295],[180,64]],[[53911,69145],[-138,54],[-123,192],[-38,525],[-209,18],[-221,-29],[-391,103],[-75,-12],[-172,-118],[-247,-265],[-52,-312],[-160,-236],[-595,-129],[-144,-66],[-526,-692]],[[56417,72452],[-194,-119],[-242,-68],[-103,-102],[-330,14],[-286,-102],[-213,-6],[-534,-292],[-307,-49],[-913,-264],[-333,-219],[-180,-271],[-1507,-545],[-577,-90],[-210,-87],[-247,-184],[-239,32],[-230,93],[-367,-13],[-355,-227],[-557,-449],[-209,33],[-103,-81],[-306,-111],[-210,-122],[-312,-105],[-455,27],[-238,-171],[-659,-43]],[[46001,68931],[-77,-139],[-254,-225],[21,-108],[193,-277],[-172,-202]],[[45712,67980],[-99,-185],[-161,-122],[-15,-229]],[[45437,67444],[31,-137],[254,-383],[27,-145]],[[55450,70297],[-56,245],[39,100],[405,267],[568,248],[6,122],[-186,194],[530,309],[153,232],[199,75]],[[83631,9710],[194,-141],[-206,-149],[-95,-14],[-49,29],[-127,-60],[-123,-450]],[[82867,8689],[264,-54],[191,31]],[[83322,8666],[200,52],[132,-43],[29,63],[137,-24],[421,99],[93,-10],[53,-59],[270,-51],[33,-76]],[[84690,8617],[140,-9],[107,-104],[237,113],[151,7],[0,35],[-136,42],[31,46],[-168,109],[14,182],[-120,135],[-3,91],[195,254],[159,52],[53,58],[210,56],[89,118]],[[85649,9802],[-185,20],[-194,-42],[-141,36],[-304,-68],[-128,32],[-84,65],[-240,-53],[-82,39],[-289,23],[-149,-125],[-222,-19]],[[81326,8678],[-92,-25],[-80,-89],[162,-196],[122,-59],[-26,-112],[64,-189],[-121,-69],[41,-26],[-48,-76],[112,0],[116,-121],[209,-125],[182,-27],[99,-64],[-68,-60],[33,-42],[-96,3],[-65,-130],[-78,-39],[19,-188],[-71,-65],[129,-54],[50,-97],[205,-14],[40,-80],[-77,-76],[14,-69],[102,-56],[69,42]],[[82272,6575],[340,196],[123,-103],[88,2],[108,-57],[180,1],[160,-86],[7,-45]],[[83278,6483],[135,-71],[226,33],[150,-44],[373,41],[694,-125]],[[84856,6317],[138,-20],[40,65],[175,96],[258,317],[43,119],[323,42],[75,166],[-111,177],[-68,29],[8,80]],[[85737,7388],[139,184],[-169,102],[86,87],[-43,38]],[[85750,7799],[-357,-75],[-173,2],[-51,153],[-110,65],[-126,-76],[11,-52],[-113,-12],[-117,120],[-272,154],[-230,-48],[-434,7],[-60,31],[-6,70],[-114,55],[-160,-13],[-176,-100],[-362,-18],[-96,23],[-203,170],[-344,133],[-1,203]],[[81574,8660],[-169,-23],[-79,41]],[[80309,4984],[52,2],[208,-202],[331,-69]],[[80900,4715],[67,7],[129,130],[62,136],[186,211],[83,22],[311,229],[183,223],[51,230],[92,100],[111,45],[1,41],[-207,88],[41,103],[-239,4],[-53,82],[-113,4],[-161,144],[-280,8],[-54,-239],[-261,-90],[-2,-129],[-175,-154],[54,-120],[-6,-254],[-55,-71],[40,-55],[-206,-224],[-263,-142],[73,-60]],[[81730,10039],[-102,-150],[-131,-86],[-14,-441],[-62,-69],[23,-141],[-96,-91],[-267,-57]],[[82147,9620],[76,144],[-75,55],[-71,149],[-153,-32],[-194,103]],[[83427,10726],[-35,-140],[-66,-47],[64,-121],[-67,-122],[93,-139],[12,-219],[185,-136],[18,-92]],[[85649,9802],[322,165],[92,-28],[181,38],[257,162],[34,91],[234,84],[135,3]],[[86904,10317],[52,79],[-82,15],[6,70],[-72,77],[-61,33],[-125,-24],[-101,30]],[[86521,10597],[-78,-46],[-238,-18],[-105,58],[-122,-7],[-320,179],[-79,123],[-166,62],[-69,-38],[-110,30]],[[85234,10940],[-47,-119],[-246,26],[-211,-54],[-155,2],[-31,60],[52,87],[-95,72],[21,42],[-223,43],[-95,-99],[-285,-138],[-145,-30],[-109,50],[-124,6]],[[84932,12933],[-489,-112],[-126,85],[-224,-144]],[[84140,11909],[45,-1],[86,89],[94,-80],[0,-70],[288,-261]],[[84653,11586],[125,-55],[79,75],[177,26],[30,-105],[227,-140],[-201,-332],[105,-49],[39,-66]],[[86521,10597],[38,55],[-203,81],[93,92],[110,5],[135,225],[-65,193],[59,115],[-36,83],[135,110],[29,83],[-59,92]],[[86757,11731],[-208,-33],[-82,49],[-33,120],[-232,157],[-50,154],[57,95],[-45,9]],[[86164,12282],[15,96],[-233,122],[-69,149]],[[85877,12649],[-179,-86],[-133,59],[-195,8],[-23,44],[-59,-19],[-66,37],[-31,67],[-259,174]],[[78399,7484],[106,35],[176,-20],[82,63],[-35,93],[67,26],[171,-21],[121,-55],[142,84],[247,31],[112,58],[172,6],[188,125],[204,-22],[183,262]],[[81645,10213],[85,-174]],[[78949,3978],[-169,7]],[[78780,3985],[0,-107],[-68,-23],[11,-38],[-176,-163],[13,-53],[-86,-86],[104,6],[38,73],[112,-4],[1247,-458],[91,-45],[86,-130],[232,-66]],[[80384,2891],[142,99],[-1,97],[145,165],[16,87],[54,34],[95,-7],[-15,72]],[[80820,3438],[-121,21],[9,102],[-61,37],[-262,-2],[-5,62],[-56,34],[-205,52],[-165,10],[-317,-51],[-255,29],[-194,-46],[-42,104],[-55,4],[-142,184]],[[79026,4922],[22,-58],[140,-49],[26,-123],[120,-30],[70,-64],[41,-183],[-71,-207],[-259,-100],[-166,-130]],[[80820,3438],[83,41],[124,-23],[67,50],[177,27],[77,-29],[109,139],[82,26],[77,-30],[212,47],[197,-64],[149,1],[37,220]],[[82211,3843],[-83,-13],[-222,91],[-379,59],[-224,133],[-118,232],[-274,161],[-11,209]],[[80309,4984],[-69,-82],[-126,-1],[-191,33],[-143,69],[-327,-33],[-149,75],[-278,-123]],[[77611,5821],[145,-67],[-35,-140],[55,22],[93,-74],[102,2],[64,-36],[34,-153],[64,16],[46,-75],[172,-50],[96,-123],[-18,-117],[194,-329],[11,-102],[-53,-63],[57,-101],[-38,-32],[62,-127],[-5,-113],[123,-174]],[[79026,4922],[-33,161],[-119,121],[86,32],[-74,32],[-123,-11],[-26,64],[-222,138],[79,201],[-231,54],[-33,129],[113,86],[-362,21],[-77,53]],[[37396,40988],[183,-649],[-131,-115],[37,-172]],[[38161,39654],[237,29],[113,70],[104,-49],[348,50],[47,-51],[257,-75],[122,63],[138,-49],[1,-103],[79,-122],[219,-30],[176,-73],[105,48],[134,-71],[102,30]],[[39845,40467],[-214,61],[88,420]],[[39719,40948],[-565,126],[-163,-8],[-190,61],[-111,-32],[-65,39],[-138,-2],[-36,-41],[-20,18],[-216,-80],[-133,20],[-94,29],[-24,79],[43,-23],[29,21],[-45,33],[0,86],[-60,37],[-437,60],[-143,99],[-59,-5],[-83,113],[-281,33]],[[42319,41947],[-70,-45],[-274,-14],[-249,-89],[-159,-8],[-154,-176],[-92,-12],[-49,-69],[-332,-1],[-89,-89],[-13,53],[-134,79]],[[40704,41576],[-122,-105]],[[40582,41471],[56,-162],[-94,-49]],[[40544,41260],[117,-234],[-22,-102],[-78,-41],[28,-88],[-49,-150],[73,-144],[-57,-41],[41,-37],[-49,-63]],[[40548,40360],[163,35],[1,33],[180,9],[178,-35],[-3,-56]],[[42089,41120],[21,69],[124,90],[32,140],[62,52],[-26,28],[151,101],[507,167],[-61,122],[165,200]],[[43064,42089],[-453,90],[-36,-35],[74,-83],[-206,-31],[-28,-52],[-96,-31]],[[45026,42172],[97,-37],[-13,-62],[87,-65],[-9,-43],[214,-79],[-66,-87],[17,-149],[-813,24],[-102,80],[-480,177],[-12,44],[-168,99],[-158,26],[-147,-45],[-136,33],[-54,-27],[-58,65],[-161,-37]],[[45733,41544],[115,81],[43,239],[-78,36],[-84,-26],[-131,53],[80,73],[-9,102],[-136,22],[-41,-41],[-152,-25],[-112,116],[-45,-20],[-89,60],[-68,-42]],[[40332,43179],[-126,-98],[-10,-66],[-93,-38]],[[40103,42977],[-67,-96],[30,-63],[97,-33],[-6,-120],[-261,-123],[-14,-96]],[[39882,42446],[79,-82],[-52,-138],[39,-96]],[[39948,42130],[82,-94],[64,21],[31,80],[300,33],[24,99],[-40,97],[40,32],[-100,300],[137,105],[138,-73]],[[40624,42730],[-59,207],[35,43]],[[40600,42980],[-34,39],[-108,-4],[-9,52],[-78,5],[-39,107]],[[39882,42446],[-78,-21],[-112,-115],[-93,87],[-191,-16]],[[39408,42381],[-101,-31],[-128,-171],[-45,23]],[[39134,42202],[-133,-17],[-275,-149],[-312,19],[-90,-95],[-38,-149],[-158,-90],[-98,-196],[-99,49],[-143,182],[-272,-25],[-168,175],[-169,37],[-163,127],[-153,1]],[[39719,40948],[210,-49],[24,21],[4,142],[-93,143]],[[39864,41205],[-226,62],[-62,76],[-19,141],[39,41],[54,-8],[20,93],[121,-18],[103,66],[135,-3]],[[40029,41655],[-60,70],[37,44],[-72,47],[41,114],[35,-11]],[[40010,41919],[-53,62],[-9,149]],[[41786,43113],[-126,-4],[-67,-49],[-174,74]],[[41419,43134],[-71,-10],[-50,-141],[-198,-81],[-177,-156],[-323,234]],[[40624,42730],[-1,-121],[93,-217],[108,17],[49,-54],[-22,-74],[134,-27],[-125,-172],[-121,-14],[-28,-44],[43,-105],[-82,-44],[75,-244],[-43,-55]],[[42319,41947],[-81,221],[-118,-7],[-96,37],[-138,122],[877,462],[-13,125],[103,107],[1,72],[57,36],[157,-9]],[[43068,43113],[83,78],[26,195],[-52,279],[48,115],[-30,169]],[[39836,40560],[-22,52],[92,-14],[62,41],[-29,-61],[129,-24],[160,49],[144,-16],[24,-134],[152,-93]],[[40544,41260],[-91,76],[-171,-15],[-107,-70],[-79,90],[-90,20],[-49,-132],[-93,-24]],[[40010,41919],[143,-44],[2,-78],[117,-32],[7,-80]],[[40279,41685],[150,-47],[153,-167]],[[39134,42202],[-58,95],[-96,1],[-66,-42],[-158,42]],[[38756,42298],[-148,86],[-309,69],[-36,58],[87,63],[-146,141],[-118,40],[64,85],[158,18],[-21,92],[73,80]],[[38360,43030],[-159,56]],[[38201,43086],[-257,19],[-118,138],[-423,14],[-159,133]],[[39429,43875],[-1,0]],[[39428,43875],[-95,-109],[-209,-1],[-38,32],[-123,-75],[-147,-19],[-80,-274],[-143,-105]],[[38593,43324],[-90,-72],[37,-178]],[[38540,43074],[41,-191],[164,-143],[-14,-134],[171,-120],[-38,-48],[-133,-41],[25,-99]],[[39408,42381],[-35,59],[-126,3],[37,55],[-22,127],[-274,156],[-17,54]],[[38971,42835],[-72,-70],[-230,156],[62,57],[-26,44],[68,43],[-39,45],[200,-71]],[[38934,43039],[53,178],[94,52],[-102,43],[34,77],[-28,162],[121,87],[126,-23],[156,62],[61,104],[-20,94]],[[38198,43600],[232,-133],[67,7],[96,-150]],[[39428,43875],[38,59],[-79,105]],[[38934,43039],[95,-74],[-58,-130]],[[40103,42977],[-175,127],[-127,29],[8,39],[-186,180]],[[39623,43352],[-138,287],[51,106],[-107,130]],[[88711,14793],[1,-3]],[[88712,14790],[85,-200],[-249,-106],[-98,-157],[-224,-59],[-63,19]],[[88163,14287],[96,-63],[-89,-30]],[[88170,14194],[150,-96],[-96,-54],[8,-121],[50,-34]],[[88282,13889],[449,112],[238,-85],[84,35],[95,122]],[[89148,14073],[-53,28],[-6,79],[95,66],[-81,107],[123,166],[151,29],[201,-101],[74,22],[2,52],[66,19],[-59,4],[38,4]],[[89699,14548],[-402,177],[-586,68]],[[88245,12708],[-138,-86],[-153,47],[-137,-22],[-72,-83],[-79,-23],[-170,60],[-72,-139],[34,-58],[-104,-150],[16,-58],[-613,-465]],[[86904,10317],[-4,-36],[96,-57],[572,-150],[223,-183],[119,13]],[[87910,9904],[134,143],[-61,143],[18,87],[128,-25],[85,57],[-19,133],[184,30],[45,48],[229,57],[229,125],[-138,124],[72,184],[209,37],[211,99],[64,203],[200,177],[-131,88],[16,111],[-62,43],[166,91],[51,167],[264,153],[3,64],[-85,54],[-1,55],[136,50],[9,50]],[[89866,12452],[-174,-2],[-108,229],[227,235]],[[89811,12914],[-168,49]],[[89643,12963],[-219,60],[-110,-45],[-65,32],[-97,-95],[-309,-135],[-190,-15],[-102,-45],[-306,-12]],[[88184,20863],[-105,-46],[-35,-119],[36,-141],[-283,-80],[11,-50],[-83,-97],[-189,-122],[-50,-85],[-77,0]],[[87409,20123],[-17,-109],[-186,-27],[-166,-133],[39,-36],[-104,-25],[39,-7],[-12,-81],[80,-57],[42,-120],[256,-75],[122,-112]],[[87502,19341],[410,104],[48,81],[240,20],[122,-39],[58,183],[127,26],[61,81],[129,18],[110,75]],[[88807,19890],[-35,169],[38,135],[-76,101],[-159,42],[30,56],[-89,101],[-121,18],[-23,146],[-98,71],[-18,112],[-72,22]],[[87906,18419],[217,-104],[-68,-62],[69,-34],[-65,-43],[58,-19],[8,-57],[-71,-66],[52,-32]],[[88106,18002],[162,72],[215,-72],[133,33],[88,-75],[81,67],[-5,119],[123,83]],[[88903,18229],[-98,40],[-285,266],[-152,-4],[-134,58],[-192,3],[-100,80],[-38,-60],[62,-153],[-60,-40]],[[87906,18419],[-125,-85],[-302,69],[-151,-127],[-117,69]],[[87211,18345],[-24,-63],[-71,-3],[-76,-74],[26,-41],[-107,-200],[-200,-167],[-77,-27],[-83,27]],[[86599,17797],[-68,-135],[98,2],[-91,-46],[96,-72],[-111,-24],[89,-35],[-57,-74],[59,-30]],[[86614,17383],[601,11],[177,-91]],[[87392,17303],[292,123],[112,-27]],[[87796,17399],[-26,112],[100,45],[50,-17],[-13,42],[53,6],[-56,26],[76,48],[-19,64],[101,35],[-28,34],[-61,-15],[44,54],[-31,26],[48,97],[91,10],[-19,36]],[[85884,19212],[-13,-71],[57,-72],[-192,-176],[-36,-202]],[[85700,18691],[157,-79],[-20,-33],[45,-26],[91,9],[96,-78],[109,44],[60,-90],[86,14],[-34,-51],[114,-5],[-37,-53],[80,-11],[-99,-6],[2,-28],[175,8],[-15,-109]],[[86510,18197],[19,31],[76,-6],[260,195],[122,22]],[[86987,18439],[-138,195],[78,251]],[[86927,18885],[-218,88],[-204,15],[-81,88],[-53,-31],[-124,10],[-165,63],[-52,93],[-146,1]],[[85286,24322],[75,-73],[-62,-54],[-102,17],[-95,-40],[-374,-289],[-190,-13],[-162,-130],[-84,-23],[118,-111],[-156,-259],[-421,-70]],[[85525,22548],[111,9],[382,230],[296,-99],[191,44],[54,96],[214,-25]],[[86773,22803],[65,60],[-31,179],[-78,117],[18,164],[89,25],[283,-55],[197,4]],[[87316,23297],[-14,119],[-118,42],[9,102],[-90,14],[-45,101],[43,48],[-48,62],[-212,30],[-33,198]],[[86808,24013],[-313,54],[41,99],[-82,88],[-122,31],[-124,-46],[-109,22]],[[86099,24261],[-100,1],[-41,-39],[-113,98],[-112,34],[-126,-88],[-204,59],[-117,-4]],[[87723,23444],[-132,-60],[-63,-159],[-93,7],[-119,65]],[[86773,22803],[104,-167],[112,-70],[101,1],[-8,-218],[35,-51],[104,2],[-20,-52],[56,-34]],[[87257,22214],[82,-24],[51,-98],[114,-24],[75,11],[43,153],[88,62],[116,-93],[129,-40]],[[87955,22161],[39,193],[423,291]],[[88417,22645],[-152,80],[301,151],[-133,189],[-106,46]],[[88327,23111],[-37,-18],[-157,73],[-134,171],[-87,23],[-6,57],[-183,27]],[[86221,27191],[26,-21],[74,60],[137,-24],[97,-102],[218,-118],[111,35],[210,-23],[44,-23],[2,-101],[219,6],[250,-182],[34,-95],[90,-2],[56,-93],[-223,-43],[-184,-160],[-164,-10],[-113,-68],[-136,-12],[-46,-42],[-155,-35],[-107,-199],[-162,-72],[-59,-79],[71,-296],[-38,-107],[-192,-105]],[[86281,25280],[29,-76],[-91,-53],[-1,-48],[-88,-32],[-25,-151],[-114,-33],[84,-50],[-62,-53],[78,-174],[-192,-138],[184,-142],[16,-69]],[[86808,24013],[175,18],[-7,244],[89,-5],[31,70],[121,3],[-230,219],[54,231],[157,154],[38,110],[197,28],[195,-48],[166,232],[150,53],[93,-23],[135,104],[125,16],[52,62],[155,-26],[306,190],[25,120],[174,35]],[[89009,25800],[41,8],[88,184],[-85,82],[115,195],[-295,214],[-137,284],[-141,66],[-53,138],[61,175],[-143,250],[51,186],[178,141],[-281,142],[106,257]],[[88514,28122],[-2320,474]],[[46738,43154],[-157,-224],[-261,-57],[37,-39]],[[46357,42834],[67,-157],[194,-104],[97,-110],[27,-111],[-36,-62],[73,-165],[-135,-142],[11,-94],[-92,-159],[-79,-39],[50,-105],[-138,-88]],[[46883,40880],[181,80],[63,118],[-4,45],[-52,6],[110,103],[80,-5],[86,-97],[129,-47]],[[47476,41083],[48,75],[-102,61],[-143,200],[135,133],[-74,138],[-86,19],[-33,68],[217,176],[135,44],[87,110],[-5,101],[-73,43],[-59,196]],[[47523,42447],[-165,48],[-33,96],[-135,25],[-69,125],[-110,28],[32,168],[-54,111],[-251,106]],[[4127,71695],[-132,28],[-56,-54],[-59,-119],[12,-91],[-112,-153]],[[3780,71306],[25,-95],[187,-35],[374,-158],[384,-62],[47,-68],[241,-93],[-82,-105]],[[4956,70690],[394,-14],[6,63]],[[5356,70739],[-106,63],[29,35],[-148,31],[6,106],[-96,26],[15,58],[-67,58],[66,16],[-96,70]],[[4959,71202],[-12,62],[-59,15],[-132,-64],[-179,72],[-293,408],[-157,0]],[[7270,74541],[198,-288],[204,-96],[-38,-35],[103,-81]],[[7737,74041],[144,-54],[31,-53],[-66,-55],[71,-47],[95,108],[165,35],[61,109],[-93,209],[245,52],[344,133],[186,158],[229,-267],[-109,2],[-79,-51],[48,-61],[-70,-110],[64,-49],[90,-3],[148,63],[119,119],[223,-73],[144,47]],[[9727,74253],[6,50],[115,64],[377,48],[98,131],[74,29]],[[10397,74575],[3,103],[-215,109],[-487,-39],[-111,-81],[-74,21],[-151,175],[-94,205]],[[9268,75068],[-256,5],[-121,-39],[-159,82]],[[8732,75116],[-43,35],[-184,21],[-683,-234],[-94,-165],[-314,-47],[-97,-183],[-47,-2]],[[7737,74041],[-113,-47],[-152,12],[-39,-46],[-137,-21],[-128,-101],[-182,20],[-92,-37],[-171,37],[-104,-29],[-140,42],[-119,-15],[-185,-112],[-71,-90],[12,-67],[-150,-49],[-10,-82],[-174,-34],[-79,-67],[-195,-311]],[[5508,73044],[216,-1]],[[5724,73043],[157,52],[57,-82],[106,70],[70,-60],[9,-94],[383,-22],[9,96],[643,-411],[-98,-145],[-102,-330],[381,-15],[349,40]],[[7688,72142],[123,16],[21,84],[165,141],[151,38],[66,112],[259,-4],[252,86],[8,123],[-100,44],[11,66],[-82,38],[-127,0],[243,77],[134,-26],[56,-49],[141,93],[80,-9],[138,176],[335,126],[45,111]],[[9607,73385],[-9,62],[-81,52],[204,158],[21,108],[-84,41],[10,74],[-95,92],[234,58],[62,95]],[[9869,74125],[-142,128]],[[2690,73526],[-21,-33],[48,-28],[-64,-56],[-158,22]],[[2495,73431],[-55,-76]],[[2440,73355],[16,-36]],[[2537,71636],[284,-47],[260,19],[248,-132],[369,-102]],[[3698,71374],[89,1024],[-21,779],[182,62],[-5,191]],[[3943,73430],[-77,14]],[[3866,73444],[-113,-42],[-41,73],[-525,14]],[[3187,73489],[-112,-52],[-37,72],[-131,47],[-41,-114],[-83,82],[-93,2]],[[2839,74153],[-67,-8]],[[2772,74145],[-114,-286],[137,-108],[-94,19],[-88,-48],[65,-48],[-23,-119],[35,-29]],[[3187,73489],[-108,57],[-1,86],[-66,-13],[-58,35],[106,92],[67,226],[-288,181]],[[6459,74703],[-156,-146],[-104,-41],[13,-87],[-145,-203],[-19,-118],[-154,-6],[-125,-124],[-97,19],[-36,-162],[-48,-12],[25,-55],[-146,-9],[-71,-96],[-96,-19]],[[5300,73644],[-109,33],[-71,-17],[13,-100],[-131,-70]],[[5002,73490],[-103,-22],[-158,66],[-78,-77]],[[4663,73457],[311,-332],[-20,-314]],[[4954,72811],[342,-33],[92,246],[120,20]],[[7270,74541],[-67,-96],[-85,-38],[-111,38],[49,157],[-274,70],[-93,-20],[-129,81],[-101,-30]],[[5213,73468],[-118,20]],[[5095,73488],[76,72],[42,-92]],[[6634,77914],[-280,-119],[-31,-89],[-49,-3],[-60,-105],[-145,-110],[-19,-85],[-98,-30],[-25,-73],[-79,-19],[-26,-84],[-112,20],[-54,-80],[-92,-36],[-176,13],[-168,79]],[[5220,77193],[-258,149],[-121,-31]],[[4841,77311],[-96,-50],[23,-76],[78,-36],[-52,-34],[39,-107],[-428,-406],[352,-187],[138,35],[11,-60],[-141,-107],[20,-138],[-92,-61],[4,-58],[72,-38],[29,-131],[125,-91],[164,-11],[121,-125],[98,-32],[-29,-66],[-150,-12],[-39,-40],[184,-48],[44,-57],[174,20],[-86,-255],[111,-191]],[[5515,74949],[597,11],[35,-54],[198,-32],[114,-171]],[[8732,75116],[156,118],[-53,154],[-54,-1],[-65,74],[-5,97],[90,46],[-13,118],[-85,46],[102,70],[-118,49],[9,45],[-77,49],[-45,8],[3,-42],[-182,77],[-64,-52],[-91,70],[-48,-40]],[[8192,76002],[-363,-187],[-205,-69],[-147,18],[-71,-51],[-215,142],[-22,-37],[-233,105],[27,49],[-51,43],[-14,127],[62,76],[-62,35],[64,106],[84,36],[91,165],[259,192],[186,75],[0,67],[454,351],[-28,40],[-128,-89],[-82,34],[-102,-68],[-119,128],[-114,-54],[-48,26],[-165,-88],[-172,123],[-144,-72],[18,481],[-158,-37],[26,66],[-186,179]],[[3091,77395],[-5,-62],[65,-9],[39,-100],[118,-82]],[[3308,77142],[-143,-119],[-82,-232],[19,-55],[94,-50]],[[3196,76686],[62,-54],[78,55],[102,-61],[198,13],[-12,-103],[-91,-84],[25,-76],[211,-106],[173,-2],[-34,-66],[-144,-68],[44,-74],[-102,-73],[64,-111],[-172,-47],[-13,-139],[-360,-164],[-1,-133],[50,-42],[80,10],[76,-135],[61,-25],[-22,-66],[-130,-49],[-69,-78],[-179,-16],[13,-28]],[[3104,74964],[302,-276],[189,-80],[192,-327]],[[3787,74281],[116,-134],[-43,-52],[42,-148],[-30,-123],[141,-67],[-19,-118],[-128,-195]],[[3943,73430],[84,105],[105,-6],[41,-50],[119,49],[371,-71]],[[5002,73490],[-48,63],[47,89],[-49,115],[10,152],[71,123],[112,25]],[[5145,74057],[-37,94],[41,174],[201,149],[128,165],[14,70],[-78,100],[101,140]],[[4841,77311],[-162,85],[-76,-35],[-31,38],[-172,17],[-93,-34],[-169,25],[-313,-69]],[[3825,77338],[-311,-23],[-348,131],[-75,-51]],[[5145,74057],[88,-147],[-84,-95],[63,-3],[-4,-66],[92,-102]],[[3196,76686],[-238,-87],[25,-38],[-154,-70],[-129,-16],[-106,-157],[-326,-60]],[[2268,76258],[-826,-92],[-65,-109],[-178,-142],[-187,-20],[-145,-131],[-197,-24],[-239,-131],[-191,48]],[[240,75657],[136,-181],[48,-224],[-90,-23],[-58,-113]],[[276,75116],[190,-86],[794,74],[133,-82],[362,90],[105,-80],[188,-69],[81,-86],[-10,-68],[289,-49],[57,31],[101,-61],[104,42],[91,-55],[71,5],[59,72],[124,49],[-40,73],[129,48]],[[276,75116],[-124,-355],[-68,-48],[-77,1],[-7,-74],[928,-731]],[[928,73909],[1321,170]],[[2249,74079],[523,66]],[[2839,74153],[948,128]],[[536,76687],[84,-217],[-24,-259],[-166,-280],[-211,-70],[16,-73],[-52,-40],[57,-91]],[[2268,76258],[-1732,429]],[[9750,68565],[-629,243],[-280,157],[-278,64],[-83,86],[-322,92],[-224,-13],[-1673,428]],[[6261,69622],[-720,14],[-1190,354],[65,116]],[[4416,70106],[-205,-30],[48,77],[-22,111]],[[4237,70264],[-35,57],[-104,16],[-114,-86],[-39,-89],[-429,-247]],[[3516,69915],[216,-422],[39,-210],[-76,-447],[-250,-351],[-240,-148],[-254,-51],[-276,44],[-23,29],[-90,-17],[-79,44],[-82,-11],[-349,241],[-122,-33],[-14,-131],[-96,-122],[-74,-35],[-131,8],[-39,-117],[-165,-137],[37,-107],[-33,-401],[93,-169],[155,-144],[47,-120],[157,-110],[1555,-662],[873,-523],[1236,-399]],[[5531,65414],[0,1]],[[5531,65415],[1167,1417],[432,463],[286,172],[308,6],[167,-59],[6,65],[-176,87],[99,39],[54,115],[337,159],[919,223],[372,-62],[29,104],[111,26],[419,307],[-311,88]],[[24261,57144],[75,27],[206,-111],[22,40],[213,-256]],[[27054,57481],[-109,-192],[-252,-196],[-148,-49],[-172,4]],[[28860,58216],[-56,17],[-12,51],[52,70],[-30,133],[-175,139],[-26,118]],[[23895,55390],[262,199],[-53,70],[65,142],[145,64],[401,-6],[193,79],[75,-6]],[[49294,20652],[-81,-61],[82,-121],[-26,-36],[-94,-82],[-169,-21],[-125,-89],[-77,-189]],[[51597,20398],[-559,39],[-197,176],[69,114],[-71,54]],[[50839,20781],[-146,-7],[-84,-103],[-262,-83],[-97,-141],[-151,23],[-143,-52],[-109,31],[-172,-24],[-169,-91],[-77,83],[-23,205],[-112,30]],[[46443,18282],[65,-129],[74,-13],[81,-77],[34,-136],[114,-69],[84,-195],[101,-64],[6,-134],[100,70],[77,-47],[-11,-54],[105,66],[163,-23],[323,-97],[341,-195],[120,-160],[-52,-127],[-323,29],[119,-22],[154,-167],[80,6],[32,-45],[150,9],[211,-86],[137,-155],[-39,-112],[-229,5],[-66,-74],[258,-52],[22,-81],[110,-5],[34,-73],[144,7],[179,-62],[-1,-34],[140,-3],[85,-63],[-18,-40]],[[51068,17459],[332,87],[401,217]],[[51801,17763],[744,247],[18,300]],[[52563,18310],[-168,-16],[-289,73],[-221,-71],[-695,21],[-1274,-35]],[[52563,18310],[154,113],[-104,38],[-204,219],[175,129],[-7,78],[-79,74]],[[48823,21488],[-48,-111],[-65,-27],[-12,-90],[-151,-128],[56,-77],[-384,-241],[-51,-114]],[[48168,20700],[113,88],[179,-45],[258,50],[117,-55],[218,100],[113,-18],[65,57]],[[49231,20877],[-21,177],[-46,42]],[[48168,20700],[-71,-13],[-85,33]],[[49294,20652],[-6,96],[104,71],[4,54],[-118,-20],[-47,24]],[[33171,51378],[142,-37],[25,-64],[-60,-47],[56,-16]],[[33334,51214],[86,5],[206,-106],[239,-49],[17,-46]],[[34517,48075],[-16,-71],[-157,-17]],[[34344,47987],[-120,-87],[16,-72],[-56,-60],[-158,-59],[-109,7],[-142,-106],[-2,-116],[186,-277]],[[36296,47811],[-123,90]],[[36173,47901],[-58,94],[-238,127],[-23,70]],[[36058,50074],[103,-67]],[[36161,50007],[185,73],[356,40],[84,80],[106,32],[75,107]],[[36122,49186],[-126,-128]],[[35866,48487],[-35,-167]],[[35831,48320],[306,-27],[0,89],[168,61],[15,51],[162,103]],[[35831,48320],[0,-4]],[[36173,47901],[370,118],[121,-21],[167,50],[403,8]],[[37680,48114],[9,72],[-113,156],[26,92],[-65,82],[-314,-17]],[[36161,50007],[80,-84],[68,-259],[-112,-93],[0,-63]],[[36810,49572],[316,83],[291,-1],[178,48],[53,-46],[133,36],[-35,159],[64,100]],[[34747,48975],[-96,-128]],[[34651,48847],[54,-110]],[[34860,49051],[-65,-5],[-48,-71]],[[42899,51037],[-291,-94],[-99,57],[-99,-68],[-165,-18],[-28,-68],[-89,-12],[35,-122],[-49,-62],[-112,-30],[-284,10],[-135,71],[-177,28],[-40,96],[-62,-16],[-27,96]],[[41476,50342],[18,-65],[189,2],[203,-74]],[[33091,54122],[-377,-212],[-166,-36],[-485,97],[-147,-209],[-274,-133]],[[33674,53556],[-251,145],[92,109],[-14,53],[-66,28],[-87,-33],[-59,46],[-246,-4],[-20,28],[90,116],[-22,78]],[[36655,45669],[-75,-110],[-163,-161]],[[37449,45651],[-130,-24],[-34,-64],[-143,-38],[-44,-59],[-172,40],[-101,-57],[-135,10],[-35,210]],[[36355,46158],[-106,-74],[27,-48],[-49,-76],[-116,-56],[-89,26],[-53,-74],[-86,-18],[52,-205],[-133,-59],[-121,17],[-146,-48]],[[36655,45669],[26,30],[-41,38],[41,30],[68,-11],[90,60],[126,13],[-23,66],[78,82]],[[37020,45977],[74,67]],[[37094,46044],[-190,-4],[-69,55],[143,154]],[[36978,46249],[-61,57],[-115,10],[-117,-83],[-14,-113]],[[37508,45746],[-29,43],[56,37]],[[37535,45826],[-15,96],[-108,-19],[-201,99],[-191,-25]],[[4454,70215],[-38,-109]],[[6261,69622],[-142,596],[-118,30]],[[6001,70248],[-268,42],[-344,-43]],[[5389,70247],[-446,54],[-489,-86]],[[88282,13889],[-37,-62],[76,-124],[-40,-176],[-189,-90],[-11,-61],[-109,-23],[-54,-132],[150,-91],[21,-176]],[[88089,12954],[53,-72],[-28,-79],[131,-95]],[[89643,12963],[-41,110],[104,110],[-7,118],[303,21],[0,174]],[[90002,13496],[-15,34],[-236,63],[-92,61],[-247,-73],[-62,57],[-96,15],[-26,115],[234,58],[-131,162],[-90,-21],[-93,106]],[[87768,14877],[-13,-86],[-325,-181]],[[87430,14610],[240,-111],[-10,-72],[82,-24]],[[87742,14403],[62,75],[47,-21],[-54,-61],[90,-64],[301,77],[-17,-54],[-90,18],[127,-62],[-45,-24]],[[88712,14790],[-313,27],[-177,-176],[-18,69],[-96,21],[26,30],[-86,31],[12,41],[-54,38],[-83,-9],[-55,56],[-83,12],[-17,-53]],[[87796,17399],[83,-220],[373,-57],[130,22],[105,-45]],[[88487,17099],[57,65]],[[88544,17164],[152,129]],[[88696,17293],[-240,89],[-13,108],[198,10],[39,50],[309,142],[114,-41],[-40,-45],[97,-99],[6,-71],[54,-3],[-54,72],[78,3],[-36,-27],[241,-103]],[[89449,17378],[-210,398],[54,102],[-17,113],[90,61],[0,92],[59,53],[98,6],[103,-40]],[[89626,18163],[43,150],[-36,27],[70,153],[-142,111]],[[89561,18604],[-143,22],[-153,-174],[-122,-5],[-119,-68],[-20,-85],[-101,-65]],[[93524,10114],[-6,-57],[-108,-94],[25,-155],[-111,-58],[81,-127],[9,-198],[-85,-67],[-25,-128],[-177,32],[-144,-88],[44,-151]],[[93027,9023],[136,-108],[61,-144]],[[93224,8771],[88,12],[107,-71],[115,8],[146,57],[152,-3],[323,127]],[[94155,8901],[112,77],[156,-20],[138,159],[401,-137],[116,-106],[86,28],[11,143],[-140,232],[-110,9],[-68,45],[49,76],[-112,87],[7,135],[-79,92]],[[94722,9721],[34,50],[143,34],[48,66],[71,231],[-47,265]],[[94971,10367],[-236,-43],[-60,-65],[-52,106],[-244,62]],[[94379,10427],[-190,3],[-204,-257],[-461,-59]],[[94435,15660],[32,-70],[-40,-32],[71,-51],[-100,-16],[10,82],[-85,-18],[37,34],[-73,78],[18,-52],[-121,-58],[2,-36],[125,-41],[121,-30],[13,-44],[202,-45],[80,65],[98,114],[-35,69],[101,34],[-88,73]],[[94803,15716],[-353,185]],[[90241,21388],[-39,-240],[-433,-73],[-35,-68],[-160,-59],[-39,-55],[-53,6],[-202,-192]],[[89280,20707],[191,-135],[426,82],[155,-60],[103,75],[111,-64],[-22,-44],[96,-92],[97,94],[80,-147],[-39,-43],[23,-147],[66,-48],[-16,-119],[-63,-47],[177,-285],[-142,-122],[-32,-92],[68,-68],[-404,-203],[-26,-45],[51,-89],[-110,-74],[-83,16],[-127,107],[-105,-46],[-142,-4],[-5,-48],[-145,-67]],[[89463,18992],[89,-76],[5,-107],[85,-103]],[[89642,18706],[349,-135],[76,-107],[111,-22],[69,-84],[321,-101]],[[90568,18257],[120,58],[46,83],[92,-29],[136,45],[-41,71],[28,42],[140,20],[60,-28]],[[91149,18519],[90,127],[-133,104],[148,32],[244,189],[-41,153],[-101,23],[44,148]],[[91400,19295],[-25,149],[42,61],[-48,32],[30,59],[-55,128],[35,63],[-97,92],[118,72],[-56,77],[37,81],[-93,57],[89,226],[123,56],[133,10],[73,81],[-89,-9],[-79,83],[56,41],[60,324]],[[91654,20978],[-131,4],[-35,86],[-198,80],[9,26],[-78,5],[-27,103],[-67,28],[-138,12],[-8,-56],[-112,-15],[-52,58],[-419,22],[-157,57]],[[91400,19295],[97,-10],[189,48],[0,139],[104,108],[-20,40],[-90,17],[33,84],[81,40],[-50,38],[75,146],[186,-59],[15,-68],[133,-47],[-13,-106],[155,10],[58,41],[146,-28],[112,-84],[77,73],[-163,160],[99,17],[253,-145],[104,-113],[100,-38],[66,23],[78,-45]],[[93225,19536],[137,58],[118,-52],[125,2],[112,-88],[90,-251],[176,-64],[17,-51],[76,160],[395,132]],[[94471,19382],[404,196],[250,-21],[244,55],[90,75],[29,37],[-82,111],[-152,103],[20,41],[-50,45],[37,47]],[[95261,20071],[-155,77],[-95,107],[-70,-3],[-110,-75],[-317,178]],[[94514,20355],[-191,72],[-343,-55],[-80,41],[-146,7],[-18,77]],[[93736,20497],[-124,56],[-238,-30],[-105,-82],[-65,33],[-81,-11],[-41,-43],[-71,1],[-79,-85],[-260,-2],[-250,-189],[-72,38],[-102,159],[-170,93],[-19,323],[-56,102],[-54,46],[-138,26]],[[91811,20932],[-157,46]],[[91149,18519],[125,-45],[-5,-43],[108,-102],[119,-18]],[[91496,18311],[45,74],[-33,45],[134,119],[57,-21],[366,81],[176,-65],[116,30],[-8,84],[65,32],[37,85],[330,-16],[62,-49],[145,-26]],[[92988,18684],[190,291],[-94,99],[-1,82],[238,222],[-96,158]],[[28271,70685],[20,-90],[77,-66],[715,-477],[-135,-269],[59,-111],[215,-205],[-25,-69],[55,-72],[296,-169],[-34,-63],[123,-50],[-30,-30],[59,-9],[26,43],[97,-31],[71,56],[80,-13],[-1,64],[64,-29],[135,65],[-62,43],[52,26],[130,0],[55,-40]],[[30313,69189],[58,24],[98,-42],[35,27],[123,-58],[30,45],[81,-20],[2,34],[73,8],[149,-117],[-27,-23],[44,-38],[85,-16],[12,40],[62,-8],[-21,-48],[71,26],[30,-58],[-60,-3],[47,-15],[103,29],[-6,-76],[74,17],[86,-157],[62,31],[140,-73],[-3,68],[64,-51],[64,46],[35,-22],[-49,-38],[70,4],[48,-58]],[[31893,68667],[45,42],[-18,-62],[117,9],[-39,-21],[74,-54],[-60,-37],[92,-18],[13,31],[-2,-46],[51,0],[28,-150],[-71,14],[18,-71],[53,8],[-2,-47],[54,-10],[-43,-19],[65,-23],[-29,-75],[-45,0],[10,-54],[114,-22],[-45,-1]],[[32273,68061],[55,-62],[44,19],[97,-67],[-49,-68],[107,-23],[46,-51],[-24,-37],[108,22],[52,-18],[0,-41],[90,42],[38,-24],[37,44],[66,-24],[-6,40],[36,-44]],[[32970,67769],[57,24]],[[33027,67793],[41,-4],[10,55],[70,-40],[24,58],[39,-63],[21,56],[62,-48],[157,6],[17,-33],[28,50],[52,-51],[47,22],[117,-35],[40,25],[-18,-41],[50,-29],[-2,50],[52,-9],[4,-58],[45,68],[65,-8],[100,-52],[18,-54],[66,-7],[-81,-37],[44,-58],[-74,-19],[34,-36],[-60,-19],[26,-82],[-82,-71]],[[33939,67329],[12,-89],[-151,-73],[-93,1]],[[33707,67168],[230,-79],[101,-94],[379,-102],[187,72],[108,-43],[157,5],[178,-97],[45,36],[50,70]],[[35142,66936],[-81,67],[145,73],[19,96],[113,99],[234,-6],[59,47],[46,-27],[152,30],[204,76],[52,64]],[[36085,67455],[69,128],[-9,114],[-141,41],[-103,251],[-340,233],[14,129],[-58,90],[79,56],[-103,165],[38,109],[-154,81],[-140,15],[-258,-35]],[[34979,68832],[-315,189],[-303,69],[-179,174],[-145,-20],[-153,42]],[[33884,69286],[-179,3],[-48,-28],[-234,73],[-89,-8],[-54,43],[-134,-17],[-81,38],[-42,102],[-153,4],[-133,-92],[-102,44],[-83,-6],[-235,213],[-70,-38],[-69,17],[-128,-80],[-111,70],[-451,-16],[-69,88],[-151,42],[-54,72],[-256,-40],[-50,-84],[-169,37],[-42,-51],[-186,42],[-9,89],[-85,74],[-137,-42],[-136,54],[20,61],[103,66],[-4,53],[-64,24],[-140,272],[-315,218],[-169,-187],[-121,-24],[-96,85],[-418,131],[-94,86],[-190,-12]],[[32916,67231],[93,-97]],[[33009,67134],[387,19],[263,-58]],[[33659,67095],[-8,52],[56,21]],[[33939,67329],[-110,18],[-25,93],[-159,163],[-607,51]],[[33038,67654],[-42,-16],[42,-43],[-68,-28],[72,1],[-45,-62],[27,-44],[-46,17],[-18,-82],[-54,0],[50,-29],[-25,-22],[49,2],[-40,-15],[28,-95],[-52,-7]],[[33009,67134],[-12,-29],[-45,28],[-4,-71],[66,-55],[33,39],[21,-79],[-71,8],[17,-66]],[[33014,66909],[-22,-53],[44,-35],[47,31],[-4,-60],[54,-16]],[[33133,66776],[330,-8],[130,54],[86,-29]],[[33679,66793],[77,101],[-50,22],[7,58],[56,0],[-16,119],[-94,2]],[[33679,66793],[29,-94],[84,33],[138,-6],[36,-78],[158,-46],[224,-316],[125,-21],[48,-173],[-45,-149],[35,-28]],[[34511,65915],[75,-23],[242,19],[102,-36],[123,100],[142,26],[253,-112]],[[35448,65889],[155,222],[-27,231]],[[35576,66342],[-80,10],[-17,52],[23,121],[-66,88],[-11,236],[-76,53],[-207,34]],[[33133,66776],[-34,-29],[70,-23],[0,-41],[-56,-39],[89,-85],[-68,-149],[31,-75],[-226,-34],[-71,-85],[-124,-45],[-154,0]],[[32990,65529],[142,-128],[12,-79],[92,-56],[142,64],[251,-110],[109,-13],[64,40],[297,-58],[122,31],[72,110],[78,23],[98,-78],[53,2]],[[34522,65277],[142,70],[-76,164],[-219,174],[142,230]],[[33027,67793],[-17,-77],[42,-17],[-76,-32],[62,-13]],[[33947,63550],[-109,-92],[90,-199],[-27,-87],[139,-116],[23,-114],[-37,-60],[71,-30],[-3,-85],[133,-241],[177,-190],[59,-267],[63,-64],[324,-28],[65,-45]],[[34915,61932],[52,73],[160,80],[5,69],[66,36],[274,3],[86,65],[287,62],[120,-19],[-5,-44],[48,12],[16,-93],[-55,-47],[67,-1],[18,61],[83,-62]],[[36137,62127],[217,24],[30,27],[-42,49],[116,32],[16,69],[188,113]],[[36662,62441],[-221,225]],[[36441,62666],[-197,343]],[[36244,63009],[-86,-165],[-133,-76],[-85,43],[-286,-24],[-373,92],[-164,-20],[-266,43],[-681,413],[-223,235]],[[31884,65594],[34,-187],[55,-62]],[[31973,65345],[91,14],[95,-32],[241,-171],[176,-2],[7,-64],[101,-29],[66,-70],[25,-120],[111,-82],[13,-80],[279,-40],[193,-161]],[[33371,64508],[315,-160],[93,9],[-22,-153],[-118,-40],[-87,-194],[105,-42],[40,-119],[123,-53],[127,-206]],[[36244,63009],[-2,54]],[[36225,63130],[-258,187],[-132,152],[41,151]],[[35876,63620],[-34,61],[-86,231],[-124,107],[-233,429]],[[35399,64448],[-253,233],[-31,74],[-109,68],[-236,49],[-185,176],[-63,229]],[[35448,65889],[-70,-446],[97,-119],[405,-162],[380,-7],[139,-44],[119,11],[15,56]],[[36533,65178],[-155,332],[54,121],[50,4],[-26,52],[-137,77],[-50,125],[-117,53],[-134,-10],[219,193],[-14,93],[74,124],[-64,136],[35,92]],[[36268,66570],[-404,-132],[-77,-74],[-211,-22]],[[41599,66889],[-261,-31],[-454,-213]],[[40884,66645],[150,-152],[-158,-171],[-219,-137],[-41,-236],[34,-94],[206,-141],[18,-114],[-131,-138],[-162,-350]],[[40581,65112],[30,-176],[-134,-83],[117,-42],[-39,-27],[33,-60],[176,-43]],[[42776,65073],[-34,101]],[[42694,66677],[-125,51],[-211,183],[-367,15],[-61,63],[-108,-66],[-223,-34]],[[38879,67699],[-92,-47],[-101,-183],[-75,-51],[-440,-50],[-221,59],[-144,-53],[-100,2]],[[37706,67376],[19,-101],[79,-80],[-27,-218],[65,-237],[74,-48],[8,-143],[118,-124],[801,-514],[203,-309],[104,-69]],[[39150,65533],[78,60],[307,-137]],[[39535,65456],[372,-339],[181,-28],[115,67],[138,-43],[240,-1]],[[40884,66645],[-797,112],[-300,122],[-145,23],[-129,107],[36,142],[-148,65],[-306,373],[-216,110]],[[38073,64812],[-3,-41],[-108,-57],[256,-86],[21,-351],[207,-57],[3,-60],[-231,-123],[-399,-7]],[[37901,63662],[340,-9],[195,80]],[[38436,63733],[227,89],[155,153],[270,94],[-218,101],[-81,97],[-111,51],[57,60]],[[38735,64378],[-168,113],[-165,56],[35,81]],[[38437,64628],[-124,39],[-51,79],[-104,39]],[[38158,64785],[-85,27]],[[36533,65178],[112,-58],[110,-224]],[[36755,64896],[97,-112],[17,-150],[110,-27],[10,-39]],[[36989,64568],[-52,-44],[45,-65],[210,-133]],[[37192,64326],[149,38],[115,136],[143,88],[-30,112],[63,56],[-159,173],[-6,116]],[[37467,65045],[-185,134],[59,30],[-39,49],[42,87]],[[37344,65345],[-186,56],[-105,97],[0,115],[-138,157],[-58,6],[28,45],[-81,75],[-88,237],[-268,196],[22,34],[-91,50],[-111,157]],[[37192,64326],[133,-108]],[[38073,64812],[-16,8]],[[38057,64820],[-114,10],[-277,159],[-199,56]],[[35293,61611],[-156,-54],[-83,-89],[-174,46]],[[34880,61514],[26,-247],[56,-43],[5,-76],[48,-13],[-34,-84],[196,-138],[68,-10],[87,-127],[-17,-41],[73,-34],[33,-73],[81,-41],[67,37],[208,14],[-38,-77],[69,5],[97,-89],[236,-99],[134,-140],[-129,-57]],[[36146,60181],[79,-43],[157,5],[68,-87],[-442,-186],[-129,-309]],[[35879,59561],[107,-107],[72,-14],[15,-51],[237,64],[-21,80],[44,-4],[42,94],[105,47],[371,-35]],[[36851,59635],[-75,165],[102,38],[-113,209],[-93,84],[-42,122],[-99,32],[-166,161],[4,94],[-202,163],[59,126],[128,86],[11,115],[153,46],[229,215]],[[36747,61291],[10,72],[-100,136]],[[36657,61499],[-130,-68],[-154,15],[-325,-176],[-158,6],[-49,-49],[11,-131],[-139,-66],[-84,10],[-252,395],[-84,176]],[[35879,59561],[-149,-53],[-8,-41],[-115,-22],[-111,-112],[-101,43],[-282,-99],[-94,-12],[-79,35],[-216,-41],[-292,101],[-182,-256],[-125,-39],[-349,26],[285,-222],[-95,-170],[190,-88],[26,-46],[-24,-213],[-342,-404],[185,-283],[99,-64]],[[34100,57601],[513,-158],[320,-173],[38,-76],[142,-55],[55,-87],[118,26],[3,-34],[190,-11],[79,-67],[164,-8],[268,112],[15,42],[40,-10],[78,102],[170,-3],[73,73],[-61,53],[-39,142],[-93,27],[-36,88],[61,51],[-117,-19],[-97,76],[55,63],[-109,-12],[36,69],[126,11],[-154,90],[9,57],[123,35],[112,-56],[162,28],[227,-15],[283,60],[188,217],[113,-29],[166,11]],[[37321,58221],[47,45],[114,12],[91,113],[-18,190],[-93,73],[66,161],[-22,125]],[[37506,58940],[-128,347],[-205,129],[-188,186],[-134,33]],[[31973,65345],[19,-119],[-194,-99],[-64,-159],[-158,-75],[-50,-109]],[[29203,64100],[-194,-93],[-90,-165],[-203,-95],[-107,3],[-110,97],[-193,63]],[[29958,58411],[153,-16],[16,-104],[92,-54],[242,64],[51,-31],[-4,-60],[-180,-39],[9,-114],[-104,-102],[-250,-101],[20,-66],[147,-10],[77,-84]],[[30227,57694],[144,-100],[282,-52],[89,-153],[-54,-47],[218,-274],[76,12],[191,-58],[12,-61],[-119,-149],[25,-85],[-85,-43],[-68,-134]],[[30938,56550],[251,-198],[-83,-130]],[[31106,56222],[99,-52],[186,57],[332,-12],[31,-35]],[[31754,56180],[174,78],[167,2],[69,111],[153,89],[519,-54],[124,-56],[315,37],[330,-78]],[[33605,56309],[-45,257],[-225,224],[117,201],[-46,90],[24,135],[115,139],[175,56],[41,67],[222,106],[117,17]],[[36146,60181],[-156,128],[-129,22],[10,-91],[-214,-70],[-15,-66],[-148,-94],[-433,80],[-86,93],[-337,170],[-184,212],[-122,29],[-191,268],[-101,5],[-116,97],[-71,-41],[-172,91],[-94,-6],[34,116],[-50,68],[-58,-9],[30,-88],[-34,-43],[-115,4],[-103,143],[-92,7],[-81,213],[-99,49],[-7,62],[67,59],[-95,44],[-189,7],[-44,161],[63,32],[20,72],[-110,86],[-73,172],[-9,252],[-184,207],[128,139],[-26,148],[-164,106],[-5,76],[-86,41],[-110,380],[39,50],[117,-4],[82,184],[523,163],[-40,302],[87,59],[245,45],[123,197]],[[34880,61514],[39,105],[-29,70],[67,41],[5,86],[-76,73],[29,43]],[[37506,58940],[135,49]],[[37641,58989],[37,321],[-95,151],[53,108],[-86,148],[33,105],[-78,60],[77,115],[-8,150],[-43,36],[96,161],[-93,126],[-107,54],[6,51],[-82,8],[-57,75],[-86,-13],[-94,74],[80,130],[-169,259],[17,62],[-284,116]],[[36758,61286],[-11,5]],[[38320,62770],[-3,2]],[[38317,62772],[-292,-182],[-45,-89],[-189,-43],[-88,-81],[49,-59]],[[37752,62318],[19,-32],[-43,0]],[[37728,62286],[73,-41],[79,10],[-12,-60],[70,-8],[-33,-71],[164,33],[60,-137],[67,44],[41,-46],[29,48],[50,-65],[44,36],[31,-23],[-19,-75],[78,-22],[27,43],[74,0],[138,-41]],[[38689,61911],[41,67]],[[38730,61978],[-272,152],[-37,92],[-102,36],[-27,109],[170,-8]],[[38462,62359],[-58,132],[6,163],[-90,116]],[[40490,62735],[-115,-37],[-553,21],[-208,-40],[-83,-61]],[[39531,62618],[108,-1],[193,-145],[48,-143],[-73,-221],[61,-105],[-100,-192],[34,-76],[160,-17],[44,-68]],[[40006,61650],[159,-72],[94,22],[120,-41],[300,-14],[112,-121]],[[40791,61424],[310,101],[4,36],[-408,376],[-157,80],[220,226],[152,66],[176,-13],[98,101]],[[41186,62397],[-277,180],[-134,20],[-285,138]],[[32364,67573],[-297,-150],[-1,-211],[135,-171],[-102,-80],[-15,-168],[-208,-81]],[[32537,66447],[80,-30],[152,44],[-2,291],[247,157]],[[32916,67231],[-201,133],[2,45],[-73,13],[-11,44],[-47,-9],[-160,100]],[[32426,67557],[-62,16]],[[30313,69189],[13,-73],[123,-103],[-27,-86],[339,-164],[-20,-95],[-83,-51],[-92,9],[-11,-43],[-59,20],[-43,-171],[-131,-140],[-203,22],[21,-71],[-167,-250],[30,-105],[-130,-93],[-45,-222],[-119,-78],[-44,-202]],[[29665,67293],[106,-124],[98,-11],[67,-58]],[[30384,67446],[259,97],[132,154],[145,40],[44,49],[-103,187],[142,167],[-221,77],[-82,73],[260,209],[119,49],[45,-15],[-32,-75],[200,-109],[68,-86],[309,100],[1,-91]],[[31670,68272],[328,5],[-55,269],[-98,31],[48,90]],[[32036,67711],[-448,-161],[-44,-63],[33,-59],[-164,-106],[66,-132],[-101,-36],[-67,-102]],[[32364,67573],[-328,138]],[[32036,67711],[-100,116],[-53,-9],[30,81]],[[31913,67899],[-172,73],[-26,56],[43,18],[-149,197],[61,29]],[[28069,68603],[76,-201]],[[29427,67275],[95,-31],[143,49]],[[32970,67769],[-93,-48],[-347,-18],[-10,-77],[-94,-69]],[[32273,68061],[-63,-3],[-92,-116],[-108,7],[-97,-50]],[[39535,65456],[-165,-114],[-123,-149]],[[39247,65193],[127,-42],[32,-111],[-127,-101],[-30,-152],[-136,-235],[44,15],[17,-59],[80,-7],[14,-60],[125,-62]],[[39393,64379],[314,82],[90,-18]],[[39797,64443],[83,137],[-90,104],[139,93],[133,13],[190,-104],[88,-131],[164,-51],[104,-97],[220,-74],[95,11]],[[45437,67444],[-411,-159],[-64,-292],[-178,-82],[-223,15],[-229,-164],[-19,-55],[-120,-47]],[[39797,64443],[-80,-188],[31,30],[82,-42],[-127,-201],[23,-95]],[[39726,63947],[295,12],[169,-81]],[[40190,63878],[332,42],[222,-30],[97,-110]],[[37934,56353],[-84,-68],[202,-262],[-80,-224],[90,-72],[-56,-74],[-23,68],[-293,251],[-178,31],[-152,84],[71,-169],[-1,-104],[-78,-132],[22,-159],[-275,-237],[-387,-94],[-201,51],[-320,-49],[-91,-151]],[[36100,55043],[100,-61],[299,-49],[48,-130],[184,-96],[29,-81],[-24,-94],[-203,-13],[-18,-113],[113,-109],[-57,-176],[-125,-71],[7,-122],[59,-51]],[[36512,53877],[270,-56],[198,117],[16,69],[217,70],[190,-2],[237,-147],[92,22],[120,-29],[87,29],[193,-41],[87,17],[52,69],[-65,231],[241,276]],[[38447,54502],[-332,21],[-160,108],[-69,-104],[-175,111],[-32,95],[243,100],[63,117],[171,102],[-19,107],[86,60],[4,84],[77,-62],[143,-29],[-18,-30],[-107,13],[-33,-59],[121,-34],[18,-107],[66,-8],[20,115],[206,49],[105,157],[130,35],[91,167],[191,69],[81,76],[-7,91]],[[39311,55746],[-63,30],[-95,-55],[-71,4],[-17,94],[-127,49],[-298,229],[-144,26],[-56,98],[-506,132]],[[40500,54897],[-57,-39],[-67,-207],[-310,-146],[-212,-3],[-160,-66],[-301,-34],[-122,-142],[30,-56]],[[41025,54556],[-36,-92],[-147,108],[-114,253],[-228,72]],[[33605,56309],[377,-66],[122,-152],[91,-41],[71,-148],[299,-142],[117,16],[161,-119],[38,-69],[-147,-257],[176,-271]],[[34910,55060],[78,19],[121,-29],[112,79],[202,-62],[316,33],[137,-87],[224,30]],[[37934,56353],[-132,127],[-210,87],[-111,-55],[-172,22],[-63,75],[-59,-5],[-5,167],[-100,60],[27,207],[113,79],[36,95],[-74,121],[-172,-12],[41,68],[-37,64],[160,284],[-115,150],[142,237],[118,97]],[[34910,55060],[16,-84],[-73,-63],[28,-51],[-53,-118],[-144,-91],[39,-91],[-124,-3],[-67,-86],[-136,24],[-67,-136],[-121,1],[-64,74],[-265,-122],[-284,40],[-33,-43],[-98,-10],[-52,-149],[-80,-19]],[[36278,53713],[-21,38],[255,126]],[[40500,54897],[-62,182],[-88,101],[-108,41],[-33,135],[-175,-5],[-53,36],[-292,-54],[-49,62],[-234,16]],[[39406,55411],[-200,-88],[-187,-275],[-14,-209],[78,-53],[-23,-38],[179,-44],[-3,-184],[-79,-50],[-109,5],[-9,-40],[-367,22],[1,-48],[-144,3],[1,89],[-83,1]],[[39406,55411],[-22,155],[62,95],[-135,85]],[[86030,2518],[-458,-319],[-234,-104],[-270,-291],[-314,-238],[-419,-41],[134,-137],[66,-282],[132,-58],[6,-110],[-61,-40],[-9,-80]],[[84603,818],[215,-85]],[[84818,733],[22,62],[-84,32],[-5,115],[74,33],[58,233],[180,52],[266,165],[347,79],[672,-159],[76,-78],[115,52],[179,-114],[-58,-51],[-37,-270],[93,11],[18,-91],[61,21],[88,-512],[-89,-25],[4,-80]],[[86798,208],[312,26],[707,-77],[375,20],[781,271],[556,-8],[155,41],[471,333],[367,200],[325,277],[478,691]],[[91325,1982],[-123,65],[-114,-38],[-177,18],[-60,45],[-517,3],[-209,69]],[[90125,2144],[-191,-42],[-116,-120],[-303,-125],[-392,-278],[-342,29],[-84,-30],[-217,8],[-244,-178]],[[88236,1408],[-311,-232],[-405,-90],[-374,-157],[-365,-21],[-72,172],[54,115],[212,-7],[272,340],[48,155],[-51,26],[258,84]],[[87502,1793],[119,34],[-102,131]],[[87519,1958],[-273,-68],[30,116],[-83,-2],[-290,209],[-873,305]],[[88104,4103],[-65,-36],[43,-188],[-98,-54],[-87,-153],[-235,-197],[-54,-125],[-332,-134],[-173,-48],[-127,5],[-129,-118],[-416,-185],[-145,-167],[-256,-185]],[[87519,1958],[-157,143],[4,344],[318,508],[188,187]],[[87872,3140],[-23,2]],[[87849,3142],[-64,94],[375,354],[11,173],[71,134],[-67,72],[14,145],[-85,-11]],[[88802,3495],[-176,-77],[-45,-109],[-129,-109],[-165,-43],[-415,-17]],[[87519,1958],[105,97],[-15,88]],[[87609,2143],[311,241]],[[87920,2384],[160,133],[105,318],[130,170],[218,83],[269,407]],[[85358,4399],[-785,-606],[-388,-249],[-184,-75],[-134,-286],[-146,-55]],[[83721,3128],[969,-142],[1340,-468]],[[88104,4103],[-72,62]],[[88032,4165],[-440,-20],[-268,74],[-170,96],[-50,126],[-123,-7],[-77,106],[-152,59],[-107,262]],[[86645,4861],[-366,-19],[-94,-74],[-197,-33],[-140,-175],[-490,-161]],[[87920,2384],[259,-90],[230,147],[74,-33],[339,-23],[13,-29],[-69,-9],[-100,-100],[93,-55],[-84,-72],[-28,-96]],[[88647,2024],[245,16],[736,255],[280,25]],[[89908,2320],[-125,83],[-121,308],[-347,-77],[21,221],[-48,81],[131,167],[171,101],[-124,128],[31,55],[203,37],[11,70],[228,48],[286,226],[238,334],[-110,82]],[[90353,4184],[-436,-30],[-95,68],[-115,-71],[-75,25],[-42,-51],[-104,-21],[-91,-96],[-136,-47],[56,-90],[-61,-71],[-41,-36],[-169,-23],[-105,-157],[-137,-89]],[[90558,4704],[5,-43]],[[90563,4661],[20,-50],[-201,-218],[-29,-209]],[[89908,2320],[217,-176]],[[91325,1982],[42,241],[-233,195],[-149,250],[-34,546],[-172,101],[4,314],[199,219],[1031,-75],[899,464],[656,387],[-1,215]],[[93567,4839],[-153,148],[-247,75],[-59,77],[-486,43],[-82,49],[-125,-137],[-320,28],[-84,-89],[-196,-78],[83,-77],[-152,-82],[-66,-9],[-144,77],[-383,22],[-179,-30],[-217,36],[-109,-28],[13,-61],[-103,-99]],[[83721,3128],[-345,-219],[-368,-390],[-127,-23],[-130,-97],[-189,-302],[-207,-52]],[[82355,2045],[55,-93],[-41,-87],[588,-170],[12,-53],[93,-10],[310,-146],[56,-74],[185,-87],[4,-57],[97,-27],[69,-79],[229,-129],[591,-215]],[[85737,7388],[179,-22],[289,61],[190,-101],[25,-71],[138,-54],[16,-57]],[[86574,7144],[343,-97],[183,-202],[-51,-257],[-106,-121],[45,-20],[-24,-62],[47,-41],[-82,-61],[66,-66],[-18,-129]],[[86977,6088],[167,24],[-13,-260],[120,-73]],[[87251,5779],[390,-36],[-39,-104],[47,-128]],[[87649,5511],[312,127],[179,-18],[109,40],[108,-26]],[[88357,5634],[127,22],[150,125],[-112,269],[-55,32],[124,108],[-18,94],[118,22],[-76,45],[-13,269],[107,244],[112,70],[-57,181],[31,71]],[[88795,7186],[-210,160],[36,109],[-172,72],[-16,71],[-217,114]],[[88216,7712],[-42,30],[28,62],[-200,52],[-60,-108],[-118,-60],[-171,-18],[-56,-67],[-195,51],[-76,249],[123,237],[48,30],[116,-7],[90,83],[112,-5],[105,39],[22,91],[-102,-1],[-77,54],[-150,-11],[-191,43],[-166,175],[-186,-60],[-153,44],[-265,-99],[-89,6],[-415,-217],[-252,-54],[-81,-119],[8,-105],[66,-62],[-81,-42],[1,-71],[-59,-53]],[[83158,4863],[-442,-351],[-286,-170],[-219,-499]],[[82211,3843],[85,-13],[298,-236],[123,48],[14,-143],[107,14],[151,-61],[23,-71],[-42,-52],[182,-117],[569,-84]],[[85358,4399],[-92,3],[-107,56],[-189,-11],[-359,-167],[-201,-29],[-161,105],[-13,63],[155,253],[19,218],[-232,-52],[-196,64],[-25,57],[-135,28],[-462,-187],[-202,63]],[[84856,6317],[-296,-111],[-59,31],[-99,-29],[-166,27],[-260,-83],[-160,-234],[-91,-36],[80,-95],[-222,-175],[-101,-154],[-45,-159],[132,-138],[-123,-91],[-27,-83],[-261,-124]],[[86645,4861],[-37,59],[-391,154],[-33,72],[12,69],[310,117]],[[86506,5332],[-382,148]],[[86124,5480],[-201,70]],[[85923,5550],[-123,78],[-11,107],[-933,582]],[[80384,2891],[267,-120],[73,-135],[296,-28],[50,-38],[181,-25],[161,43],[389,-184],[131,-17],[61,-85],[80,14],[15,-60],[109,-19],[-20,-63],[132,-60],[46,-69]],[[90981,6105],[-483,-359],[-220,-69],[-208,-120],[-101,-150],[-165,-79],[-10,-95],[111,-97],[-34,-61],[-192,53],[-125,-133],[-245,-12],[-66,-61],[-159,-9],[-209,-182],[-132,-5]],[[88743,4726],[104,-110]],[[88847,4616],[280,18],[208,113],[471,103],[140,-96],[112,63],[198,-16],[302,-97]],[[93567,4839],[8,498],[-851,442],[-521,29]],[[92203,5808],[-112,91],[-217,-44],[-97,24],[-128,-42],[-32,-52],[-190,-5],[-175,66],[-99,166],[-172,93]],[[87285,5258],[-79,-7]],[[87206,5251],[-70,-46],[47,-59],[-115,-6],[-423,-279]],[[88032,4165],[76,59],[-31,26],[52,14],[-2,41],[204,113],[154,-66],[136,22],[53,-41],[139,117],[-20,94]],[[88793,4544],[54,72]],[[88743,4726],[-84,144]],[[88659,4870],[-136,-23],[-95,49],[-164,-62],[-45,37],[-187,-84],[-150,20],[-78,111],[-135,44],[-36,143],[-159,61],[-40,100],[-149,-8]],[[90563,4661],[-351,-90],[-180,-10],[-66,-44],[-208,3],[-86,-55],[-213,-48],[-249,69]],[[89210,4486],[-87,-42],[86,-75],[-7,-70],[-135,-50],[-136,51],[-114,-54],[-8,-113],[-164,-100],[30,-59],[-86,-178],[-79,-15],[-22,-98],[-178,-92],[-461,-449]],[[89210,4486],[-417,58]],[[87649,5511],[-56,-88],[-144,-5],[-109,-63],[-55,-97]],[[88659,4870],[31,160],[291,256],[55,167]],[[89036,5453],[-143,49],[-357,-130],[-251,-18],[-70,31],[-4,64],[146,185]],[[89036,5453],[70,136],[-58,56],[62,34],[144,-21],[30,131],[244,68],[25,48],[95,30],[92,228],[187,110]],[[89927,6273],[-299,128],[-38,70],[-70,-15],[-49,94],[-202,54],[-94,106],[-120,-30],[-51,154],[35,222],[-244,130]],[[90981,6105],[-431,-61],[-180,114],[-197,13],[-246,102]],[[6556,81079],[114,-68],[-99,-76],[57,-12],[-12,-39],[88,-33],[171,-166],[-69,-41],[58,-19],[-20,-59],[54,-20]],[[6898,80546],[477,-25],[183,-52],[51,-61],[93,27],[76,-20]],[[7778,80415],[0,11]],[[7778,80426],[-288,702]],[[7490,81128],[-329,-100],[-27,35],[75,25],[-12,30],[-119,-12],[47,35],[-28,11],[-98,-26],[332,47],[-219,-6],[-270,-101],[24,31],[-172,-19],[69,-14],[-153,39],[-26,-25],[22,28],[89,-15],[-88,24],[-51,-36]],[[7048,80234],[-2,-71],[-130,-58],[51,-124],[-42,-65],[79,-170],[-105,-50],[-22,-132],[-147,-47],[94,-46],[44,30],[60,-20],[8,-82],[-152,5],[-39,31],[-72,-27],[-88,32],[-35,-27],[397,-150],[5,-42],[-121,-71],[-149,-21],[31,-39],[-102,-128],[61,-90],[134,-7],[68,-99],[104,-40],[-7,-71],[268,-36],[97,-144]],[[7336,78475],[168,-51],[99,41],[92,-69],[112,14],[118,-104],[202,-33],[282,98],[63,107],[143,93],[-33,31],[43,45],[143,-45],[285,171]],[[9053,78773],[-127,52],[-5,46],[-87,-6],[-32,35],[-162,-19],[-82,46],[-121,-25],[-40,92],[90,90],[-43,235],[-372,290]],[[8072,79609],[-52,24],[-10,164],[-87,145],[-143,151],[-138,68],[-288,-21],[-306,94]],[[6994,80427],[-401,-155],[-123,-124],[-149,-7]],[[6321,80141],[-125,-100],[-88,-218]],[[6108,79823],[14,-211],[-53,-65],[-148,-7],[-102,-235]],[[5819,79305],[34,-39],[312,2],[55,-44],[-13,-131],[-72,-84],[82,-90],[134,-50],[-81,-113],[27,-168],[75,-107],[-60,-131],[102,-98],[-82,-44],[-108,0],[-138,-125],[-65,-228],[-109,-92],[-37,-154],[-106,-50],[-123,-130],[-182,-41],[-70,-141],[-174,-54]],[[6634,77914],[115,31],[-8,97],[-48,26],[70,37],[24,71],[133,22],[-41,72],[87,11],[-22,32],[53,22],[-39,49],[127,41],[45,-38],[206,88]],[[7048,80234],[20,89],[-74,104]],[[6898,80546],[109,-34],[14,-33],[-59,-12],[32,-40]],[[8072,79609],[47,83],[-30,234],[53,248],[-133,140],[-38,-9],[-193,110]],[[5708,80349],[-170,-137],[-239,-25],[-88,-54],[-125,-15],[-340,-171],[-213,-41],[-265,-163],[-327,-487],[-23,-187],[-82,-56]],[[3836,79013],[232,-63],[36,-54],[-54,-51],[15,-93],[87,-61],[10,-69],[229,-71],[-103,-136],[163,-11],[278,-96]],[[4729,78308],[118,125],[42,212],[253,113],[18,68],[159,111],[-84,78],[-45,135],[-78,17],[-14,130],[169,13],[166,-58],[167,21],[65,61],[154,-29]],[[6108,79823],[-211,35],[38,103],[-173,146],[26,39],[-76,23],[-6,95],[45,30],[-43,55]],[[4729,78308],[2,-50],[-608,-251],[-273,-186],[17,-51],[237,-71],[-106,-59],[-4,-56],[-304,-129],[135,-117]],[[3836,79013],[-964,-421],[-68,-97],[-111,-44],[-179,-291],[-255,-245]],[[2259,77915],[178,-163],[152,7],[227,-85],[75,-116],[-71,-102],[25,-31],[185,22],[61,-52]],[[8700,81464],[-41,-33],[-263,-21],[-33,-43],[65,-51],[-60,16],[-117,-48],[108,-80],[-4,-53],[159,-215]],[[8514,80936],[189,-39],[17,-75],[92,-8],[8,-37]],[[8820,80777],[41,36],[-45,62],[37,36],[-72,51],[37,30],[-50,42],[16,54],[-104,1],[-35,68],[-99,19],[46,47],[-8,86],[153,87],[-37,68]],[[8923,80455],[-637,-105],[-508,76]],[[9053,78773],[127,18],[54,51],[139,1],[105,101],[-3,35],[-46,-11],[-202,111],[6,60],[51,22],[-92,148],[21,138],[-124,53],[-71,95],[-59,-1],[6,147],[70,-14],[-43,42],[63,12],[-35,40],[36,-9],[1,42],[-146,210],[88,98],[19,132],[-11,99],[-75,19],[-9,43]],[[28271,67747],[-234,-161]],[[27992,67471],[184,-55],[137,-119],[202,-96]],[[28515,67201],[83,106]],[[26034,62844],[-4,-39],[117,-7],[94,-55],[-35,-80],[43,-31],[-35,-66],[54,-32],[-15,-56]],[[32601,36331],[206,-223],[-53,-192],[-172,31],[2,-84],[92,-31]],[[32676,35832],[222,44],[152,-103],[-64,-105]],[[33891,36097],[-94,142],[138,74],[15,110]],[[33950,36423],[-80,162],[237,207]],[[34107,36792],[-321,190],[-178,32],[-74,-23],[-60,-149],[-165,-84],[-9,-39],[-216,1],[-18,-59],[118,-109],[-87,-2],[-151,-70],[-48,-61],[30,-109],[-218,86],[-109,-65]],[[35431,34723],[-98,-70],[-673,-94]],[[34500,34521],[98,6],[40,-85],[-280,-80]],[[34164,34349],[84,-18],[-1,-86]],[[34247,34245],[41,-28]],[[34288,34217],[47,37]],[[35860,34554],[-51,105],[-248,17],[-130,47]],[[28704,41465],[-62,-100],[-419,-233]],[[28223,41132],[354,-191],[-20,-92],[61,-35],[-5,-50]],[[28613,40764],[346,114],[77,3],[72,-45],[338,70],[79,-71],[193,-29],[100,-66],[181,-227]],[[29999,40513],[374,73],[269,14]],[[29582,41651],[-273,114],[-214,-119],[-89,9],[-95,-48],[-29,-142],[-178,0]],[[32758,42965],[67,48],[198,38],[223,-24],[89,42]],[[33304,42405],[-16,-152],[-135,-183]],[[34060,41802],[138,83],[263,-37],[58,-54]],[[34519,41794],[370,164]],[[33858,42634],[-54,6],[-231,-144],[-269,-91]],[[32758,42965],[60,-52],[9,-85],[-170,-186]],[[32657,42642],[310,-74],[71,-91],[266,-72]],[[32657,42642],[-18,-55],[-98,-18],[-176,52],[-208,4],[-119,-28],[-28,-56]],[[33663,34635],[-37,169],[46,5]],[[48271,33881],[-273,-41]],[[47998,33840],[22,-114]],[[48020,33726],[105,15],[14,40],[94,6],[45,39]],[[48278,33826],[-7,55]],[[44401,36248],[254,-156]],[[44655,36092],[214,-29],[284,55]],[[45153,36118],[-20,104],[-116,86],[23,267],[42,29]],[[45695,33658],[-368,176],[-24,55],[-328,18]],[[44960,33338],[262,-227],[77,-73],[-48,-80]],[[47145,32892],[-37,102],[336,212],[87,-5],[29,70]],[[47421,33845],[-84,64],[-77,8]],[[55271,53620],[-292,-111],[-503,-121],[43,-243],[-241,-384],[-296,-194],[-312,-134]],[[53670,52433],[-54,-147]],[[63522,47327],[71,29],[-41,80],[187,5],[108,40],[127,-40],[30,57],[-75,112],[60,81],[32,225],[105,44],[-22,124],[105,103],[-142,248],[110,101],[-87,101],[106,97],[-72,83]],[[64124,48817],[-25,31],[136,48],[-44,55],[24,129],[95,45],[58,-30],[166,35],[2,95],[113,33],[19,67],[140,6],[97,50],[-47,179],[102,33],[165,189],[86,41],[206,-42],[101,79],[113,-11],[48,147],[-70,2],[-110,94],[112,21],[64,74],[107,-8],[183,76],[0,28],[69,0],[-15,54],[108,70],[51,148],[-77,125],[52,91],[-26,112],[-131,114],[175,149],[-214,21],[-250,347],[-90,-5],[-65,39],[-140,-27],[-172,57],[-96,237],[-71,11],[19,99],[-143,32],[-128,93],[-21,191],[-157,97],[-48,93],[37,57],[-247,223],[-294,58],[-402,-14],[-81,104],[-151,38],[-120,176],[-93,1],[-59,114],[-135,-55],[-36,23],[-25,80],[71,378],[51,54],[-24,268],[-314,7],[-36,49],[-94,-35],[-147,212],[-118,-18],[-155,50],[-347,225],[-276,63],[-12,69],[-165,73]],[[44409,38557],[148,-23],[215,-130],[58,41],[187,4]],[[54562,45854],[-97,-171],[97,-125],[-51,-96],[114,-136],[114,-3],[96,-118],[-19,-85],[77,-116],[117,-50],[191,56],[129,-25],[95,-282],[454,-65],[117,-53],[26,-68],[-62,-106],[69,-67],[-21,-112],[40,-28],[-44,-142]],[[64506,44914],[-218,176]],[[72171,45604],[25,78],[145,34],[70,71],[-3,34],[-92,35],[49,62],[-146,62],[71,120],[115,18],[22,93],[95,75],[-97,15],[-48,201],[-67,27],[89,180],[-280,105],[-220,-3],[-130,91],[-76,6],[-37,56],[-137,-1],[66,93],[-34,118],[107,293],[-118,92],[60,139],[-124,-25],[-156,97],[42,345],[-139,36],[-91,-63],[-52,6],[-131,123],[-57,4],[16,74],[-130,68],[-46,-12],[-41,39],[-53,-30],[-93,15],[-166,83],[-150,-47],[-113,48],[-109,-70],[-365,51],[-37,-30],[-83,7],[-27,-36],[-178,132],[-95,-18],[-22,24],[-34,-36],[-52,69],[-75,-23],[4,45],[-56,-22],[-213,59],[-71,-24],[-62,61],[-122,1],[-93,-54],[-100,77],[-73,-10],[-44,34],[-99,-32],[-30,56],[-40,-25],[-60,20],[-37,98],[-3819,4]],[[44962,48820],[98,-18],[58,43],[69,-41],[146,60],[155,9],[551,135],[287,281],[34,157]],[[46360,49446],[-27,173],[150,122],[-46,70],[97,184],[-56,42],[2,98],[68,60],[-106,77],[-14,79],[123,271],[-4,46],[-130,53],[73,64]],[[46765,53297],[-64,129],[-2,-86],[-129,-13],[49,51],[-12,62],[-56,-17],[-31,45],[-47,-38],[-15,38],[-54,-40],[-21,48],[-120,16],[-17,-24],[75,-22],[-56,8],[-26,-75],[-101,-48],[-13,60],[-71,-3],[18,29],[-89,92],[-157,-16],[48,66],[-38,108],[-72,17],[-61,-48],[-28,15],[48,98],[-62,-63],[-28,52],[-95,-4],[18,38],[-100,39],[-54,76],[-33,-22],[-87,25],[-13,-49],[-62,55],[-71,-19],[-155,71],[-12,68],[-103,45],[-31,58],[-86,-30],[-139,17],[-107,107]],[[44503,54213],[-157,-112],[-73,-236],[-349,-2],[-74,-59],[-114,21],[9,-59],[-124,-39],[134,-72],[30,-114],[-132,-255],[-178,-133],[7,-102],[-134,-88],[-91,-15],[-65,31],[-298,-60],[-76,-95],[-83,-6],[-273,-199]],[[42652,51845],[90,-215],[73,-11],[-14,-94],[64,-50],[88,-262]],[[48763,53597],[-491,-142],[-39,-56],[-165,-26],[-109,-102],[24,-76],[-52,-90],[-211,-11],[-51,-51],[-83,-7]],[[46360,49446],[264,20],[365,-96],[179,31],[122,85],[164,-69]],[[47454,49417],[310,170],[47,111],[-30,91],[120,5],[114,63],[168,223],[71,20],[-36,117],[-97,40],[-24,160],[-81,83],[266,8]],[[48978,51604],[-213,33],[-50,111],[53,77],[85,7],[168,110],[-19,145],[69,69]],[[49071,52156],[-114,31],[-24,146],[117,71],[-71,20],[-113,148],[-220,40],[-42,115],[44,98],[-26,103],[76,37],[137,478],[-72,154]],[[38431,38316],[69,-63],[141,0],[60,-49],[21,-110],[148,-152],[-81,-71],[137,-159],[133,4],[46,-176],[-75,-52],[34,-85]],[[40243,37117],[256,218],[212,53],[116,121],[290,155],[269,359]],[[40637,38818],[-249,1],[-312,-67],[-29,-115],[-288,-152],[-212,55],[-154,-77],[-180,-33],[-55,31],[-213,-53],[-80,75],[-94,17],[-111,-49],[45,-48],[-26,-35],[-250,-42]],[[41774,36970],[4,83],[-88,6],[-129,76],[22,38]],[[41583,37173],[-79,34],[38,170],[-54,130],[24,59],[-226,129],[88,127],[12,201]],[[41583,37173],[183,63],[279,22],[233,81],[167,-1],[133,52]],[[42962,37940],[-237,102],[30,48],[-405,232]],[[47270,35463],[-31,-64],[102,-77]],[[47593,35327],[27,-24]],[[47620,35303],[202,71],[-63,52]],[[47759,35426],[-96,-20],[-190,53]],[[49412,42037],[-72,-70],[21,-66],[-133,-31],[-167,-221],[-161,-87],[-97,-7],[-117,-113],[-154,66],[-104,-167]],[[48428,41341],[94,-62],[128,-223],[-65,-130],[-101,-30],[-49,-74],[-252,175],[-192,-92]],[[49327,38681],[197,77],[-9,103],[169,270],[-34,40],[167,197],[-55,16],[38,92],[204,95],[-116,62],[35,169],[-73,41],[54,6],[-2,41],[72,-6],[0,140],[82,154],[95,-15],[97,121],[68,-8],[11,38],[136,29],[22,42],[62,-14],[94,87],[35,-16],[285,146],[-148,121],[-245,53],[-24,44],[115,51],[109,140],[-55,206],[-160,198],[-144,19],[-172,88],[-176,0]],[[50061,41508],[-35,85],[-152,84],[-41,215],[-71,32],[-117,-47],[-148,137],[-85,23]],[[52291,40809],[-61,107],[-208,136],[-45,-17],[-161,62],[-62,-29],[-209,3],[-288,270],[-157,259],[-216,177],[-71,-55],[171,-264],[-123,-25],[-30,-38],[-221,121],[-37,-37],[-160,30],[-144,92],[-208,-93]],[[48428,41341],[-113,86],[-259,23],[-57,-20],[-26,-207],[-79,-43],[-53,-99],[-191,-77],[-125,21],[-49,58]],[[34256,33765],[40,-22],[-20,-90],[85,-38]],[[34560,34039],[-78,3],[-147,-145],[-37,27],[-42,-159]],[[33737,39619],[-198,20],[-15,-195],[-72,-130],[24,-180],[198,-57],[-36,-68],[59,-126],[-68,-82]],[[34570,38272],[124,103],[-2,51],[244,284],[45,250],[327,232],[107,97],[19,79]],[[35434,39368],[81,99],[-19,110]],[[35496,39577],[-365,111],[-255,-24],[-297,36],[-342,-124],[-247,-173],[-85,15],[-124,-32],[-81,115],[37,118]],[[27155,42261],[291,-276],[259,-170]],[[27705,41815],[261,154],[-8,120],[163,-12],[297,122],[-140,222],[60,78]],[[38807,33671],[3,43],[152,27],[-18,58],[-246,37],[-55,152],[-41,27],[-63,-20],[-59,48]],[[38480,34043],[-70,72],[-64,4]],[[36482,35274],[277,-176]],[[36759,35098],[326,8],[267,77]],[[37352,35183],[-60,51],[19,159],[-125,5],[-51,63],[-95,30]],[[37040,35491],[85,85],[-40,108]],[[37085,35684],[81,196]],[[40234,34086],[101,94],[-15,104],[115,110],[95,42],[141,-35],[191,49]],[[32537,37065],[-65,-116],[-118,-84],[-95,-40],[-70,-38]],[[32189,36787],[319,-184],[117,-178],[1,-46],[-57,-23],[32,-25]],[[34107,36792],[42,84],[149,5],[273,101],[68,155],[109,-46],[219,129],[168,-15],[120,184],[-258,65],[-11,168]],[[29999,40513],[-111,-130],[136,-45],[-107,-133],[25,-59],[-49,-77],[-265,-63],[-36,-40],[-44,26],[-173,-24],[29,-127],[-246,-33]],[[29158,39808],[-40,-55],[72,-72]],[[29345,39720],[82,10]],[[29427,39730],[404,44],[841,-211],[626,-22]],[[31298,39541],[-38,137],[49,99],[-14,135],[158,154],[0,123],[135,183],[-99,168],[84,112]],[[33483,40055],[-103,-76],[389,-155],[118,-111],[-150,-94]],[[35496,39577],[112,26],[11,58],[159,64],[86,167]],[[35864,39892],[-41,127]],[[35215,40242],[-204,22],[-121,-25],[-296,-153],[-262,-193],[-286,80],[-202,-27],[-228,101],[-133,8]],[[35864,39892],[139,59],[84,-28],[81,22],[24,-162]],[[29427,39730],[18,-134]],[[30857,39280],[298,-63],[220,78],[-77,246]],[[40496,33956],[-149,-66]],[[40077,33049],[220,128],[39,69],[350,19]],[[40686,33265],[142,105],[319,79],[106,100],[226,-6],[30,97]],[[41586,35092],[-79,-34],[-112,81],[-224,-25]],[[39445,36251],[-223,-162],[-5,-354],[251,-158],[118,-33]],[[46632,94483],[258,62],[539,-163],[686,-137],[58,-229],[-7,-254],[131,-189],[240,-189],[108,-147],[-173,-234],[90,-78],[-33,-99],[41,-196],[70,12],[92,-38],[110,-129],[-132,-158],[210,-230],[-22,-100],[104,-119],[7,-309],[110,-31],[150,-185],[127,-39],[125,-96],[60,-146],[90,-22],[24,-157],[144,-16],[-13,-86],[116,-257],[-27,-184],[68,-78],[130,-32],[222,-228],[192,-103],[76,-126],[161,4],[93,-44],[261,67],[639,39],[214,88],[47,132],[101,82],[304,-146],[158,0],[146,-149],[354,-78],[202,-300],[91,0],[110,-74],[117,-6],[27,61],[91,33],[5,74],[150,92],[49,150],[170,161],[1,73],[-123,51],[-5,61],[150,71],[23,83],[81,-12],[179,63],[95,84],[77,362],[-322,27],[-96,200],[132,81],[-123,66],[60,103],[-94,147],[-15,171],[-209,152],[30,129],[-41,155],[-203,-9],[-231,43],[-20,134],[-131,72],[-8,77],[52,57],[-155,81],[8,103],[-60,78],[-173,82],[-45,111],[-410,81],[7,43],[-225,173],[-42,107],[-192,211],[-131,62],[-135,-30],[-170,31],[-9,54],[135,29],[21,54],[-192,100],[-125,303],[-95,76],[52,105],[-158,192],[-244,47],[-187,195],[-32,173],[45,102]],[[50840,94963],[-25,226]],[[50815,95189],[-178,-1],[-134,117],[-215,57],[-260,376],[-305,93],[-21,34],[-125,-21],[-112,101],[-205,-13],[-155,32],[-185,78],[-47,34],[18,38],[-74,-17],[-412,91],[-52,82],[140,53],[-219,39],[-175,95],[23,84],[-97,85],[74,51]],[[48099,96677],[-104,42],[-25,-44],[-68,22],[-11,-64],[-106,-46],[15,-62],[167,-116],[-189,-97],[-9,-82],[57,-127],[120,-56],[-103,-81],[0,-56],[183,-81],[-71,-176],[213,-198],[13,-167],[-97,-112],[36,-106],[320,-157],[-117,-30],[-65,33],[-497,0],[-111,-88],[-92,-7],[-640,345],[-286,-683]],[[64599,80555],[-420,-171],[-86,-71],[-160,-231],[-94,-252]],[[63653,79651],[-98,-7],[-10,-52],[118,-5],[91,-53],[-321,-96],[-233,-348],[-2,-342],[-195,-167],[-18,-83],[-113,-38],[28,-69],[-76,-16],[33,-32],[-79,0],[-60,-114],[27,-37],[-46,-55],[94,-57],[-53,-34],[44,1],[-18,-31],[-51,-3],[34,-49],[-42,-34],[43,-16],[-125,-67],[37,-57]],[[62662,77790],[463,238],[210,15],[116,55],[51,161],[-29,145],[146,290],[16,147],[463,413],[254,154],[429,-37],[251,20]],[[33610,76935],[-305,-221],[-267,-259],[11,-217],[113,-253],[-122,-199],[476,-475],[91,-167],[90,-425],[115,-193],[264,-244],[631,-299],[-8,-122],[-50,-37],[-168,-15],[-620,172],[-194,-116],[-513,-141],[-334,-18],[-70,28],[-41,78]],[[32709,73812],[-696,-197],[-337,-40],[-149,-156],[-121,-223],[-128,-47],[-165,123],[-35,328],[-81,16],[-347,-272],[-212,-90],[-115,37],[-84,-72],[-1,-72],[-93,-49],[0,-138],[-90,-37],[37,-82],[-225,-81],[-199,39],[-132,-137],[-318,-190],[-93,0],[-58,-45],[-126,78],[-74,-21],[-53,-62],[12,-177],[-172,-146],[-95,-16]],[[33884,69286],[7,46],[-166,120],[-53,168],[-125,47],[17,101],[-109,9],[1,73],[-240,174],[-230,104],[35,44],[-26,70],[122,129],[85,37],[81,-26],[53,19],[341,199],[105,145],[-269,62],[-228,123],[-339,67],[-382,175],[-534,181],[257,328],[222,29],[92,151],[142,51],[-78,75],[3,112],[-104,184],[110,193],[217,143],[337,131],[482,104],[221,-15],[225,66],[78,159],[224,113],[-89,121],[103,46],[237,34],[557,-293],[337,195],[238,34],[-4,204],[225,34],[237,107],[290,-51],[228,12],[267,120],[342,-118],[-13,-307],[95,-99],[131,-41],[225,-2],[468,-110],[123,-83]],[[38455,72980],[188,-164],[10,-162],[60,-33],[109,6],[288,102],[1438,87],[275,-70],[603,-279],[358,-104],[247,-7],[331,113],[310,-24]],[[42672,72445],[2,345]],[[42674,72790],[-332,-28],[-334,-172],[-645,244],[-351,58],[-156,134],[-36,88],[69,162],[-421,-87],[-253,67],[-220,124],[-187,-149],[-166,-51],[-32,-204],[-180,-103],[-145,16],[-124,175],[-336,31],[-29,69],[48,193],[-162,161],[-303,205],[-227,39],[-389,254],[-301,258],[-341,96],[-214,275],[-585,247],[-204,159],[-91,288],[-413,260],[-104,119],[-565,110],[-209,125],[-35,184],[-105,178],[-142,105],[-97,242],[-167,105],[-130,2],[-450,166]],[[34979,68832],[36,54],[185,59],[-24,120],[53,48],[122,29],[204,-33],[89,38],[-123,86],[14,60],[90,36],[-24,95],[-234,-6],[43,94],[-49,29],[21,48],[212,31],[44,40],[-189,147],[-125,194],[43,89],[88,21],[16,74],[572,340],[35,-32],[-32,-70],[143,44],[118,-142],[184,-105],[341,186],[152,-26],[-9,80]],[[36975,70460],[118,66],[-63,89],[72,285],[167,178],[124,-49],[100,42],[-13,66],[-81,58],[42,187],[-84,38],[-19,114],[-70,17],[-9,112],[160,81],[181,-117],[316,-31],[106,21],[-154,272],[39,55],[146,55],[-64,191],[126,54],[22,88],[108,88],[266,136],[-11,238],[-70,122],[25,64]],[[29641,77302],[-114,-307],[165,-784],[-129,-353]],[[29563,75858],[-79,-126],[-106,-17],[-52,-47],[-233,-12],[-6,-74],[-112,-46],[52,-152],[-85,-64],[56,-90],[-58,-44],[-94,-256],[-178,-159],[-170,-35],[-121,-128],[-320,-159],[-180,-233],[43,-136],[-48,-43],[-30,-172],[58,-46],[-14,-93],[263,-324],[-52,-65],[67,-158],[-523,-446],[-8,-29],[93,-15],[16,-90],[-83,-139],[37,-51],[129,28],[81,-50],[132,-11],[73,-98],[156,-97]],[[32709,73812],[159,96],[99,115],[-3,153],[190,159],[-3,81],[-146,51],[-124,143],[-89,42],[-333,49],[-473,11],[-215,307],[-504,333],[-4,340],[-396,442],[-116,-4],[-75,114],[-91,166],[98,89],[-26,98],[72,28],[-103,208],[-153,57],[-178,155],[-250,84],[-8,136],[-247,-16],[-149,53]],[[32772,85066],[-5004,-1162]],[[27768,83904],[-69,-80],[210,-293],[23,-111],[-53,-79],[68,-93],[-40,-62],[103,-405],[-1,-1036],[43,-258],[213,-292],[240,-178],[33,-63],[-44,-87],[393,-162],[187,-258],[181,-17],[-11,-348],[46,-118],[-83,-149],[-135,-99],[-68,-150],[187,-200],[150,-44],[215,-205],[161,-73],[-59,-93],[196,-242],[49,-133],[-1,-365],[-82,-419],[-135,-273],[-44,-217]],[[33610,76935],[192,14],[255,100],[2,211],[-100,124],[-588,303],[-415,553],[-11,90],[83,64],[107,218],[219,198],[-36,296],[100,128],[-6,84],[97,89],[-129,216],[113,127],[-58,172],[160,181],[-136,129],[-146,277],[14,450],[-504,78],[-51,108],[171,180],[323,53],[-244,107],[-69,71],[226,172],[-40,220],[76,187],[145,128],[-178,87],[-162,179],[-288,-23],[78,133],[-13,83],[-293,82],[-11,188],[52,53],[-157,105],[-82,124],[104,231]],[[32410,83505],[31,166],[72,65],[-78,97],[24,194],[238,136],[136,317],[-54,147],[-7,439]],[[42674,72790],[237,-147],[304,110],[368,53],[115,2],[321,-111],[15,139],[-372,172],[-281,27],[-307,210],[-447,147],[-310,208],[-337,115],[-148,202],[-353,-101],[-246,241],[-315,-45],[-210,105],[-45,153],[84,250],[-85,82],[-170,34],[-80,60],[60,267],[-155,84],[-229,255],[143,32],[-225,55],[-93,118],[-222,35],[-329,462],[33,115],[212,118],[-103,165],[189,102],[-12,112],[389,189],[147,116],[15,122],[-125,127],[-13,127],[69,58],[-183,45],[-154,91],[-242,20],[138,122],[-302,114],[-150,388],[-326,227],[-22,90],[-160,150]],[[38762,78602],[-79,-67],[2,-149],[-179,-89],[183,-107],[-100,-141],[15,-226],[-131,-291],[-244,-131],[-224,-272],[-421,-13],[-50,61],[57,184],[-104,220],[-226,-33],[-708,295],[-92,132],[-76,452],[-235,174],[8,156],[-83,130],[-327,235],[-235,609],[-161,154],[-265,115],[-49,173],[210,201],[104,164],[-107,274],[-237,123],[-236,-7],[-136,185],[10,160],[-400,164],[-227,407],[-190,104],[-124,402],[-282,254],[-97,273],[-322,260],[-109,25],[-171,120],[-42,-25],[-120,54],[-152,194]],[[37821,86492],[-770,-423],[-4279,-1003]],[[38762,78602],[-61,173],[41,308],[210,109],[77,166],[-40,180],[120,45],[184,0],[131,88],[-35,220],[82,216]],[[88345,37386],[82,-37],[136,1],[228,53],[38,58],[104,17],[-6,-46],[103,-66],[160,-16],[85,26],[98,-85],[117,3],[221,-63],[149,-156],[153,-3],[63,-45],[274,30],[69,-47],[-41,-52],[39,-108],[139,-71],[72,24],[116,-28],[103,76],[115,-57],[124,44],[353,-166],[55,44],[114,15],[258,-98],[147,81],[141,-58],[59,29],[90,-63],[104,38],[28,-57],[112,6],[80,-61],[97,11],[126,-113],[157,14],[57,-53],[55,37],[104,-25],[1384,1931]],[[86432,37755],[118,-91],[128,45],[97,-39],[196,4],[115,-51],[83,-74],[40,-116],[102,-79],[37,-111],[123,-66],[8,-84],[175,-72],[27,-75],[180,-93],[107,-132],[338,-97],[21,-63],[132,-59],[201,-49],[102,29],[42,-59],[129,-22],[195,-136],[279,47],[93,-63],[182,18],[192,-140],[107,45],[15,-68],[102,12],[-7,-45],[85,-78],[146,-52],[50,15],[100,-70],[154,-10],[100,-49],[114,40],[85,-70],[237,-3],[114,-60],[151,59],[115,-54],[33,86],[82,-23],[25,59],[86,18],[17,60],[129,25],[13,-27],[67,63],[99,-2],[60,-64],[166,57],[115,-40],[-1,-36],[192,-18],[27,-100],[208,-25],[88,-74],[-16,-36],[173,-38],[-2,-79],[254,-17],[218,-150],[124,-16],[87,40],[58,-25],[152,31],[32,-39],[276,-64],[143,-91],[48,16],[116,-47],[96,40],[98,-53],[167,67],[67,-37],[184,66],[47,-20],[63,76],[69,0],[145,-89],[34,32],[157,-47],[22,-53],[447,-22],[142,-89],[91,53],[52,-13],[47,82],[76,18],[170,-5],[35,-42],[124,-18],[108,25],[62,-35],[51,40],[145,-13],[97,38],[89,-28]],[[97496,35156],[-1050,1265],[-985,992],[-854,937]],[[83278,6483],[-176,38],[-191,-41],[-306,-176],[-117,60],[-220,-53],[-94,90],[195,61],[-97,113]],[[84690,8617],[-136,-78],[-197,-1],[-41,-57],[-172,-34],[-56,51],[-406,126],[-199,-39],[-75,72],[-86,9]],[[88216,7712],[225,81],[99,145],[89,35],[31,437],[257,126],[5,96],[197,94],[-26,55],[199,9],[115,63],[-10,106],[-104,54],[-13,65],[105,73],[-24,101],[-182,139]],[[89179,9391],[-55,-19],[-145,36],[-48,-57],[-107,-4],[-144,-87],[-394,145],[-87,73],[-134,11],[-82,104],[5,179],[-78,132]],[[12043,75699],[26,-182]],[[12069,75517],[148,-144],[175,-57],[94,-92],[-137,-228]],[[12349,74996],[-58,-92],[-114,-4],[-98,-56],[38,-170],[-92,45],[-172,-33],[-193,-202]],[[11660,74484],[286,-205],[195,-5],[56,-44],[92,33]],[[14793,73066],[257,65],[124,77],[-39,83],[28,111],[-86,134],[97,199],[90,66]],[[15264,73801],[-344,582],[-161,148],[-52,276],[-194,146],[-44,238],[139,66],[-69,175],[-90,89],[-123,21],[-105,-66],[-137,13],[-61,66],[-83,-1],[-154,88],[-2,78],[-152,155],[-64,-5],[-66,63],[-219,66],[-301,-79],[-187,-128],[-153,12],[-186,-75],[-322,-52],[-91,22]],[[9607,73385],[63,-90],[188,-67],[-92,-154],[61,-192],[260,-53],[86,-66],[294,58],[95,-57],[90,-2]],[[10652,72762],[169,-55],[247,94],[127,0],[71,60],[6,81],[280,98],[56,119],[41,-4],[16,-97],[89,-18],[59,-102],[79,14],[114,-34],[96,29]],[[11433,73560],[-54,67],[11,148],[-159,33]],[[11231,73808],[-109,-7],[-239,-151],[-67,31],[-84,-59],[-148,52],[-119,-7],[-101,54],[-127,-2],[-188,59],[-64,118],[16,148],[-132,81]],[[11638,75903],[-26,-66],[-145,-91],[-28,-131],[3,-116],[316,-116],[-27,-84],[-130,-117]],[[11601,75182],[89,-76],[187,20],[181,-75],[145,-11]],[[12203,75040],[-8,99],[-190,137],[64,241]],[[12043,75699],[-98,-10],[-307,214]],[[10397,74575],[359,-78],[81,13],[122,-81],[50,-100],[126,-17]],[[11135,74312],[106,48],[-40,153],[240,99]],[[11441,74612],[-67,93],[-140,67],[-56,102],[98,258]],[[11276,75132],[-107,-18],[-126,75],[-376,79],[-135,-41],[-202,57],[-49,-90],[-180,6],[-144,-43],[-439,82],[-85,-18],[-85,-130],[-80,-23]],[[11231,73808],[109,108],[104,40],[-264,82],[17,110],[-88,109],[26,55]],[[12203,75040],[146,-44]],[[43105,29865],[244,-37],[120,-150],[254,-107]],[[11400,72518],[-83,-243],[-98,-56],[-55,-111],[-102,-10]],[[11029,71838],[199,71],[111,-34]],[[11339,71875],[71,113],[232,176]],[[10652,72762],[-90,-140],[-101,-38]],[[11339,71875],[48,-57],[449,-68],[157,-97]],[[11993,71653],[573,135],[122,-57]],[[12688,71731],[158,65],[-52,70],[-109,46],[62,143],[-19,160],[209,156],[38,-7],[97,-130],[66,-19],[-11,-142],[137,78],[-63,92],[90,32],[11,46]],[[2249,74079],[213,-327],[-83,-20],[-18,-44]],[[2361,73688],[36,-152]],[[2397,73536],[6,-65],[92,-40]],[[67014,84301],[-405,-344],[-295,-179],[-52,-192],[112,-138],[203,-159],[182,-223],[374,-98],[363,-160],[401,-62],[377,-123],[161,-82],[36,-94],[225,-176],[-641,-239],[-168,-291],[-597,7],[-243,-101]],[[69091,84424],[-705,3],[-837,-136],[-535,10]],[[60587,82066],[1178,212],[184,-19],[40,-46],[-68,-165],[288,-336],[254,-151],[700,-293],[-44,-216],[63,-98],[164,-118],[68,-36],[339,-1],[410,-105],[275,25]],[[67014,84301],[-451,-16],[-477,301]],[[66086,84586],[-169,-376],[-321,-145],[-128,-125],[-91,-286],[-177,-187],[-41,-187],[-108,-125],[-199,-83],[-296,126],[-667,-39],[-386,29],[-1112,397],[-185,115],[-131,195],[-180,81],[-680,86],[-444,179],[-463,128],[-253,500],[-84,81],[-288,125],[-566,126],[-332,203],[-317,137],[-243,76],[-390,47],[-86,49],[-275,-20],[-280,50],[-419,-56],[-339,-2],[-245,76],[-250,-45],[-164,76],[-80,98],[-130,26],[-75,155],[-207,144],[-301,120],[-276,26],[-34,56],[32,103],[-221,140],[-216,34],[-403,-70],[-119,54],[-75,143],[-192,37],[-102,90],[-168,-38],[-200,93],[-78,-27],[-46,57],[-475,-95],[-132,19],[-107,126],[28,53],[-178,-5],[-105,153],[21,42],[-121,75],[-107,12],[-337,-79],[-497,-12]],[[58707,69771],[-29,-178],[-342,-252],[-11,-275],[-196,-393],[-83,-355],[63,-104],[549,-385],[492,-132],[-97,-107],[36,-87],[-50,-178],[89,-501],[-206,-252],[80,-148],[-163,-173],[74,-190],[-91,-295],[75,-89],[-92,-129],[-132,-43],[46,-120],[-87,-115],[11,-130],[-218,-225],[-271,-116]],[[58860,62190],[147,171],[124,27],[69,56],[26,116],[251,209],[30,357],[112,141],[112,68],[355,48],[275,179],[360,154],[192,236],[396,243],[142,157],[161,243],[-10,195],[-79,117],[117,51],[73,181],[166,46],[114,215],[-217,296],[199,68],[25,83],[96,11],[99,206],[-36,50],[-117,-38],[-147,2],[17,73],[137,55],[22,301],[-68,27],[103,95],[-53,73],[11,175],[-165,86],[-358,-41],[-120,112],[-166,23],[-224,181],[-118,2],[-50,60],[-108,-37],[35,178],[-192,357],[-71,61],[-343,136],[-139,137],[-8,66],[82,136],[-171,295]],[[45026,42172],[-97,46],[-53,-55],[-102,-4],[-10,35],[-190,67],[28,70]],[[44602,42331],[62,113],[-30,66],[77,77],[-122,185],[91,250],[-33,82],[-188,44],[5,44],[-144,54],[-124,12],[-149,-60],[-108,41],[-153,-47],[-76,36],[-80,-14],[-80,-109],[-71,29],[-16,68],[-261,-22],[-134,-67]],[[91099,13833],[-66,-48],[-60,-181],[-138,-66]],[[90835,13538],[-60,-27],[27,-26],[60,-1],[8,76],[91,-59],[-47,-40],[79,-2],[-24,-41],[61,29],[59,-20],[38,-134],[-40,-55],[-40,30],[-162,-5],[-57,62],[-169,-1],[8,-68],[-81,76],[6,-129],[-63,29],[-60,-18]],[[90469,13214],[-44,-44],[-102,-3],[-250,-91],[-262,-162]],[[89866,12452],[39,-22],[49,40],[158,-81],[68,20],[5,-36],[85,7],[162,-118],[-39,175],[191,90],[-3,122],[-88,177],[44,163],[389,126],[205,-49],[119,33],[153,-19],[235,200]],[[91638,13280],[-98,25],[-83,71],[-38,-97],[-19,50],[-109,51],[-15,-64],[-35,22],[27,28],[-75,45],[-81,213],[108,125],[-121,84]],[[90731,13413],[21,89],[-67,-54],[46,-35]],[[88089,12954],[-270,-109],[-228,-40],[-221,135],[-263,-4],[-165,-123],[-234,-41],[-248,-126],[-29,-80],[-124,-56],[11,-37],[-77,-61],[46,-69],[-123,-61]],[[88170,14194],[-152,-8],[-125,-82],[-112,-18]],[[87781,14086],[-42,-84],[-89,18],[-119,-56],[65,-132],[-22,-85],[-107,-13],[-99,-206],[-136,-90],[-77,-44],[-169,-11],[-95,144]],[[86891,13527],[-222,-8],[0,-105],[-166,-85],[-8,-52],[-154,-6],[-107,-109],[-221,-100],[-19,-41],[128,-106],[15,-64],[-21,-49],[-140,-44],[-28,-93],[-71,-16]],[[86905,14275],[78,-67],[-167,-142],[102,-9],[60,-46],[48,-61],[-66,-43],[78,-38],[38,-83],[-139,-108],[-46,-151]],[[87781,14086],[-41,60],[65,2],[-66,35],[-13,75],[16,145]],[[87430,14610],[-119,10],[-60,-101],[-116,-18],[-230,-226]],[[87502,19341],[-99,-4],[-241,99],[-60,-43],[-19,-103],[-101,37],[-133,-75],[136,-180],[22,-124],[-80,-63]],[[86987,18439],[224,-94]],[[89561,18604],[81,102]],[[89463,18992],[-116,82],[-44,99],[-204,83],[0,92],[-267,113],[-6,59],[-66,32],[115,278],[-68,60]],[[89009,25800],[44,-38],[91,72],[129,-11],[86,36],[75,-45],[-26,-74],[83,3],[44,-53],[114,24],[45,-21],[72,37],[236,-135],[-66,-116],[104,-109],[138,18],[40,-64],[117,-31],[181,78],[45,-90],[-141,-32],[-118,-82],[-61,-109],[-475,-420],[-210,-53],[-107,-213],[-75,-16],[-57,36],[-89,-39],[-121,45],[-151,-72],[34,-129],[-69,-3],[-156,-124],[-98,14],[-111,-44],[-46,-204],[-259,-53],[-171,90],[-149,-88],[-40,-32],[-4,-161],[-169,-44],[36,-74],[-31,-30]],[[88327,23111],[67,45],[234,-1],[41,69],[146,41],[76,-15],[127,48],[200,-13],[48,76],[153,10],[176,89],[237,46],[66,124],[152,1],[104,56],[314,-85],[110,101],[146,18],[141,-29],[173,-136],[149,-10]],[[91187,23546],[45,46],[92,-23],[215,86],[18,230],[144,136],[21,89],[209,83],[85,86],[4,123],[-104,65],[-159,19],[-175,138],[-67,3],[-48,53],[16,108],[-133,32],[-97,74],[-190,232],[56,59],[75,-36],[122,42],[61,258],[-51,77],[206,228],[62,166],[-60,67],[107,221],[43,13],[-30,65],[71,18],[45,67],[-146,4],[-177,84],[105,73],[84,-73],[69,33],[115,-27],[56,21],[108,139],[-80,96],[193,-7],[28,176],[74,100],[75,1],[-172,155],[33,208]],[[92135,27354],[-3621,768]],[[85286,24322],[-155,-12],[15,86],[-104,80],[-10,194],[-103,33],[-249,198],[-377,-38],[-51,114],[-61,18],[70,108],[-146,87],[-229,-90],[-56,129],[-102,19],[-154,-38]],[[87955,22161],[-28,-145],[103,-24],[13,33],[11,-34],[71,-1],[-5,-49],[73,-42],[40,19],[64,-98],[34,31],[86,-33],[20,21],[58,-38],[464,-64],[88,28],[540,-17],[116,-42],[145,-124],[248,-63],[145,-131]],[[91811,20932],[108,207],[140,115],[-21,45]],[[92038,21299],[-153,51],[-59,112],[-101,26],[-108,-42],[-68,30],[-73,320],[43,54],[-66,87]],[[91453,21937],[-166,-10],[-95,96],[-109,33],[14,148],[-42,55],[-108,36],[-313,-35],[-70,59]],[[90564,22319],[-58,0],[-15,-89],[-108,-45],[-109,6],[-164,89],[-180,-54],[-231,152],[-223,51],[13,56],[-66,71],[-208,27],[-66,68],[-134,50],[-19,60],[-178,-54],[-147,26],[-108,-70],[-146,-18]],[[86281,25280],[-172,256],[-85,22],[-130,-27],[-172,79],[-163,21],[-144,176],[-201,-36],[-118,41],[-55,77],[-194,60],[15,71]],[[90564,22319],[-17,172],[62,61],[-56,49],[73,30],[7,79],[134,165],[-76,130],[93,39],[186,351],[114,48],[103,103]],[[91981,10564],[69,-52],[293,-15],[320,-78],[157,64],[68,-83],[145,155],[151,-93],[108,5],[18,38],[135,-8],[97,-164],[5,-87],[-73,-69],[50,-63]],[[94379,10427],[-158,201],[-117,35],[-106,89],[56,142],[56,33],[-71,84],[31,53],[344,102],[193,159],[54,120]],[[94661,11445],[-256,40],[-288,212],[-14,52],[76,2],[57,44],[-37,58],[-124,-55],[-161,63],[-75,-9],[-206,-118],[-100,21],[-159,-55],[-128,72],[-38,83]],[[93208,11855],[-159,22]],[[93049,11877],[-171,-46],[-133,55],[-102,-283],[41,-140],[-92,-188],[-105,-31],[-29,-48],[-184,-1],[-180,-78],[23,-131],[-107,39],[-55,-30],[-28,-56],[65,-92],[-148,-79],[137,-204]],[[46357,42834],[-45,-53],[-331,-110],[-182,63],[-153,-18],[-89,13],[-41,46],[-90,-17],[-135,-171],[-225,-98],[-86,2],[-55,-106],[-135,26],[-188,-80]],[[45890,44471],[-154,-137],[41,-189],[-117,-53],[1,-89],[-121,52],[-177,-9],[-79,87],[-176,-106],[-344,18],[-139,-26],[-37,87],[-142,66],[-253,23],[43,168]],[[46738,43154],[-31,68],[-301,102],[-96,79],[-35,132],[-251,158],[3,233],[68,12],[71,94],[-101,50],[11,135],[-53,75],[-101,24],[-32,155]],[[46241,45666],[62,-46],[28,-125],[-105,-104],[106,-127],[-21,-103],[-223,-286],[43,-98],[-122,-108],[-50,-141],[-69,-57]],[[47523,42447],[120,37],[61,72],[254,-11],[97,83],[-30,50],[127,17],[28,34],[83,-17],[81,72],[334,32],[433,184],[42,-3],[93,-125],[-106,-62],[24,-33],[153,4],[111,-75],[66,66],[-55,254],[103,98],[19,86],[263,-32],[73,-60]],[[49897,43118],[-14,208],[-105,124],[-85,280],[50,178],[-134,168],[30,64],[-104,27],[-97,175],[28,42],[-292,159],[-106,227],[-64,58],[-65,-7],[-134,120],[-24,219]],[[48781,45160],[-159,300],[-24,220],[-435,324],[-191,51],[-32,109],[-149,31],[-10,54],[-129,60]],[[47652,46309],[-260,-34],[-381,33],[-238,-42],[-91,-54],[12,-74],[111,-59],[-73,-95],[-131,-72],[-160,39],[-62,-29],[-33,-78],[-68,-8],[-37,-170]],[[5724,73043],[62,-97],[-9,-75],[-80,-52],[-25,-98],[-170,-41],[12,-76],[148,-96],[-175,-166],[28,-182],[90,-6],[27,-103],[-87,-140],[3,-98],[-85,-101],[-101,-39]],[[5362,71673],[153,-52],[57,-74],[524,-50],[305,123],[227,-30],[296,48],[681,-1]],[[7605,71637],[94,320],[-11,185]],[[91496,18311],[46,-34],[-82,-90],[-209,-22],[-62,-91],[-67,18],[-108,-55]],[[91014,18037],[225,-84]],[[91239,17953],[75,-87],[237,-81],[66,66],[108,23],[78,86],[329,-34],[274,111],[116,21],[128,-49],[29,36]],[[92679,18045],[40,110],[49,19],[4,91],[351,84],[104,182],[2,41],[-109,22],[-132,90]],[[89179,9391],[-30,141],[33,47],[109,11],[155,87],[201,166],[14,55],[174,50],[117,81],[164,-27],[84,100]],[[90200,10102],[127,145]],[[90327,10247],[-41,58],[154,101],[100,242],[111,48],[222,-2],[196,166],[-141,97],[37,126],[-69,243],[247,93],[119,243],[42,-14],[92,74],[142,-22],[144,71],[33,144],[91,47],[-16,64],[53,0],[-16,109],[70,6],[88,69],[-225,98],[-42,57],[115,12],[51,83],[101,-1],[107,52],[33,243],[178,-20],[58,29],[90,87],[1,78]],[[92452,12928],[-104,-25],[-83,59],[-171,30],[1,25],[-75,-13],[-156,97],[-131,173],[-95,6]],[[92450,13062],[-2,12]],[[92448,13074],[-489,2],[-104,109],[-26,125],[-5,-91],[136,-163],[311,6],[26,-49],[48,45],[105,4]],[[91785,13425],[-83,-21],[51,18],[-13,-78],[-86,-49],[43,-16],[140,60],[165,-38],[-217,124]],[[82790,18292],[-256,-207],[-111,-34],[-185,38],[-251,-73],[-37,-44],[-160,-8],[-256,-127]],[[81793,16551],[96,-52],[102,2],[105,-113],[184,13],[255,-69],[175,-6],[59,54],[142,35],[91,-88]],[[83002,16327],[176,91],[118,-10],[93,132],[-53,52]],[[83336,16592],[-68,109],[39,118],[120,131],[168,47]],[[83788,17607],[-12,229],[-343,209]],[[83433,18045],[-84,96],[-81,-26],[-186,50],[-292,127]],[[85122,17285],[-64,-50],[-123,17]],[[83336,16592],[195,31],[96,-76],[158,-28],[-2,-115],[79,-107],[129,-8],[53,-53],[178,32],[90,-84],[249,39],[196,-187],[91,-23],[59,38],[136,-3],[133,-46]],[[85176,16002],[37,42],[-52,73],[22,81],[157,12],[-16,43],[88,143],[242,111],[38,81],[-84,27],[-72,103],[-84,39],[-2,137],[-199,41],[41,95],[82,33]],[[85374,17063],[-14,54],[-238,168]],[[83002,16327],[-17,-218],[-72,-94],[-98,-74],[-92,-12],[-144,-185],[-190,-42],[-93,-137],[97,-8],[172,-117],[80,0],[60,-118],[165,-103],[-29,-93],[77,-68],[266,43],[87,-23],[127,34],[156,-8],[1,83],[96,74],[356,-43],[116,-80],[193,133],[48,85],[37,-52],[83,2],[-13,-68],[115,-1],[53,-58],[318,120],[150,150],[35,136],[94,92]],[[85236,15677],[89,109],[-7,144],[-142,72]],[[90186,15598],[-79,-72]],[[90107,15526],[224,-120],[-48,-54],[42,-108],[109,-98],[16,-81],[135,-88],[-121,-55]],[[90464,14922],[133,-116],[-50,-124],[50,-129],[402,-215],[324,-24],[60,27],[-456,273],[39,41],[175,-82],[117,2],[-78,129],[-76,28],[-14,-45],[-80,-8],[-96,48],[-70,107],[48,51],[-68,32],[60,32],[-22,36],[-241,166],[-59,85],[-88,18],[-31,124],[-248,215],[19,92],[-28,-87]],[[90469,13214],[-58,83],[-125,70],[11,68],[-69,46],[-226,15]],[[91099,13833],[-123,55],[-70,133],[-183,-21],[-110,-115],[-10,-154],[-52,-43],[20,-127],[92,-6],[15,47],[52,5],[11,-51],[64,15],[30,-33]],[[85789,19255],[95,-43]],[[87409,20123],[-347,132],[-157,-16],[-116,-52],[-282,109],[288,257],[-121,50]],[[86674,20603],[-185,-106],[-309,192]],[[88970,16364],[69,159],[-106,69],[78,275],[-281,63],[-117,92],[-69,142]],[[88487,17099],[-56,-62],[5,-249],[-139,-23],[38,-178],[-131,5]],[[88204,16592],[-66,-71],[-50,6],[29,-166]],[[88117,16361],[214,115],[67,-19],[130,-44],[98,-210]],[[88626,16203],[223,166],[121,-5]],[[89449,17378],[-54,155],[65,171],[17,-70],[80,-27],[13,-147],[154,-116],[46,126],[148,14],[25,-98],[134,-157],[185,-54]],[[90262,17175],[54,50],[-130,86],[-25,80],[69,194],[116,120]],[[90346,17705],[-60,33],[-124,-42],[-78,86],[-59,-18],[-36,210],[-200,24],[-163,165]],[[94155,8901],[181,-75],[-6,-102],[-57,-53],[230,-242],[188,-61],[199,-143],[231,-32],[86,-96]],[[95207,8097],[326,175],[171,202],[89,8],[36,219],[92,164],[265,77],[252,5],[389,141]],[[96827,9088],[-192,9],[-120,64],[-169,3],[-356,141]],[[95990,9305],[-281,153],[-92,106],[-73,22],[-106,-41],[-85,29],[-14,-32],[-90,25],[-49,-25],[-107,32],[30,24],[-130,41],[-44,53],[-40,-15],[9,35],[-116,32],[-80,-23]],[[93224,8771],[-64,-151],[-159,-81],[-54,-127],[-124,-72],[-25,-53],[85,-87],[-86,-149],[74,-102],[-74,-39]],[[92797,7910],[-18,-84],[269,-259],[-93,-37],[-5,-40],[81,-188],[-67,-155],[84,-85],[-286,-145],[-123,29],[-134,-92],[121,-90],[-23,-141],[152,-140],[67,-62]],[[92822,6421],[47,86],[355,72],[495,264],[128,-66],[210,52],[257,149],[5,135],[-168,145],[200,171],[265,56],[121,106],[-36,51],[157,195],[349,260]],[[94971,10367],[152,72],[114,114],[551,108],[124,82],[20,115],[232,65]],[[96164,10923],[-9,45],[-11,62],[-111,18]],[[96033,11048],[-177,75],[-91,-8],[-115,88],[33,192]],[[95683,11395],[-223,-22],[-52,34],[-90,-48],[70,-14],[-67,-62],[-93,-6],[-2,-78],[-189,72],[-61,73],[17,83],[-332,18]],[[95100,22060],[26,-198],[-255,-282],[110,-141],[-57,-331],[-59,-9],[-25,-166],[-65,-27],[15,-161],[-157,-133],[66,-131],[-27,-72],[-158,-54]],[[95261,20071],[85,86],[118,30],[20,144],[-44,104],[75,147],[333,-47],[231,56],[51,273],[-84,44],[283,78],[35,110]],[[96364,21096],[-276,199],[-259,70],[-306,-4],[-41,72],[56,183],[-106,53],[-24,141],[52,79],[-137,143],[-140,55],[-83,-27]],[[87947,16240],[-150,83],[-94,7],[-146,125],[-188,40],[-167,90],[-10,-115],[-74,-14],[-52,-92]],[[87066,16364],[201,-113],[-18,-116],[-78,-32],[-215,88],[-72,-54],[-111,10],[-91,-116],[161,-208],[154,-81],[97,21],[-36,-70]],[[87058,15693],[-26,-63],[204,-121],[-17,-61],[111,-127],[8,-44],[-87,-39]],[[87251,15238],[63,-90],[312,157],[88,-111]],[[87714,15194],[446,80],[85,101],[329,-16],[57,143],[139,-28],[47,62],[-42,162],[-74,-9],[15,41]],[[88716,15730],[-155,3],[-33,32],[-137,-114],[-90,20],[-35,245],[-399,163],[7,83],[73,78]],[[37767,60436],[145,-205],[103,-555],[77,-154],[-147,-158],[-68,-13],[-67,-133],[33,-207],[-202,-22]],[[42149,54765],[401,58],[111,65],[51,92],[-33,102],[44,44],[-89,125],[-15,142],[-119,115],[57,282],[-52,131],[-88,50],[176,66],[67,88],[265,-10],[335,84],[46,324],[75,146]],[[43381,56669],[-231,286],[-184,-70],[-103,0],[-257,-127],[-92,61],[-217,-78],[-209,37],[64,90],[-4,109],[80,44],[-99,91],[-140,10],[-20,189],[-227,213],[-51,135],[-133,24],[-51,101],[-137,37],[-18,182],[-117,36],[2,394],[149,101],[-4,67],[-86,55],[71,25],[41,113],[-60,20],[-33,111],[-182,-19],[-58,207],[-81,21],[-78,92],[-200,67],[-292,337],[-82,176]],[[40342,59806],[-103,-31],[-3,-73],[-84,-53],[-262,-29],[-153,18],[27,78],[-93,115],[1,215],[146,119],[-37,127],[-159,60],[-96,134],[-71,-5],[-62,74],[-6,104],[-166,105],[-135,21],[-39,74],[-118,43],[-141,0],[-532,-174],[-186,11],[-117,-33],[-13,-129],[-173,-141]],[[38689,61911],[-59,-48],[-11,-110],[-180,-60],[-75,-76],[-451,-155]],[[37913,61462],[-221,-57],[-90,-107],[-283,-105],[205,-535],[243,-222]],[[40342,59806],[149,353],[-136,133],[366,232],[94,187],[-35,15],[107,69],[17,76]],[[40904,60871],[-125,45],[16,276],[-50,100],[46,132]],[[40006,61650],[-132,-26],[-173,48],[-139,-19],[-121,95],[-366,147]],[[39075,61895],[-206,8],[-114,-32],[-25,107]],[[37058,61494],[-13,-49],[-122,-20],[-165,-139]],[[37913,61462],[-855,32]],[[36441,62666],[251,-17],[170,49],[63,-89],[139,-24],[86,-97],[269,-91],[90,30],[243,-109]],[[38317,62772],[-22,160],[88,30],[-292,156],[-22,166]],[[38069,63284],[-166,201]],[[35399,64448],[598,-10]],[[35997,64438],[83,89],[130,27],[87,66],[91,1],[97,151],[97,7],[173,117]],[[20875,56542],[-270,-109],[83,-120],[-112,-62],[-23,-231]],[[21729,56128],[175,123],[-43,141],[60,63],[-41,55]],[[31106,56222],[-179,-90],[-68,21],[-160,-87],[-314,-17]],[[30385,56049],[186,-236],[-60,-94],[4,-104],[103,-22],[28,-103],[182,-115],[21,-92]],[[30849,55283],[54,127],[177,19]],[[31372,55522],[-82,79],[10,47],[297,25],[213,159]],[[31810,55832],[-14,39],[-88,0],[157,89],[22,69],[-125,96],[-8,55]],[[30134,56246],[4,-64],[-359,-33],[-133,-130],[-381,70]],[[30156,55031],[199,139],[133,-25],[361,138]],[[30385,56049],[-60,91],[-191,106]],[[31630,54446],[60,-71],[99,-32],[-48,-258],[-78,-115],[-221,58],[-52,-86],[-129,-65],[-38,-79]],[[31443,54592],[-120,-32],[48,-50],[259,-64]],[[32206,55316],[111,97],[-142,130],[-101,12],[-58,116],[-138,21],[19,38],[-87,102]],[[30134,56246],[-29,24],[-700,366],[-222,70],[-47,64]],[[30938,56550],[-142,-53],[-119,82],[-61,3],[-128,117],[-252,138],[-162,32],[-219,-59],[-85,68],[-82,205],[-130,-20],[-164,68],[-144,-6],[-73,51]],[[29181,57291],[344,78],[146,-10],[126,73],[220,49],[109,69],[101,144]],[[31630,54446],[-381,-102],[-118,69],[-514,97]],[[25189,54519],[102,39],[111,120],[-98,109],[35,41]],[[14992,62624],[-592,-101],[4,-32],[202,27],[175,-240]],[[14781,62278],[425,-57],[96,-106],[147,-50],[82,-107],[292,-113]],[[16023,62608],[-207,115],[-182,49],[-115,-92],[-157,7],[-370,-63]],[[14929,62905],[-37,-206],[100,-75]],[[16226,62675],[70,79],[261,-7],[83,48]],[[16640,62795],[94,165]],[[33931,34120],[-74,-40],[-156,-7]],[[33701,34073],[83,-55],[133,-101]],[[33917,33917],[88,48]],[[34005,33965],[120,26]],[[34125,33991],[-58,59],[-124,-20],[-12,90]],[[37177,37722],[-132,-112],[-33,-90],[-117,-68],[12,-40],[-150,-10],[-28,-36]],[[36729,37366],[172,-70],[124,-102],[53,67],[299,79],[215,-18],[93,43],[52,-75]],[[38070,37596],[-126,91],[-82,-26],[-109,18],[-58,107],[24,141],[-342,-38],[-200,-167]],[[35431,34723],[837,168],[129,-168]],[[36922,34859],[10,79],[-187,120],[14,40]],[[34619,33325],[766,-346]],[[36814,33709],[-120,13],[-103,-34],[-345,95],[-436,-210],[-204,21],[-104,-84],[-132,-29],[16,-88],[-49,-20],[-48,35],[-93,-30],[-30,98],[-159,70]],[[38965,28892],[-385,-144]],[[38580,28748],[1525,-1294]],[[39378,28663],[-72,4],[16,189],[-183,54],[-136,-42],[-38,24]],[[40190,63878],[-83,-503],[-184,24]],[[39923,63399],[76,-168],[321,26]],[[40320,63257],[157,90],[11,130],[96,101],[220,7],[232,104]],[[86574,7144],[60,-106],[-175,-351],[223,-385],[-130,-152],[22,-149],[-263,-215],[-221,-80],[-167,-156]],[[86124,5480],[135,49],[210,166],[214,68],[135,202],[125,62],[34,61]],[[35890,32493],[-8,-90]],[[35882,32403],[44,-44],[93,33],[73,-53]],[[35873,32447],[1,0],[-1,0],[-1,1],[-1,0],[-1,0],[-2,-1],[1,0],[1,0],[2,0],[1,0]],[[33950,36423],[385,-24],[12,40],[206,12],[93,65],[78,133],[229,-5],[80,-59],[259,110],[181,17],[64,44],[120,-6],[121,336],[105,-10],[216,-132],[195,63],[141,178]],[[36435,37185],[-12,214],[127,200],[136,102],[-130,97]],[[37057,38210],[63,-109],[-56,-35],[5,-66],[-74,-28],[-12,-94],[73,-102],[121,-54]],[[31128,37700],[314,-148],[4,-70],[296,-137],[70,-137],[194,-190],[-3,-67],[-87,-13],[273,-151]],[[56747,78030],[266,-629],[127,-189],[212,-196],[895,-420],[65,-259],[175,-69],[247,-21],[287,-220],[197,-76],[592,-36],[436,51],[782,317],[380,239],[483,90],[88,80],[32,120],[242,87],[293,166]],[[62546,77065],[110,271],[6,454]],[[39152,70003],[-66,-243],[168,-124],[-34,-170],[270,-296],[-14,-224],[190,-560],[-57,-151],[-132,-94],[-234,-286],[-364,-156]],[[41599,66889],[74,183],[-26,186],[100,141],[132,49],[-55,89],[-76,15],[-41,-114],[-79,-15],[-76,42],[-2,70],[227,107],[229,178],[-12,39],[106,118],[63,4],[60,61],[93,-17],[150,42],[162,39],[8,116],[106,45],[64,319]],[[42806,68586],[-81,148],[-396,426],[82,251],[-292,-2],[-199,56],[-267,-46],[-223,39]],[[41430,69458],[-202,-71],[-155,-130],[-197,4],[-120,114],[-47,-10],[-152,67],[-24,345],[-208,-52],[-168,35],[-174,-41],[-266,192],[-565,92]],[[36085,67455],[301,-82],[323,6]],[[36709,67379],[278,53],[282,-80],[326,85],[111,-61]],[[39152,70003],[-773,185],[-937,13],[-235,88],[-44,80],[-188,91]],[[41430,69458],[208,365],[541,275],[178,136],[13,66],[-140,270],[-2,89],[326,170]],[[42554,70829],[537,479],[628,370],[222,279],[174,122],[141,32],[385,-24],[41,53],[-71,157],[48,225],[-71,0],[-214,-163],[-796,142],[-424,-70],[-482,14]],[[42554,70829],[540,50],[158,-24],[151,-190],[-65,-242],[254,-146],[843,-7],[445,-77]],[[44880,70193],[169,232],[-270,287],[-3,206],[234,242],[-85,150],[10,89],[293,9],[52,124],[-32,85],[-197,147],[11,60],[828,465],[186,207],[145,96],[248,56],[415,-41]],[[42806,68586],[176,-32],[207,27],[116,-124],[227,-76],[493,-2],[96,-185],[267,-237],[522,-208],[191,-20],[165,107],[446,144]],[[46001,68931],[340,840],[-339,-76],[-165,5],[-714,134],[-23,43],[90,110],[-238,109],[-72,97]],[[50375,78702],[121,-180],[34,-426],[66,-162],[371,-317],[420,-487],[524,-431],[229,-71],[474,-49],[165,-97],[192,-321],[352,-210],[480,-159],[428,-255],[449,-144],[188,-15],[202,34],[187,-33],[116,-62],[351,-368],[686,-247],[214,-216],[113,-59],[334,-51],[271,-86],[87,-70],[39,-126],[-219,-345],[-20,-231],[57,-165],[159,-163]],[[58600,73064],[61,95],[-55,27],[-16,110],[216,251],[196,31],[120,136],[190,49],[143,161],[216,89],[247,236],[161,93]],[[60079,74342],[340,28],[203,98],[491,521],[415,188],[147,177],[164,114],[179,67],[70,296],[183,99]],[[62271,75930],[114,115],[4,248],[-26,96],[-208,232],[195,165],[367,177],[-171,102]],[[59237,90817],[6,-236],[-184,-333],[36,-146],[-332,-237],[36,-132],[-47,-92],[-67,-38],[-78,-146],[-160,-45],[-20,-40],[83,-45],[214,-26],[163,-118],[448,-49],[157,-513],[398,-189],[-155,-306],[43,-73],[155,-66],[147,-308],[148,-40],[214,69],[263,-57],[469,-232],[64,-101],[94,-54],[296,-42],[275,-172],[311,-43],[546,-260],[29,-149],[-149,-124],[-59,-108],[58,-130],[224,-248],[250,-101],[415,-77],[529,-335],[497,-54],[70,-73],[21,-200],[76,-84],[438,-27],[927,-451]],[[72609,84760],[239,141],[650,127],[226,76],[42,317],[273,321],[-104,246],[284,244],[-122,251],[158,127],[167,37],[415,-11],[203,140],[118,148],[331,-58],[162,69],[204,-95],[289,80],[105,148],[152,93],[101,163],[79,33],[250,1],[592,-90],[168,88]],[[77591,87356],[-150,104],[-64,207],[13,263],[-539,58],[-478,209],[-219,-40],[-260,-109],[-115,4],[-64,137],[97,227],[-56,97],[-52,11],[-271,-100],[-27,-67],[-152,-63],[-75,-121],[-84,1],[-103,88],[-79,-12],[-180,-231],[-133,-343],[-97,-88],[-318,21],[-77,-25],[-27,-88],[155,-214],[-61,-72],[-86,18],[-22,83],[-77,32],[-274,-67],[-202,-2],[-214,169],[-90,17],[-264,-180],[-124,-13],[-129,-99],[-245,-97],[3,-140],[61,-96],[-74,-105],[-157,23],[18,147],[-83,42],[-361,-101],[-222,96],[-108,-26],[21,-126],[-211,24],[-88,-106],[-189,1],[-368,-88],[-89,37],[0,152],[-231,221],[-154,-125],[-343,95],[-208,9],[-150,-44],[-144,114],[-265,43],[-210,169],[-191,57],[-167,-39],[28,-139],[-165,-100],[-70,-180],[-112,-63],[-77,17],[15,190],[-147,134],[-75,20],[-76,-29],[-54,-157],[-95,-39],[-75,38],[-38,131],[-129,62],[-208,-144],[-187,-37],[-199,-100],[-342,12],[-305,-116],[-29,57],[117,136],[-229,101],[-117,338],[-95,3],[-123,-101],[-85,-3],[-86,65],[-65,147],[-95,21],[-63,-82],[-1,-124],[-64,-45],[-69,7],[-71,79],[26,155],[-122,31],[-140,-73],[-167,-5],[-31,56],[80,121],[-71,77],[-177,80]],[[64550,87846],[-141,-74],[-84,-135],[-246,1],[-58,37],[-55,281],[-556,109],[-595,698],[-127,90],[-528,138],[-790,38],[-233,92],[-161,252],[-238,153],[22,225],[88,30],[-5,57],[-170,44],[-273,-26],[-273,88],[109,159],[36,215],[-346,242],[-41,292],[-125,102],[-155,-6],[-123,41],[-245,-172]],[[50840,94963],[287,-329],[419,-81],[81,-76],[196,-34],[176,-269],[136,-39],[74,-216],[522,-353],[25,-87],[303,-123],[126,-125],[-14,-158],[186,-97],[128,-12],[47,-98],[211,-37],[173,-145],[246,8],[153,-115],[85,3],[35,38],[111,-40],[81,18],[641,-150],[147,-88],[155,22],[487,-117],[111,52],[99,-11],[170,-101],[181,-28],[244,-172],[261,-96],[437,-39],[210,19],[52,-34],[27,-124],[158,-164],[274,-25],[-4,-84],[134,-64],[135,-225],[91,-67],[71,-80],[242,16],[150,-36],[100,-53],[37,-130]],[[64550,87846],[-169,193],[-22,204],[304,44],[141,287],[295,124],[51,64],[-12,79],[-165,-12],[-106,44],[-3,85],[101,137],[-225,151],[-9,146],[88,191],[-49,186],[90,120],[-27,80],[-293,58],[-43,74],[70,139],[-17,120],[-168,11],[-145,-33],[-123,219],[-109,100],[-120,-33],[14,-171],[-43,-81],[-105,-26],[-72,22],[99,77],[-45,43],[-353,22],[-112,-63],[41,-164],[-94,-47],[-60,25],[-30,94],[-218,54],[-226,111],[-382,-77],[-32,143],[-186,143],[-320,28],[-207,110],[-74,152],[149,112],[102,219],[303,172],[63,92],[-51,38],[-125,-45],[-85,34],[-4,71],[98,142],[-1,45],[-131,66],[75,67],[-14,66],[-186,19],[-121,77],[-28,153],[-69,51]],[[61455,92398],[-245,-99],[-218,4],[-278,293],[-292,55],[-160,-54],[-208,26],[-34,-28],[-96,40],[-243,-69],[-88,7],[-96,114],[-517,209],[-96,236],[-261,36],[-144,151],[-102,45],[-663,109],[-502,-78],[-374,14],[-33,47],[-187,64],[-277,22],[-195,124],[-169,173],[-158,29],[-246,155],[-399,147],[-152,83],[-131,132],[-370,-1],[-288,76],[-180,120],[-134,38],[-133,-20],[-126,-71],[-119,9],[-369,251],[-429,24],[-65,41],[-307,55],[-474,5],[-317,184],[-131,-27],[-270,123],[-240,24],[-124,-27]],[[61455,92398],[-369,42],[32,50],[217,-16],[29,54],[-89,162],[-140,96],[74,203],[-53,24],[-152,-58],[-118,53],[-82,324],[-204,-41],[-267,159],[-217,-75],[-189,34],[-69,62],[-32,189],[-68,-35],[-2,-177],[-160,-113],[-76,8],[-34,98],[-169,-51],[-110,69],[-264,25],[-83,47],[-30,142],[-190,156],[-13,172],[-98,85],[-140,5],[-162,-62],[-110,16],[-38,62],[126,108],[-88,84],[-207,-112],[-93,3],[-89,53],[-92,164],[59,244],[-60,72],[-122,-47],[-62,-171],[-140,-44],[-240,27],[-584,228],[-396,-17],[-384,147],[-32,84],[64,125],[-119,242],[-72,35],[-201,-11],[-56,87],[114,78],[226,-87],[60,10],[8,177],[170,108],[11,48],[-49,17],[-188,-68],[-76,16],[-59,63],[96,142],[-24,51],[-54,16],[-105,-95],[-104,-4],[32,201],[-250,-15],[-223,132],[-24,97],[238,64],[62,123],[-278,164],[94,158],[-44,74],[-168,107],[-3,206],[-50,60],[-48,11],[-141,-99],[-67,93],[44,200],[-30,41],[-315,50],[-89,75],[-168,-78],[-36,24],[48,75],[-23,47],[-228,-28],[-199,251],[-160,56],[-22,100],[-307,80],[46,143],[-274,-54],[-136,-71],[-96,16],[-82,66],[49,105],[-34,53],[-60,6],[-166,-114],[-127,36],[-46,47],[8,245],[-102,110],[-28,107],[-272,267],[-209,68],[-180,-94],[-129,-150],[-154,-31],[-195,13],[-145,183],[-52,5],[-7,-70],[-80,-27],[-80,91],[-159,54],[-87,75],[-25,145],[-348,42],[-175,161],[-131,46],[-171,129],[-470,86],[-338,162],[-281,-54],[-33,-152],[-178,-153],[-105,-38],[-26,-86],[-141,-38],[-89,-108],[-62,32],[-129,-66],[-217,26],[-99,-46],[-54,32],[49,59],[-88,6],[-33,-93],[-301,-38],[-195,89],[-234,11],[-50,60],[-142,58],[-93,-10],[-69,77],[-83,19],[-73,-28],[-75,25],[-18,-35],[-41,31],[-81,-82],[-128,-2],[-73,58],[-90,-13],[-89,69],[-53,-3],[-25,-446],[159,10],[92,67],[80,-38],[163,39],[136,-15],[131,-90],[27,-80],[89,-20],[136,-116],[24,-170],[62,-58],[-18,-99],[73,-10],[13,-108],[153,-128],[11,-64],[129,-99],[84,-134],[110,-19],[89,-84],[14,-104],[248,-69],[59,-91],[191,57],[-12,-42],[70,-12],[51,-63],[-14,-108],[95,8],[48,-71],[61,7],[7,39],[129,-29],[28,-35],[-42,-47],[62,-36],[-5,-50],[112,85],[68,-32],[27,-83],[-48,-44],[131,-21],[24,-108],[-119,-55],[-3,-114],[110,-23],[-54,-10],[5,-37],[72,-53],[-82,-54],[15,-72]],[[85602,81512],[3190,3459],[107,174],[-89,189],[42,220],[-125,175],[-71,27],[-58,-20],[-159,-262],[-134,-22],[-211,81],[62,169],[-94,112],[-127,10],[-111,-133],[-162,57],[-112,422],[-113,114],[-178,37],[-158,-107],[-236,-84],[-132,3],[-137,52],[-55,47],[35,79],[333,60],[113,60],[19,68],[-63,52],[-129,-15],[-332,78],[-115,-28],[-246,-154],[-165,-9],[-139,77],[-41,159],[-141,141],[-223,-88],[-103,1],[-104,51],[-165,184],[-232,62],[-149,-9],[-26,-38],[306,-93],[49,-72],[-23,-63],[-355,-91],[-220,44],[-113,114],[104,185],[3,145],[-292,-84],[-106,45],[8,88],[115,122],[-25,54],[-221,79],[-452,60],[-124,154],[-86,39],[-459,12],[-150,294],[-192,88],[-185,-34],[-141,-126],[-131,-24],[-145,63],[-134,158],[-288,19],[-65,-61],[-8,-85],[221,-272],[-17,-79],[-156,16],[-142,118],[-181,36],[-634,-80],[-75,-106],[76,-73],[25,-107],[-60,-31],[-123,53],[-105,-23],[-41,-192],[-59,-39],[-201,51],[-206,181],[-139,-8],[-90,-97],[-63,-6],[14,117],[-46,16],[-275,-76],[-108,-166],[-292,-26],[-292,-133],[-93,102],[80,225],[-256,144],[-163,211],[-166,69],[-191,-47],[-11,-83],[132,-232],[-34,-83],[-76,-17]],[[72193,39920],[-85,-8],[-37,-41],[83,-45],[-35,-59],[29,-131],[35,-27],[242,53],[137,-86],[60,0],[24,-79],[-119,-96],[-251,-36],[-75,-92],[-61,20],[-28,-45],[-48,38],[-102,-85],[86,-9],[75,-60],[-102,-70],[18,-165],[-64,-65],[46,-133],[-55,-17],[-99,-161],[113,-276]],[[71980,38245],[111,-43],[46,23],[21,132],[179,37],[386,-68],[58,-64],[-89,-63],[12,-56],[125,-63],[235,-29],[102,50],[144,-51],[93,74],[120,-27],[61,30],[192,-110],[294,31],[271,176],[265,-86],[141,-7],[78,93],[-15,43],[156,154],[215,-32],[68,26],[208,-134],[60,1],[48,58],[130,-71],[95,21],[177,-88],[73,-105],[236,120],[100,-176],[-48,-72],[-93,-40],[19,-87],[133,-45],[140,30],[81,-62],[212,23],[98,-210],[192,-96],[221,36],[178,-60],[74,16],[270,-131],[131,57],[153,-8],[73,-148],[128,-122],[-97,-145],[203,17],[128,-112],[-61,-23],[73,-70],[228,-86],[-27,-96],[89,-45],[112,13],[-8,-172],[348,-51],[207,-80],[114,-142],[281,-158],[93,-19],[116,38],[48,58],[99,8],[113,-47],[90,18],[129,-51],[18,-47],[28,32],[208,-54],[20,-79],[29,14],[75,-56],[-43,-3],[61,-43],[-37,-19],[91,-142],[-35,-20],[78,-4],[-33,-33],[57,-39],[-43,-31],[38,-77],[69,-7],[42,60],[79,-13],[-38,-126],[69,-49],[68,23],[-25,-39],[60,19],[100,-93],[144,-8],[10,-46],[122,43],[28,-71],[40,57],[102,-47],[8,37],[52,-16],[-6,36],[88,-43],[62,47],[94,1],[-9,-39],[67,-9],[-11,-25],[39,18],[-40,-38],[57,-55],[63,21],[67,-88],[71,-5],[-15,-50],[65,-10],[40,32],[168,-25],[65,-83],[56,21],[23,-51],[81,23],[5,-35],[127,-5],[10,-48],[49,58],[84,-64],[65,1],[-22,26],[88,-18],[-16,39],[77,-4],[35,43],[59,-41],[77,23],[55,-40],[30,25],[-4,-52],[164,4],[14,-49],[75,74],[66,-31],[28,24],[45,-47],[85,10],[-16,-59],[83,-24],[-26,-43],[53,-46],[-51,-23],[81,-25],[22,36],[48,-89],[125,79],[-45,-75],[86,-3],[26,-37],[-43,-20],[71,-20],[-40,-20],[67,16],[28,-67],[79,32],[35,-58],[59,8],[-31,-58],[52,1],[8,-40],[47,16],[-8,-39],[48,26],[57,-20],[48,-58]],[[85142,34061],[15,-31],[91,45],[70,-18],[-25,37],[37,14],[21,-61],[128,49],[59,-86],[100,29],[-24,-80],[86,29],[36,-82],[98,33],[18,-48],[52,-7],[-10,36],[33,-80],[52,-2],[36,43],[28,-34],[67,30],[80,-19]],[[86190,33858],[-659,221],[-37,70],[-112,41],[-329,20],[-286,165],[-107,243],[-120,90],[-143,20],[-261,222],[-494,116],[-73,109],[180,8],[177,55],[469,-113],[407,-49],[6,-83],[168,-117],[305,-74],[222,-191],[257,-112],[104,-101],[370,-105],[112,-108],[320,-149],[31,-120],[-65,-115],[275,-139],[31,-167],[336,-204],[35,-132],[170,-264],[276,-109],[179,3],[164,-65],[134,70],[458,-37],[388,-166],[245,-231],[476,-10],[312,-203],[202,-84],[553,0],[170,-89],[241,-11],[340,-149],[190,56],[127,-30],[67,99],[191,25],[88,-23],[60,-85],[211,17],[53,101],[153,31],[145,-164],[27,-208],[61,-56],[98,-29],[188,20],[114,-51],[-109,-134],[3,-98],[218,-4],[101,70],[124,16],[-117,-241],[31,-255],[186,-182],[-420,-165]],[[93407,30524],[68,-170],[283,-157],[3,-104],[-444,-163],[-131,-117],[2,-109],[99,-88],[-167,-76],[-19,-57],[224,-102],[-32,-63],[33,-133],[-76,-94],[-155,-37],[-95,-68],[2,-61],[-124,-29],[-187,-143],[28,-33],[-41,-56],[-117,-36],[5,-168],[-146,-99],[-138,-219],[-3,-275],[-60,-103],[35,-139],[-136,-214],[36,-54]],[[98273,29199],[27,74],[-66,17],[115,32],[-22,51],[-87,-33],[0,98],[-48,14],[59,50],[-36,36],[150,-33],[-104,44],[58,46],[-83,15],[120,11],[-107,41],[56,83],[-38,22],[52,24],[-51,44],[66,69],[-50,26],[95,61],[59,-41],[53,47],[74,0],[-55,78],[86,10],[-66,66],[80,6],[-81,25],[53,75],[61,-16],[5,45],[132,-21],[-82,98],[105,39],[-32,34],[37,113],[119,-6],[67,140],[107,-55],[170,72],[38,62],[100,23],[-94,0],[-21,30],[137,58],[-9,35],[-46,-31],[-19,25],[178,65],[-63,72],[-66,-24],[69,55],[-113,-33],[-20,60],[42,30],[-75,98],[69,126],[60,43],[82,-12],[98,137],[59,-41],[-42,79],[61,81],[134,23],[3,112],[-57,39],[131,7],[29,-61],[44,4],[-39,83],[58,53],[-11,53]],[[99988,31951],[-401,109],[-251,145],[-121,25],[-50,-43],[24,-170],[-196,-123],[-293,22],[-333,165],[-284,-308],[-149,16],[-237,-38],[-204,95],[-142,22],[-262,-56],[-217,-105],[-155,-268],[-92,-55],[-437,7],[-247,45],[-168,107],[49,54],[142,29],[-38,244],[52,83],[-41,47],[-115,31],[-243,-40],[-82,-97],[-229,-47],[6,71],[80,-18],[11,29],[-75,82],[-10,107],[-96,-14],[48,85],[70,-18],[21,33],[-217,125],[180,10],[-91,68],[77,1],[75,52],[27,96],[-148,30],[-63,-26],[-74,91],[239,37],[86,92],[-91,47],[-186,13],[-7,124],[137,-41],[-81,126],[92,16],[20,45],[-32,40],[-110,-3],[-48,87],[30,63],[-88,49],[-66,-85],[-155,-3],[38,83],[-40,45],[-124,-20],[-208,57],[-72,75],[132,35],[0,36],[-107,-20],[-101,105],[-104,-6],[-1,54],[-95,50],[22,41],[-170,23],[-28,81],[54,-1],[44,66],[-203,-32],[-212,188],[-75,-13],[-44,-81],[13,115],[-165,187],[-218,-12],[-77,83],[7,52],[-62,52],[66,-3],[16,29],[-134,16],[-51,-45],[17,-54],[-56,-24],[-64,67],[-34,-58],[-47,80],[-101,-95],[-90,78],[-150,9],[-80,-35],[65,-19],[-81,-53],[58,-40],[-102,-44],[-70,56],[-94,-44],[-338,141],[-74,-39],[-225,75],[-42,-14],[41,-70],[-74,-112],[-371,107],[-172,-99],[-52,40],[113,42],[-91,50],[-82,-2],[7,-53],[-97,-7],[-59,-103],[-2,144],[-141,-30],[-82,59],[-178,-147],[-35,95],[-114,47],[-91,-52],[-165,68],[-22,-75],[-76,51],[-185,24],[-16,32],[89,61],[-42,44],[-181,9],[117,83],[-107,9],[-21,103],[-102,2],[-35,-56],[-82,-15],[54,117],[-110,-1],[-83,133],[-199,13],[28,-53],[-69,-10],[-146,175],[-79,-18],[29,169],[-150,-53],[-271,53],[-38,38],[-74,-18],[10,83],[-165,-47],[-5,160],[-65,-69],[-97,76],[34,-72],[-46,-11],[-98,113],[-89,37],[50,47],[-12,93],[-86,-24],[-105,21],[-111,-37],[85,136],[79,44],[-27,34],[-78,-27],[-91,39],[-67,-19],[69,91],[-251,156],[-183,43],[-88,-97],[-60,113],[-121,-11],[7,76],[-133,13],[9,70],[-91,-36],[-179,26],[-4,45],[100,0],[-76,81],[105,95],[-74,-26],[-82,50],[55,47],[-26,66],[-62,-21],[-16,-90],[-93,25],[18,79],[-61,51],[68,20],[6,53],[80,-21],[30,30],[-148,34],[-113,-45],[-66,17],[46,31],[-67,44],[30,79],[-54,19],[-4,-64],[-40,-5],[-81,90],[116,-8],[24,88],[-73,2],[-79,57],[-38,-38],[-69,12],[-10,-94],[-20,52],[-95,-63],[-79,19],[-63,49],[-27,110],[-151,36],[-34,103],[-60,17],[83,72],[-64,76],[-102,3],[-80,-55],[-95,117],[-65,19],[-77,-43],[-11,-53],[-202,159],[-27,-53],[-82,40],[-62,-58],[-15,50],[-137,51],[67,60],[-130,8],[141,49],[-85,-3],[-68,57],[-76,-30],[52,-30],[-41,-39],[-84,79],[-96,-4],[6,97],[-72,7],[14,59],[-126,42],[22,55]],[[89070,31357],[-193,-57],[-173,-144],[-384,-74],[-94,-73],[-108,-24],[-291,-241],[-404,-101],[-77,-237],[-193,-171],[-80,-163],[-260,-87],[-243,-316]],[[92135,27354],[19,3]],[[93407,30524],[-564,-85],[-116,-127],[-152,-439],[-171,88],[-118,-67],[-163,-14],[-190,-81],[-231,99],[-29,104],[-144,-13],[-49,54],[-117,30],[-367,-19],[2,-40],[-243,-13],[-115,145],[54,32],[121,-8],[162,107],[39,99],[-196,165],[223,92],[181,2],[146,178],[-258,41],[-48,-134],[-60,-18],[-55,24],[-18,78],[151,87],[-90,59],[-187,22],[4,50],[100,35],[-32,53],[-244,-26],[-90,-61],[-69,50],[-155,-2],[-63,99],[-146,28],[-75,-42],[-175,-21],[2,-59],[76,-56],[-79,-27],[-236,122],[-197,-20],[-127,28],[-22,53],[99,54],[-6,49],[-139,90],[-108,-41],[-53,29]],[[99988,31951],[-2492,3205]],[[86190,33858],[63,-23],[8,-65],[46,26],[45,-54],[69,23],[-53,-62],[71,-11],[-14,-68],[87,-13],[36,27],[28,-57],[59,17],[66,-177],[26,58],[73,-50],[77,4],[-24,-138],[63,6],[2,-58],[42,28],[96,-211],[105,19],[-29,-52],[66,-51],[-18,-100],[68,-5],[13,-44],[-51,-27],[89,8],[48,-96],[65,-6],[-72,-54],[75,-26],[-40,-34],[49,-15],[-36,-24],[31,-32],[-57,-24],[-8,-112],[-62,-17],[106,-27],[2,-107],[108,-55],[30,33],[16,-74],[91,-38],[10,48],[58,-8],[22,-72],[48,40],[89,-3],[-5,-44],[135,-19],[4,-48],[97,24],[146,-69],[48,13],[50,-22],[-15,-49],[50,27],[0,-42],[50,11],[-13,38],[129,-14],[45,-144],[62,-17],[-46,-69],[47,23],[94,-21],[-102,0],[-7,-46],[87,17],[-1,-65],[79,-16],[-2,-38],[258,-81],[8,-97]],[[79393,29423],[-55,103],[156,77],[57,122],[-203,99],[-18,219],[-76,118],[26,41],[236,54],[466,225],[91,114],[-93,91],[44,77]],[[80024,30763],[-123,128],[76,163],[-55,19],[-32,116],[-78,76],[6,54],[76,42],[-43,73],[37,140],[386,450],[203,124],[333,304],[249,94],[22,79],[136,108],[165,8],[202,98],[188,-16],[97,100],[-21,96],[248,120],[13,73],[-102,-17],[-65,25],[61,71],[-102,45],[89,31],[-6,30],[-165,-6],[47,-69],[-29,-31],[-52,10],[-25,57],[-106,-25],[19,69],[-69,46],[182,57],[-64,90],[-49,-18],[57,-49],[-255,-64],[-22,22],[61,23],[52,91],[-91,-12],[-200,196],[-87,37],[-217,-16],[29,48],[87,12],[1,54],[-102,-6],[-40,-67],[-132,-23],[74,76],[-202,109],[14,100],[-123,73],[-35,-68],[-82,6],[34,84],[69,20],[-116,31],[13,87],[-146,-13],[-78,149],[-140,33],[-84,-36],[18,79],[-51,40],[-155,-16],[-81,78],[-144,19],[-11,129],[-55,54],[-129,-33],[-85,-65],[-128,46],[-18,52],[134,-1],[17,77],[-111,64],[-135,1],[-63,80],[-62,-80],[-76,-13],[-18,43],[89,86],[-48,19],[-61,-69],[-81,-1],[-67,57],[72,43],[-81,78],[-59,-24],[33,-55],[-245,43],[-79,80],[-101,-56],[-101,18],[45,156],[-82,-52],[-139,42],[66,46],[-30,87],[117,-43],[52,13],[-7,36],[-101,68],[-202,-72],[-84,180],[-77,-2],[-34,-70],[-120,70],[-48,1],[-27,-51],[-93,45],[-110,-87],[-52,47],[5,-41],[-66,-7],[-30,31],[-22,-48],[-54,22],[-66,-26],[38,-33],[-266,-5],[25,-81],[-74,46],[29,-48],[-223,-45],[34,-68],[-101,-36],[82,-28],[-39,-75],[60,-29],[-36,-141],[-64,1],[68,-76],[-57,-9],[-16,-52],[-69,23],[14,-87],[-108,14],[-27,-79],[-54,16],[-99,-56],[-282,41],[-162,-84],[8,-75],[-83,-49],[-235,-42],[-116,-57],[-199,-16],[-67,-47],[-134,21],[-339,-77],[-132,-162],[-191,-47],[-162,-417],[-151,-141],[29,-254],[-49,-131],[49,-96],[-60,-111],[107,-67]],[[71980,38245],[-274,12]],[[71706,38257],[-68,-218],[-181,-83],[-171,-180],[40,-182],[-17,-89],[-115,-78],[49,-38],[-58,-49],[14,-96],[-74,-168],[53,-60],[-13,-82],[-165,-114],[-152,-52],[-60,-94],[-157,10],[2,-60],[-118,-35],[20,-54],[-139,-78],[-37,-99],[-147,-88],[42,-157],[303,-131],[22,-72],[90,-55],[-160,-118],[2,-114],[465,-156],[-124,-192],[5,-134],[68,-46],[12,-72],[-29,-155],[428,-52],[37,-112],[178,-55],[-84,-92],[5,-173]],[[80024,30763],[265,194],[179,69],[-3,79],[64,34],[-15,109],[148,82],[26,120],[74,-6],[114,85],[175,-24],[5,49],[72,10],[50,61],[226,-33],[112,117],[135,29],[69,76],[107,25],[25,-44],[55,67],[103,1],[33,43],[25,-26],[48,76],[128,-31],[53,73],[137,-1],[21,55],[178,85],[51,70],[72,9],[115,95],[70,0],[100,94],[84,-1],[81,105],[-86,43],[74,71],[67,10],[51,-35],[34,30],[54,-81],[87,26],[27,-33],[68,15],[33,-49],[19,862],[-126,44],[-107,96],[-62,-8],[-72,98],[-144,80],[-100,5],[-172,125],[101,122],[-49,61],[-204,98],[70,165],[157,27],[166,-20],[77,38],[112,-29],[93,61],[83,-51],[213,-16],[134,-77],[21,-56],[68,-1],[58,77],[160,-15],[142,34],[23,-48],[90,0],[174,-112],[195,-2],[90,-91],[60,25],[25,-38],[97,17],[135,84]],[[47475,46833],[275,-410],[-98,-114]],[[48781,45160],[466,-21],[202,-79],[122,28],[564,412],[-145,79],[127,-28],[34,67],[71,-50],[101,-7],[-55,-173],[102,31],[-17,47],[60,-9],[65,58],[69,-54],[127,7],[35,-83],[66,96],[53,-137],[48,106],[90,-49],[138,5],[12,33],[-70,14],[-38,55],[75,-13],[-24,77],[157,61],[228,-171],[-44,-120],[159,-55],[61,46],[64,169],[65,36],[114,-64],[146,39],[177,-23],[114,93],[-8,63],[86,26],[77,-5],[240,-205],[207,26],[176,-37],[-6,57],[181,156],[-4,119],[264,80],[45,108],[90,34],[323,-14],[26,-102],[176,-24],[62,-56],[218,0],[109,45]],[[11660,74484],[-45,59],[-71,3],[-103,66]],[[11601,75182],[-325,-50]],[[11638,75903],[-8,92],[-130,116],[-385,152],[-153,-62],[-101,33],[-90,-21],[-103,75],[-125,5],[-134,63],[-42,63],[-160,44],[-45,70],[-112,44],[-56,97],[-337,105],[-35,-39],[-208,10],[-11,60],[-56,-5],[-94,-99],[-82,20],[8,59],[-114,-42],[-61,-205],[-147,-20],[72,-65],[-92,-5],[-26,-42],[-55,31],[-17,-134],[-89,29],[-23,-78],[-100,-23],[-12,-54],[-72,-4],[-32,-47],[-118,35],[-146,-109],[45,-50]],[[13487,72365],[58,-130],[107,-73],[-81,-211]],[[13571,71951],[144,-110],[237,10],[20,-211],[-113,-261],[70,-146],[109,-14]],[[14038,71219],[119,59],[357,-73],[304,57],[105,64]],[[14923,71326],[7,112],[113,61],[173,27],[165,-44],[234,9]],[[15431,71903],[-40,83],[-347,56],[-151,-30],[-16,65],[-155,-4],[-268,92],[-34,84],[100,53]],[[13571,71951],[-102,-39],[-303,-337],[-141,-70],[-136,-8]],[[12889,71497],[204,-210],[-9,-113],[177,-103],[-99,-68],[-23,-111],[-106,-66],[-181,-25],[-105,49],[-154,-2]],[[12304,70586],[517,24],[158,53],[289,-20],[185,107],[281,33],[184,93],[115,8],[85,85],[4,92]],[[14122,71061],[-84,158]],[[16711,73093],[-440,-8],[-179,134],[-146,243],[-105,-14],[-107,91],[-66,-15],[-80,36],[-124,246],[-200,-5]],[[15223,69993],[-46,10],[6,41]],[[15183,70044],[-117,2],[-174,-57],[-22,104],[-90,45],[-3,69],[-148,57],[-19,125],[-159,125],[-110,-10],[-86,83]],[[14255,70587],[-83,-81],[-517,-220],[-356,-29]],[[11746,69466],[150,-149],[121,60],[105,4],[212,-95],[26,-32],[-49,-89],[120,-33],[-109,-93],[143,-10],[247,-163],[-197,-407],[71,-111],[346,-72],[208,73],[20,-141],[119,-103],[4,-63],[75,-41],[166,-224],[100,-1]],[[12688,71731],[96,-59],[105,-175]],[[14255,70587],[61,71],[358,-4],[-102,73],[-78,141],[-254,64],[-118,129]],[[14923,71326],[38,-136],[180,-246],[-25,-87],[45,-68],[-94,-52],[29,-94],[-42,-119],[89,-70],[-1,-174],[81,-74],[-40,-162]],[[46632,94483],[-951,-2358],[-98,-116],[-56,-314],[-48,-18],[-150,83],[-1544,-1346]],[[60025,71636],[200,-56],[108,5],[127,95],[271,36],[211,383],[373,45],[189,137],[20,46],[-93,122]],[[61431,72449],[27,143],[-176,100],[-149,173],[101,249],[-267,206],[21,225],[-160,100],[-121,221],[-138,37],[-8,134],[52,46],[-229,73],[-141,118],[-164,68]],[[63841,73067],[-601,-298],[-615,-248],[-344,-96],[-520,-49],[-330,73]],[[59406,61368],[113,51],[-24,73],[199,152],[37,86],[-45,67],[54,106],[-56,41],[43,56],[-29,107],[138,74],[-134,155],[99,87],[7,59],[198,133],[93,243],[115,1],[110,140],[123,48],[111,142],[63,22],[48,116],[109,8],[2,42],[293,118],[199,8],[60,100],[113,53],[-4,43],[146,55],[47,-22],[112,47],[130,-16],[104,55],[64,-26],[187,94],[121,-17],[78,66],[277,39],[-19,78],[76,74],[29,-32],[90,54],[38,58],[58,-25],[-24,23],[40,12],[80,-11],[29,-38],[108,53],[149,-35],[37,52],[134,15],[56,-47],[5,32],[134,36],[89,-64],[-19,50],[113,-28],[-21,84],[66,49],[119,-69],[83,77],[-54,53],[77,-5],[-49,41],[46,24],[18,-38],[76,18],[-44,28],[91,34],[-92,28],[-5,35],[119,-26],[21,54],[54,-73],[22,31],[73,-6],[75,117],[1,-52],[52,23],[25,75],[-83,33],[115,76],[-14,72],[88,9],[-10,-33],[68,79],[-79,120],[42,54],[80,13],[9,69],[-110,98],[-74,-24],[-15,99],[-45,-29],[23,43],[-38,19],[43,34],[-70,22],[-17,131],[-59,-20],[25,84],[-41,-34],[-42,36],[-22,251],[-157,106],[-48,-26],[-173,232],[-33,-36],[-59,36],[71,98],[-102,39],[68,11],[-6,51],[-239,183],[-13,227],[99,40],[-15,55],[51,-4],[-67,76],[96,4],[-56,72],[45,54],[-52,13],[63,42],[-85,-2],[15,45],[61,-9],[3,40],[81,13],[-34,30],[102,0],[-72,12],[75,62],[175,19],[-14,72],[-45,7],[34,34],[22,-23],[78,97],[-76,143],[53,22],[5,76],[59,-18],[34,123],[52,-2],[-48,59],[108,56],[-20,33],[-40,-25],[72,95],[135,-9],[-7,34],[60,-39],[46,70],[42,-36],[41,36],[-18,134],[101,41],[97,-25],[11,55],[-61,-6],[65,37],[84,-10],[8,36],[-73,-9],[39,56],[54,-22],[16,47],[29,-31],[39,47],[73,-9],[32,69],[-44,38],[94,1],[-30,88],[215,103],[-65,39],[176,6],[-22,44],[59,-23],[-22,45],[64,24],[-70,40],[44,43],[61,-31],[-18,54],[69,16],[-13,57],[47,25],[-76,21],[31,73],[122,26],[49,-31],[38,29],[-115,240],[77,119],[97,46],[-72,15],[61,13],[-65,24],[88,52],[-57,30],[148,92],[-113,-20],[-12,117],[-49,8],[-8,146],[100,84],[-74,-5],[31,77],[-35,4],[102,67],[4,36],[-58,13],[163,98],[-52,45],[115,60],[-23,52],[81,75],[-28,46],[104,27],[15,35],[-42,14],[53,50],[107,11],[-46,100],[-58,-41],[-6,34],[127,56],[-29,32],[49,-8],[25,47],[-49,20],[112,17],[31,54],[-47,26],[69,-9],[-1,89],[58,18],[-84,42],[25,76],[46,11],[-88,-7],[74,81],[-42,84],[34,60],[-85,21],[50,16],[-58,68],[61,51],[-54,13],[18,-35],[-51,-21],[22,70],[-55,-6],[-29,51],[168,77],[-14,41],[106,30]],[[49752,61221],[-343,-90],[-291,-17],[-299,-218],[-541,-111],[-285,-126],[-96,-117],[-286,-149],[-459,-358],[-133,3],[-280,-181],[17,-95],[-83,-99],[-117,-27],[49,-72],[-49,-57],[-315,14],[-74,36],[-131,191],[-373,108],[-445,-180],[-97,-103],[-133,-28],[-169,-210],[-337,-67],[19,-160],[-103,-66],[-49,-91],[-78,-7],[-100,-71],[-27,-111],[67,-264],[-30,-104],[-66,-51],[-96,-267],[-198,-226],[-8,-95],[-143,-117],[35,-46],[-45,-75],[89,-36],[-15,-95],[-66,-183],[-196,-276],[-91,-258]],[[44503,54213],[333,78],[213,4],[161,-25],[112,-155],[89,-19],[204,67],[108,-4],[43,-37],[130,43],[266,-18],[154,-79],[299,-9],[2,45],[-238,121],[-22,49],[-61,14],[-29,86],[-106,40],[-43,224],[-128,-3],[-89,61],[123,30],[28,72],[-83,163],[104,121],[131,63],[-12,45],[114,76],[46,111]],[[46649,55593],[75,146],[145,85],[26,114],[185,16],[48,35],[38,313],[271,204],[-4,83],[72,40],[22,69],[191,107],[440,128],[139,160],[96,272],[200,130],[126,35],[422,14],[329,140],[200,347],[333,311],[339,-79],[267,-194],[389,-123],[301,-191],[153,-56],[131,-2],[76,30],[38,98],[146,131],[201,104],[106,249],[436,91],[17,156],[-158,296],[143,56],[153,7]],[[46241,45666],[-60,-21],[-78,56],[-190,28],[-314,-41],[-94,111],[-252,66]],[[49897,43118],[82,-128],[-137,-174],[106,-115],[-41,-47],[24,-130],[-289,-174],[-145,-18],[-7,-116],[-79,-33],[-23,-62],[24,-84]],[[37344,65345],[87,54]],[[37431,65399],[167,54],[-7,77],[58,27],[-54,80],[22,111]],[[37617,65748],[-5,132],[-176,5],[-260,149],[-109,19],[46,192],[71,37],[63,122],[-129,167],[27,164],[-106,62],[-285,5],[-112,47],[37,154],[-59,100],[-2,148],[91,128]],[[4421,72079],[-294,-384]],[[4959,71202],[614,-48],[125,83],[97,-8],[42,32],[747,-15],[-78,-183],[7,-148],[-114,-123],[-67,-185]],[[6332,70607],[-153,-136],[-28,-89],[-143,-75],[-7,-59]],[[9750,68565],[-83,180],[33,142],[60,50],[-32,133],[227,24],[42,75],[-79,61],[38,94],[-30,54],[103,151],[31,347]],[[8430,71105],[-557,250],[-167,133],[37,145],[-138,4]],[[5362,71673],[-43,46]],[[5319,71719],[-103,-8],[-194,92],[-123,175],[-478,101]],[[92679,18045],[281,1],[47,-75],[200,-96],[177,69],[245,-113],[270,-19],[259,-159],[-189,-108]],[[93969,17545],[438,-48],[147,-199]],[[94554,17298],[237,38],[170,76],[148,-106],[255,-27],[72,-51],[36,-105],[296,-87],[125,-127],[-22,-38]],[[95871,16871],[190,-41],[118,75],[140,-21],[-97,72],[0,68],[-175,100],[-168,195],[-128,79],[6,35],[-306,144],[-52,68],[-61,-11],[3,52],[-151,14],[-23,-41],[-22,70],[-71,-30],[37,34],[-94,39],[-10,73],[-52,-3],[18,49],[-110,115],[36,34],[-46,42],[-71,-8],[-70,200],[-295,237],[8,131],[-39,33],[85,36],[78,228],[-102,168],[24,275]],[[88626,16203],[30,-34],[95,13],[65,-53],[-85,-8],[81,-144],[-102,-164]],[[88710,15813],[462,94],[-22,-110],[193,-67],[107,-100],[-54,-36],[4,-59],[223,-162]],[[89623,15373],[256,146],[228,7]],[[90186,15598],[-199,217],[39,86],[-147,111],[25,48],[-82,70],[116,74]],[[89938,16204],[-402,38]],[[89536,16242],[32,-50],[-68,-41],[-108,-3],[-67,-49],[-153,24],[-170,154],[-32,87]],[[92349,16828],[628,-214],[-34,128],[162,79],[59,120],[89,-1],[174,-125],[297,24],[40,125],[252,83],[82,90],[230,-23]],[[94328,17114],[116,41],[24,97],[86,46]],[[93969,17545],[-273,32],[-54,-35],[-238,-16],[-135,-122],[-42,35],[-129,-3],[-2,-106],[-230,34],[-68,-150],[-65,17],[-281,-48],[62,-110],[-21,-74],[-105,-31],[-39,-140]],[[89938,16204],[-37,12],[10,113],[37,-77],[-13,46],[44,2],[-45,-64],[27,-36],[15,54],[73,20],[-53,24],[114,-6],[14,64],[226,-23],[18,-94],[105,85],[166,-33],[125,67],[116,16],[73,-30],[68,33],[-125,37],[-154,-39],[-19,27],[-4,-32],[-79,20],[-56,25],[78,33],[-66,47],[48,-51],[-84,-35],[42,-38],[-217,-76],[-18,57],[-1,-25],[-47,29],[49,24],[-55,32],[-72,-12],[-22,37],[97,-4],[25,-38],[87,33],[35,-39],[39,13],[-90,35],[35,22],[-42,-18],[-18,30],[-143,17],[-3,58],[-43,-20],[-46,50],[43,42],[-55,25],[214,-32],[-173,54],[21,22],[117,-34],[86,61],[16,-68],[23,24],[64,-24],[-9,59],[101,-10],[22,39],[-43,17],[67,-12],[14,37],[145,-153]],[[90805,16623],[-254,248],[-179,35],[-20,62],[-176,0],[-40,44]],[[90136,17012],[-145,16],[-68,-55],[-84,24],[-430,-195],[-80,-88],[-4,-202],[136,-103],[-13,-52],[88,-115]],[[89623,15373],[49,-17],[-17,-50],[-128,7],[-64,-38],[5,53],[-56,10],[-52,-54],[-105,-26],[132,-16]],[[89387,15242],[99,-19],[-11,-50],[195,-47],[-43,-98],[290,-104]],[[89917,14924],[2,60],[53,-7],[52,91],[-77,48],[-8,-38],[-39,5],[67,67],[-45,19],[121,23],[-97,45],[-93,-29],[-32,52],[286,-46],[111,-156],[246,-136]],[[89917,14924],[112,-33]],[[90029,14891],[26,31],[-46,35],[-92,-33]],[[85374,17063],[288,95],[113,-32],[125,29],[18,60],[103,59],[158,-86],[74,49],[48,-32],[152,60],[100,103]],[[86553,17368],[61,15]],[[86599,17797],[8,41],[49,1],[-2,63],[-125,125],[53,50],[-81,27],[149,20],[-140,73]],[[85700,18691],[-88,-54],[13,30],[-159,44],[26,61],[-69,-3],[-65,-65],[9,-114],[65,-27],[-121,-113],[-217,-111],[83,-193],[-146,-147],[0,-158],[134,-61],[6,-222],[158,-57],[-67,-37],[-17,-66],[-133,-60],[10,-53]],[[82347,13650],[24,58],[144,18],[193,172],[244,-47],[2,116],[129,71],[216,-39],[187,62],[213,-81],[50,48],[202,-68],[195,82],[37,102],[155,79],[233,-68],[42,69],[134,29],[110,115],[112,-104],[97,1],[-6,79],[144,197],[98,8],[1,31],[106,7],[31,34],[35,-24],[22,55],[206,74]],[[85703,14726],[98,30],[-307,189],[-36,239],[77,184],[-15,116],[-232,85],[30,72]],[[85318,15641],[-82,36]],[[88426,21063],[-148,-50],[-94,-150]],[[89280,20707],[-18,65],[-86,57],[-172,-58],[-138,70],[-173,167],[-267,55]],[[87257,22214],[1,-98],[-103,-155],[-178,-88],[-84,29],[-97,-53],[25,-121],[63,-40]],[[86884,21688],[109,-39],[99,26],[121,-83],[183,-22],[43,88],[210,65],[-43,-135],[120,-47],[72,-164],[114,-72],[125,-8],[59,-99],[136,24],[194,-159]],[[90136,17012],[58,129],[65,28]],[[90259,17169],[-63,3],[-56,-64],[-67,39],[-101,-39],[-20,46],[-44,-70],[-109,162],[31,-60],[-56,-33],[-130,85],[134,-145],[-199,86],[-140,-11],[-177,58],[-393,15],[-173,52]],[[86884,21688],[-20,-146],[-73,-72],[-53,-182],[35,-85],[-184,-216],[2,-124],[-131,-58],[21,-53],[167,-82],[26,-67]],[[95990,9305],[89,136],[1,86],[119,81],[-1,51],[189,41],[21,157],[207,-28],[65,37],[84,-26],[56,60]],[[96820,9900],[-79,25],[-37,62],[-83,128],[-54,8],[-82,13],[53,134],[203,97],[85,109],[69,-12],[28,78]],[[96923,10542],[-135,88],[47,64],[-99,-2],[-128,91],[-237,57],[-89,2],[-3,-160],[-80,-19],[-82,132],[68,106]],[[96185,10901],[-21,22]],[[92450,13062],[325,-10],[269,-51],[245,-81],[327,-178],[-111,-3],[-21,76],[-137,-58],[-18,82],[-147,58],[-8,36],[-43,-20],[-106,55],[-64,-30],[-96,34],[-323,-81],[-90,37]],[[90327,10247],[139,-58],[455,-53],[99,-99],[251,341],[118,-66],[236,35],[176,47],[180,170]],[[93049,11877],[-301,210],[-63,-3],[1,40],[-184,121],[110,12],[72,78],[140,39],[61,61],[92,-41],[157,154],[213,57],[24,40],[165,9],[21,57],[99,-12],[75,139]],[[93731,12838],[-67,47],[-220,-12],[-525,169],[-471,32]],[[92203,5808],[-24,35],[63,53],[63,-13],[97,67],[117,245],[182,54],[72,69],[-33,48],[82,55]],[[92797,7910],[-261,12],[-207,-89],[-143,27],[-61,-88],[-314,-143],[-64,3],[19,-119],[-385,7],[-55,-93],[-108,-27],[-8,-34],[-258,-27],[-71,-64],[-17,-316],[-40,-66],[-85,-24],[28,-49],[-137,-91],[-339,-51],[-218,-211],[-110,-54],[-36,-140]],[[93208,11855],[23,59],[-45,46],[47,16],[45,-93],[103,79],[-107,91],[126,62],[-18,45],[141,44],[-19,28],[54,-9],[6,100],[100,20],[-27,20],[70,51],[-39,92],[68,-11],[63,46],[-129,47],[163,-41],[23,-148],[-167,-185],[185,118],[49,249],[-163,168],[-29,89]],[[93027,9023],[-403,-26],[-229,27],[-59,-26],[-18,-85],[-388,139],[-213,-14],[-58,32],[5,45],[161,275],[-134,14],[-305,152],[-143,177],[-351,34],[-40,127],[-118,3],[-90,51],[-182,32],[-42,53],[-220,69]],[[90420,18015],[-12,-70],[-133,-90],[87,-36],[-16,-114]],[[90262,17175],[-3,-6]],[[90805,16623],[-15,77],[-81,58],[123,44],[-10,-74],[176,-62],[101,-114],[59,4],[6,69],[107,-10],[61,31],[-53,27],[61,79],[207,-72],[15,-61],[184,-13],[-77,62],[53,16],[-97,97],[-96,27],[21,-28],[-131,-6],[48,45],[-114,-4],[18,62],[-45,29],[-54,-16],[75,45],[77,-41],[35,87],[35,-26],[22,38],[81,-26]],[[91597,16967],[-55,54],[55,77],[-29,100],[-207,48],[-71,67],[104,50],[88,132],[-8,53],[-105,52],[49,88],[-231,191],[52,74]],[[91014,18037],[-57,0],[38,-97],[-146,-72],[42,-25],[-39,-19],[79,-24],[-28,-18],[-146,68],[-149,15],[22,73],[-210,77]],[[37617,65748],[121,-8],[157,-76],[245,-249],[180,-119]],[[38320,65296],[217,-57]],[[38537,65239],[81,21],[113,122],[288,-92],[131,243]],[[37728,62286],[185,-824]],[[35876,63620],[346,83],[39,-23],[108,22],[245,-120],[178,251],[52,153],[207,4]],[[36989,64568],[-145,20],[-77,-26],[-118,-53],[3,-110],[-100,-25],[-82,41],[-15,-47],[-458,70]],[[38822,65060],[-1,-77],[97,-93],[-23,-66],[-87,-71],[-279,4],[-92,-129]],[[38735,64378],[152,55]],[[38887,64433],[-83,214],[264,148],[24,97],[-73,70]],[[39019,64962],[-135,40],[-62,58]],[[62393,38046],[88,-12],[55,56],[121,24],[60,113],[203,90],[89,127],[197,19],[479,-28],[149,71],[189,3],[56,48],[97,-16],[69,40],[131,-41],[290,-3],[391,112],[135,-60],[311,110],[78,179],[304,105],[86,-28],[-73,-38],[60,-229],[94,16],[-3,-52],[88,-14],[76,-84],[-136,-14],[-22,-61],[182,-15],[-62,-84],[-32,70],[-119,-24],[68,-57],[-111,-26],[26,-30],[96,24],[38,-51],[160,68],[28,-35],[-101,-55],[7,-36],[94,-27],[-44,39],[51,26],[199,-81],[34,83],[25,-73],[87,7],[-7,-49],[141,48],[50,-54],[67,11],[0,-55],[82,-5],[-67,-68],[156,-16],[-4,52],[56,28],[19,-27],[67,18],[44,-49],[21,116],[59,-23],[-43,-87],[91,50],[159,21],[198,132],[118,-19],[44,-61],[-5,64],[47,16],[40,-26],[-59,-39],[40,-107],[87,-8],[50,-84],[210,54],[13,-50],[108,-18],[38,-79],[89,42],[19,-58],[69,16],[47,-28],[-56,-42],[132,-20],[-9,-59],[60,118],[79,-75],[-24,-47],[105,54],[-8,-45],[222,38],[52,-88],[-14,62],[99,12],[20,54],[-4,-75],[71,-3],[10,44],[63,2],[-14,71],[47,-40],[36,24],[-20,50],[68,13],[17,77],[47,-49],[86,32],[-42,26],[50,31],[54,-25],[39,38],[35,-29],[59,38],[67,-12],[-4,80],[62,-21],[44,49],[86,-13],[12,72],[94,20],[65,-30],[33,76],[22,-36],[24,42],[50,-31],[47,75],[159,1],[95,62],[79,-6],[5,35],[121,2],[-4,-44],[67,17],[57,80],[105,-55],[84,1],[29,-124],[212,52],[43,-80],[67,-2]],[[32653,43088],[-413,39],[-169,98]],[[35929,47033],[-215,-147],[-31,-99]],[[35683,46787],[34,-105]],[[35717,46682],[158,-61],[-33,-201],[157,-94],[179,22]],[[36056,46463],[65,31],[111,248],[-1,210]],[[36231,46952],[-217,119]],[[34519,41794],[70,-211],[-106,-118],[-210,-38],[-21,-84],[150,-207],[-97,-124],[198,-53],[1,-62]],[[37431,65399],[297,-200],[-261,-154]],[[38057,64820],[34,97],[197,207],[32,172]],[[26748,67240],[39,39],[186,29],[77,-33]],[[27050,67275],[38,102],[-137,151],[-136,-33],[-322,42]],[[39726,63947],[-6,-74],[147,-206]],[[39867,63667],[56,-268]],[[28507,66103],[-16,-166],[-73,-42],[-73,-165],[81,-70],[254,35],[84,-87]],[[28242,66548],[5,82],[186,47],[178,121],[-49,96],[47,214],[-94,93]],[[22391,69619],[-10,-198],[207,-34]],[[28848,67112],[91,-110],[122,-41],[21,-82],[61,-36],[-65,-213]],[[27117,66885],[-116,-297]],[[27001,66588],[20,-58],[-44,-54]],[[27351,66795],[-116,91],[-118,-1]],[[84433,20046],[-61,-166],[-224,10],[-83,-87]],[[84065,19803],[-74,-86],[-164,-37],[44,-57],[132,-32],[70,-87],[-122,-97],[-100,-21],[-40,-71],[59,-27],[-5,-72],[97,-13],[18,-58],[101,-47],[91,-289],[-198,-4],[-95,-137],[-135,51],[-183,-12],[75,-186],[-57,-79],[-212,17],[-38,-88],[-82,-45],[239,-153],[27,-89],[-80,-39]],[[27355,64826],[72,-156],[163,-161]],[[27590,64509],[19,-100]],[[27609,64409],[256,48],[111,-23],[226,34],[216,-37]],[[81571,18798],[400,-145],[183,120],[77,-21],[306,28],[112,-206],[34,-186],[-35,-42],[142,-54]],[[82790,18292],[128,62],[122,231],[-9,59],[-217,143],[73,160],[78,31],[-9,53],[78,3],[108,83],[-128,27]],[[27609,64409],[-9,-52]],[[27740,64108],[187,28],[95,-53],[194,-19],[145,61],[-18,55],[144,85],[105,1]],[[32791,44017],[-60,-74],[79,-47],[44,-114]],[[32854,43782],[74,-15]],[[32928,43767],[111,154]],[[32984,43983],[-193,34]],[[55257,24415],[183,-82],[129,17],[88,93],[172,-61],[116,157],[-25,42],[152,140],[-51,97]],[[56021,24818],[-16,90],[-84,28],[-111,140]],[[55810,25076],[-347,16],[-68,21],[-70,101]],[[56324,24776],[-131,6],[-66,46],[-106,-10]],[[83321,19618],[354,68],[122,119],[140,-43],[128,41]],[[92349,16828],[-157,46],[-98,-57]],[[92094,16817],[-111,12],[45,-56],[183,-36],[-29,-54],[84,-94],[-163,83],[188,-179],[-6,-35],[-76,16],[84,-52],[-35,-52],[87,-2],[-48,40],[56,10],[262,-156],[82,60],[82,-2],[-39,62],[52,18],[34,-59],[53,-5],[19,-91],[101,-19],[102,55],[91,-31],[-125,-64],[153,-112],[118,14],[-16,-47],[179,-77]],[[94803,15716],[170,197],[289,-177],[100,48],[67,102],[-138,83],[-82,287]],[[95209,16256],[-106,-68],[-64,-19],[-183,35],[-95,-32],[-76,43],[8,64],[-68,63],[-242,139],[-142,43],[-155,-14],[-41,67],[-137,75],[224,134],[-77,56],[-8,115],[115,3],[166,154]],[[28118,65976],[72,23],[4,104],[187,-88],[126,88]],[[21914,70085],[-33,-117]],[[22330,69186],[122,-15],[101,91]],[[22488,70081],[-127,184],[-41,-28],[-213,-1],[-134,40]],[[23394,69757],[200,39],[95,57]],[[87251,15238],[-340,-237],[-56,5],[-79,-92]],[[86776,14914],[22,-133],[-78,-14],[-47,-68],[63,-53],[-41,-90],[-143,-47],[-168,-165],[-6,-65]],[[86378,14279],[42,-27],[259,82],[140,-10],[86,-49]],[[87768,14877],[-49,19],[132,115],[-137,183]],[[86776,14914],[-208,-110],[-87,-133],[-255,-63],[-308,-3],[-215,121]],[[84932,12933],[365,35],[99,94],[184,68],[-28,147],[54,57],[247,73],[7,154],[138,102],[-30,84],[98,77],[-152,176],[148,166],[-38,66],[167,80],[187,-33]],[[88711,14793],[-14,41],[114,51],[97,127],[262,199],[217,31]],[[88710,15813],[6,-83]],[[88117,16361],[-170,-121]],[[93251,22838],[-344,-505],[144,-214],[-70,-22],[-114,-183],[-105,-78],[-24,-311],[-125,-39]],[[92613,21486],[64,-59],[154,-12],[284,78],[98,-67],[215,102],[163,-113],[6,-65],[214,-195]],[[93811,21155],[84,-5],[104,65],[102,150],[-64,109],[58,13],[65,91],[-26,109],[120,60],[-10,70],[74,20],[35,70],[181,27],[133,77],[85,116],[219,129]],[[94971,22256],[-38,78],[82,86],[-96,140]],[[94919,22560],[-68,148],[72,46],[-46,61],[-244,-3],[-137,86],[-222,60],[-338,13],[-68,-63],[-349,-92],[-268,22]],[[92613,21486],[-191,-103],[-384,-84]],[[93736,20497],[94,55],[-12,118],[64,40],[-126,138],[92,131],[-37,176]],[[91453,21937],[34,87],[-42,85],[73,113],[117,34],[-48,105],[105,147]],[[91692,22508],[71,45],[45,109],[80,21],[-18,69],[75,61],[-32,76],[44,173],[-143,121],[161,12],[132,-32],[351,362],[-260,200],[185,129],[-20,81],[58,70],[-65,76],[116,124],[67,15],[-21,-38],[125,-16],[68,45],[202,9]],[[92913,24220],[-153,165],[5,98],[275,123],[169,-32],[117,51],[189,-73],[109,145],[67,17],[248,-44],[30,-43],[107,-9],[122,-113],[173,-23]],[[26602,65151],[-229,-109],[-137,-23]],[[26236,65019],[93,-256],[-60,-152]],[[26691,64307],[220,221]],[[26911,64528],[-24,238],[-248,19],[101,81],[-53,67]],[[32246,43932],[168,-184],[159,16],[326,-138]],[[32919,43710],[9,57]],[[32854,43782],[-608,150]],[[24433,65986],[10,-163],[-43,-70],[-94,-19],[-34,-49],[-34,-83],[48,-56],[-77,-115],[-48,-11],[-377,120],[-110,-40]],[[23674,65500],[79,-10],[127,-92],[79,14],[106,-90]],[[24065,65322],[17,-58],[59,46],[195,-58],[176,-157],[25,-89],[109,-64]],[[24646,64942],[116,125],[424,102],[272,117],[79,-6],[118,79],[172,39],[97,-36]],[[25924,65362],[-111,335],[-31,39],[-89,11],[-130,241]],[[25563,65988],[-5,65],[-131,27],[-268,-19]],[[24646,64942],[113,8],[22,-67],[84,-36]],[[26236,65019],[-170,-57],[7,66],[-148,213],[-1,121]],[[23420,65910],[12,-68],[82,-26],[97,-110],[11,-172],[52,-34]],[[23821,66005],[-116,17],[-137,-90],[-230,65]],[[26442,68044],[123,-149],[-82,-114]],[[26483,67781],[96,-47]],[[26579,67734],[135,-32],[86,30],[148,-29],[205,25],[177,-53]],[[92967,22923],[-446,-281],[-181,-41],[-99,14],[-217,-101],[-58,33],[-200,-88],[-74,49]],[[93251,22838],[-128,41],[-33,48],[-123,-4]],[[92967,22923],[49,210],[190,85],[51,127],[-28,176],[146,61],[50,62],[4,131],[-47,154],[-163,153],[6,95],[-312,43]],[[95100,22060],[-17,120],[-112,76]],[[95548,22639],[177,-79],[341,-47],[244,-191],[211,73],[40,116],[185,152],[605,-238]],[[97351,22425],[60,55],[97,-5],[-6,54]],[[96215,22992],[-31,-35],[-123,-12],[-174,15],[-82,44],[-155,-151],[56,-159],[-158,-55]],[[95548,22639],[62,-122],[-62,-66],[-93,17],[-97,-103],[-146,69],[-11,78],[-198,64],[-84,-16]],[[96364,21096],[129,11],[123,226],[163,10],[86,73],[173,24],[29,98],[153,14],[11,71],[146,90],[-235,328],[79,130],[120,50],[87,91],[-77,113]],[[26417,67638],[103,-35],[68,32],[-9,99]],[[26483,67781],[9,88],[-90,-74],[-93,74],[-412,50],[-22,53],[-71,-75],[-151,3]],[[95802,11417],[151,-83],[80,-286]],[[96185,10901],[279,54],[439,26],[133,-32],[25,-66]],[[97061,10883],[28,142],[-125,128],[-1,67],[-143,102],[-84,-26],[-91,37],[20,97],[99,8],[40,38],[208,-138],[34,56]],[[97046,11394],[-15,63],[148,93],[26,106]],[[97205,11656],[-44,-18],[-335,122],[-207,-131],[-165,-15],[59,-63],[-18,-45],[-138,36],[-290,-96],[-265,-29]],[[97908,11563],[-2,-930],[822,304],[0,154],[-820,472]],[[27050,67275],[177,-109],[179,-14],[95,-60],[62,4]],[[25191,68024],[35,-46]],[[26748,67240],[130,-127]],[[26878,67113],[76,-40],[65,-133],[98,-55]],[[25526,75620],[-151,-39],[-58,-90],[138,-233],[-22,-241],[-64,-143],[-162,-137]],[[29563,75858],[-337,121],[-449,28],[-549,200],[-355,63],[-164,-9],[-169,-103],[-94,-16],[-339,4],[-418,78],[-121,-50],[-76,-126],[-171,-30],[-83,-159],[-348,-268],[-309,-89],[-55,118]],[[25526,75620],[313,251],[101,292],[-57,67],[32,342],[60,24],[-15,56],[82,115],[-222,-4],[-259,103],[-234,-24],[-76,84],[39,106],[-31,249],[82,21],[11,38],[-44,85],[-142,40],[64,300],[-184,630],[-119,205],[37,156],[-108,93],[45,65],[-73,105],[295,296],[-139,40],[-91,103],[-84,5],[-114,100],[118,423],[-96,108],[8,209],[-190,87],[-91,242],[-126,26],[59,269],[161,26],[5,96]],[[24543,81049],[-111,56],[41,39],[-83,251],[-60,43],[21,151],[-36,43],[-193,-15],[-142,48],[-110,-20],[-345,95],[16,-51],[-94,-65],[117,-128],[-31,-116],[-109,-115],[30,-136],[-89,-108],[-19,-137],[-175,-114],[40,-74],[-68,-77],[15,-87],[-55,-14],[17,-98],[90,-87],[-115,-56],[60,-147],[-55,-68],[-123,20],[-60,-39],[49,-134],[-36,-35],[152,-61],[-107,-164],[58,-35],[-5,-58],[-210,-201],[-236,-45],[46,-52],[-127,-113],[-13,-140],[-71,-57],[89,-68],[-105,-151],[-281,-19],[-142,-141],[-2,-62],[-185,-103],[-12,-283],[240,-90],[-28,-67],[-212,-149],[-107,-184],[54,-196],[-23,-135],[-179,-75],[-71,-92],[83,-174],[-98,-51],[-58,-147],[-176,-65],[-95,-157],[146,-439],[65,-18],[179,41],[20,-53],[-21,-58],[-137,-34],[-109,-144],[-11,-202]],[[27768,83904],[-284,-65],[35,-55],[-794,-313],[-75,-131],[-98,-33],[-64,-120],[-92,-12],[-20,-76],[-190,-134],[-29,-113],[-185,-59],[-49,-82],[-97,-21],[-80,-87],[-204,-54],[-131,-234],[-269,-235],[36,-35],[-117,-10],[-147,-121],[-200,-56],[142,-269],[142,17],[37,-25],[70,-348],[-304,-122],[-125,12],[-44,-52],[-89,-22]],[[26878,67113],[-301,-287],[-153,-21],[-94,68],[-257,-40]],[[26073,66833],[163,-165]],[[26236,66668],[282,-27],[202,24],[95,-91],[186,14]],[[23853,66981],[-101,31],[-253,-41],[-146,-118],[-33,-330],[-135,-13],[-239,-93]],[[25924,65362],[169,169]],[[26724,65951],[-309,-13],[-109,-41],[-19,-74],[-176,-45],[-65,187],[-232,79],[-131,-106],[-120,50]],[[26882,66125],[-147,28],[-67,-23],[-321,16],[-56,60],[-7,107],[-67,20],[-209,-106],[-58,72],[-168,-27],[-64,48],[-238,-79]],[[30333,64868],[-110,-28]],[[30679,64617],[-87,88],[5,102]],[[30597,64807],[-63,72],[-201,-11]],[[26913,66185],[-110,14],[-49,87],[-104,-4],[-172,148],[-112,-17],[-221,57],[-158,-93],[-108,2],[-121,81]],[[25758,66460],[-152,47]],[[26236,66668],[30,-72],[-87,-61],[-243,20]],[[25936,66555],[-146,-4],[-32,-91]],[[23560,67416],[352,-182],[102,-139]],[[24961,67352],[-64,126]],[[22994,67729],[-407,-242],[-157,-52],[-303,-390]],[[22127,67045],[74,1],[47,-69]],[[22334,67767],[-117,-67],[15,-70],[-62,-117],[-505,-170],[-217,-23]],[[21513,67103],[146,-88],[176,7],[25,34],[267,-11]],[[25936,66555],[22,58],[46,30],[66,-14],[57,72],[-70,27],[16,67],[-41,38],[-62,3]],[[25970,66836],[-41,-29],[13,-99],[-105,-94],[-61,34],[11,86],[-124,36],[-43,72],[-90,40],[-131,-4],[-334,113],[-82,196],[-94,36]],[[25931,66938],[3,-45]],[[25934,66893],[139,-60]],[[26911,64528],[109,20],[67,68],[130,-66],[93,36],[97,-20],[20,-58],[163,1]],[[25970,66836],[-36,57]],[[11729,64192],[-7,-30]],[[11722,64162],[-69,-230],[126,-99],[84,18]],[[11863,63851],[186,36],[75,86],[-243,212],[-152,7]],[[13864,66407],[-91,-36],[-478,136],[-171,12],[-43,-34],[-146,68],[61,131],[58,20],[117,-30],[26,37],[228,60],[160,-75],[128,71],[110,-16]],[[13320,67458],[-210,-67],[-129,30],[-104,-93],[-128,2],[-1,-136],[-63,-99],[-220,-112],[-232,-30],[-10,-54],[-230,-68],[-175,-178],[42,-39],[-24,-89],[89,-29],[46,-73],[-19,-156],[82,-82],[-3,-70]],[[5531,65415],[5475,-475]],[[11006,64940],[-143,318]],[[30976,65819],[-163,-72],[-157,-152],[5,-56],[-198,25],[-117,-78],[-122,-150],[10,-51],[82,-30],[-49,1]],[[30183,65227],[265,-117]],[[30448,65110],[175,-52],[45,-46]],[[30668,65012],[83,68],[123,258],[-74,69],[197,26],[90,106],[105,45],[-32,111]],[[30333,64868],[55,188],[60,54]],[[30745,64905],[-148,-98]],[[31151,64805],[-41,65],[-176,-25],[-189,60]],[[30668,65012],[77,-107]],[[20873,68849],[-73,-42],[-6,-115],[-64,-73]],[[27941,47657],[24,342]],[[27965,47999],[-83,55]],[[28901,49736],[99,-38]],[[29000,49698],[68,61],[97,12],[45,144]],[[29210,49915],[-38,20],[-107,51],[-164,-250]],[[26560,46804],[62,46],[551,10],[143,33],[374,-93],[66,-66],[120,8],[111,-51],[51,53],[121,24],[81,186],[118,84],[0,130],[54,61]],[[28412,47229],[-141,130],[-70,-6],[-124,75]],[[29564,48921],[-181,-61],[-72,-101],[-242,-58],[-45,-110]],[[29024,48591],[-40,-101],[62,-33],[110,8],[79,-102]],[[29805,48653],[7,67],[-168,84],[6,53],[-86,64]],[[28717,47009],[-9,-101],[-69,-32],[-76,-130],[-10,-118],[87,-77]],[[28640,46551],[305,110],[8,42],[86,27]],[[29039,46730],[63,57],[-29,55],[-356,167]],[[28412,47229],[117,67],[106,-40]],[[28635,47256],[149,67],[148,-6],[-26,140],[339,216]],[[29041,47773],[-88,-13],[-114,-85],[-103,72],[-300,38],[-324,115],[-49,68],[-98,31]],[[29024,48591],[-122,84],[-6,58],[-125,50],[52,79]],[[29676,48993],[-144,21]],[[29532,49014],[32,-93]],[[28660,47144],[57,-135]],[[29039,46730],[250,-82],[37,-64],[140,-69],[112,-13],[153,-113],[18,-71]],[[29749,46318],[39,-17]],[[29896,47044],[-735,-208],[-95,132],[-143,65],[-82,105],[-181,6]],[[27631,46071],[96,46],[268,4],[42,76],[70,8],[41,112],[177,114],[224,61]],[[28549,46492],[91,59]],[[28660,47144],[-25,112]],[[28549,46492],[47,-61],[312,-93],[179,51],[193,-66]],[[29280,46323],[87,42],[174,-23],[61,-42],[147,18]],[[33334,51214],[-156,-31],[91,-165]],[[33269,51018],[135,-54],[-38,-201],[255,-122],[45,-128]],[[47759,35426],[93,76],[-16,70],[98,77],[14,70]],[[33615,50353],[160,-270]],[[34450,50227],[113,92]],[[33269,51018],[-115,-80],[-209,-58],[86,-120],[4,-195],[-194,-79],[-22,-89],[111,-113],[-155,-94]],[[30277,50481],[-99,-114],[-112,-38],[-89,-126],[-26,-228]],[[31259,50442],[-14,-147],[-83,-58],[-295,114],[-139,101],[-180,32],[-140,-45],[-131,42]],[[29822,44617],[-51,-44],[-52,-232],[-51,-28]],[[29979,44168],[195,52],[27,37],[109,5],[136,112],[245,28],[20,56],[168,21]],[[28823,48862],[101,-12],[21,77],[56,29],[198,2],[300,130]],[[29499,49088],[-29,72]],[[29532,49014],[-33,74]],[[32889,51625],[-120,-162],[-411,13],[-154,-58]],[[32204,51418],[-104,-28]],[[32100,51390],[140,-54],[184,-11],[86,-95],[94,-290],[16,-489],[-100,-14]],[[30498,44097],[406,-12],[94,32],[313,-109]],[[11225,62781],[-207,-106]],[[11018,62675],[135,-107],[276,-131]],[[11429,62437],[16,48]],[[11445,62485],[-238,169],[86,104],[57,27],[38,-23],[13,35]],[[11401,62797],[-118,14],[-58,-30]],[[32131,44217],[92,-73],[49,-112],[-26,-100]],[[32791,44017],[-348,164],[-170,43],[-142,-7]],[[28777,49717],[-36,-135],[81,-20]],[[29164,49686],[-164,12]],[[28901,49736],[-60,22],[-64,-41]],[[14397,62163],[63,-25],[210,30],[111,110]],[[32018,44197],[113,20]],[[28777,49717],[-68,122]],[[29458,50343],[44,-130],[-27,-111],[-198,-211],[-67,24]],[[33838,49290],[-156,-121],[-247,-107]],[[33846,49254],[-8,36]],[[34344,47987],[-259,254],[-73,158]],[[34651,48847],[-322,-37],[-182,98],[-17,66],[-225,2]],[[31893,51820],[-136,-74],[-138,-22],[-31,-88],[7,-123],[209,-163]],[[31804,51350],[296,40]],[[32204,51418],[-311,402]],[[31311,51188],[57,89],[194,43],[33,36]],[[31595,51356],[-256,74],[-183,-20],[-140,-64],[-232,62],[-284,-52],[-127,44],[-38,-33],[-46,48],[-367,-30],[-72,35]],[[31595,51356],[-149,119],[-201,88]],[[31804,51350],[-209,6]],[[26385,53721],[-71,-104]],[[26314,53617],[0,-46],[212,-222]],[[26526,53349],[147,-79],[127,-155],[162,-53],[14,-43]],[[27030,53105],[181,128],[136,36]],[[27347,53269],[-110,105],[-3,170],[-139,65],[-157,174],[-20,240]],[[26918,54023],[-139,48]],[[27200,54123],[-134,-5],[-148,-95]],[[27347,53269],[31,16]],[[25974,52853],[131,185],[149,37],[123,193],[149,81]],[[26314,53617],[-202,-33]],[[26133,54765],[289,17],[-15,60],[127,121]],[[35102,49905],[-211,-83],[-105,11],[-6,41],[-116,-29],[-280,16]],[[34276,49726],[117,-76],[259,20],[338,-229],[182,-21]],[[34201,49587],[119,-23],[63,-97],[73,-30],[95,-117],[5,-187],[191,-158]],[[33838,49290],[194,137]],[[27790,45814],[52,66],[591,292],[156,-48],[183,-5],[151,123],[357,81]],[[27508,51189],[95,-50]],[[27603,51139],[84,-75],[-170,-139],[42,-84],[-69,-76],[-115,9],[-163,-80],[-23,-56]],[[27186,50559],[117,-26],[299,30],[333,96],[35,-50]],[[27603,51139],[-81,-66],[-468,8],[-172,-77]],[[27975,49877],[40,195],[-54,336],[87,100]],[[31575,52040],[-174,-43],[-432,-237]],[[31245,51563],[122,158],[48,-32],[68,20],[229,228]],[[61687,29588],[-98,-35],[-78,54],[-14,54],[92,86],[-83,58]],[[60917,30259],[-1,0],[-63,7],[-21,42]],[[61062,30136],[-121,117],[-24,6]],[[54061,21686],[61,-128],[125,57],[39,66],[156,-127],[181,-18],[-432,-293],[42,-124],[59,-12],[-46,-38],[28,-36]],[[54522,20051],[137,-66],[82,-226]],[[54741,19759],[183,-9],[48,26],[10,118],[118,67],[131,221],[449,-272],[377,-63],[269,58]],[[56326,19905],[-53,170],[-149,67],[-41,122],[104,125],[173,106],[94,12]],[[50839,20781],[108,77],[-1,61],[240,75],[9,107],[139,143],[204,121],[193,45],[136,-19],[101,75],[112,12],[206,105],[84,-95],[168,-55]],[[54915,19531],[-30,-52],[76,-74],[-602,-617],[-108,-257],[-519,-335],[-120,-128],[110,-170],[194,-24],[9,-84],[118,-111]],[[55960,18512],[-106,101],[-134,48],[-83,287],[-158,144],[81,156],[-26,126],[-160,35],[-84,59],[-112,-49],[-45,64],[-127,10],[-3,57],[-88,-19]],[[54741,19759],[-21,-103],[195,-125]],[[56431,19853],[-105,52]],[[31909,51871],[-16,-51]],[[67039,26185],[-170,5],[-196,54]],[[19357,63795],[16,-159],[-52,-85]],[[19565,63532],[-6,66],[247,63]],[[19806,63661],[92,65]],[[32023,43820],[64,12],[148,-88],[149,-179],[142,-5],[307,-92]],[[61705,20787],[-42,-118],[-168,-99],[172,-295],[-19,-116],[-70,-75],[-308,-38],[-106,-82],[34,-66],[-45,-46],[63,-25],[-23,-40],[71,-65],[-19,-199]],[[64254,23686],[-142,-8],[-136,-110],[-127,-38],[-17,-67]],[[63435,23057],[-91,0]],[[63344,23057],[122,-93],[366,-71]],[[63832,22893],[100,57],[-96,125],[162,46],[-24,227],[176,285],[104,53]],[[32120,43649],[201,-136],[124,-15],[178,-117],[155,-210]],[[31930,43485],[65,-16]],[[60603,26545],[72,-43]],[[60675,26502],[295,35]],[[61245,26867],[-52,15]],[[61193,26882],[-185,2],[-86,56],[-215,7],[-194,-232],[90,-170]],[[27248,54509],[-193,-7],[-109,-59],[-251,59],[-236,-82],[-133,100]],[[26326,54520],[-311,30],[-225,-45],[-130,-93]],[[26326,54520],[-174,163],[-104,25],[-22,87]],[[27063,54762],[-67,103],[-59,12],[42,60],[-123,13],[-167,87]],[[29694,45340],[-80,61],[-413,-42]],[[21346,50971],[-95,-65],[-32,-102]],[[21537,50929],[-101,89],[-90,-47]],[[21170,51232],[6,-77],[-51,-42],[-61,26],[3,-53],[197,-52],[82,-63]],[[68413,23291],[159,-38]],[[68572,23253],[153,141]],[[29042,53594],[66,-126],[77,3],[164,-154]],[[38462,62359],[36,-56],[-32,-49],[137,-43],[110,-90],[88,1]],[[38801,62122],[279,144],[-117,267],[-75,68]],[[38888,62601],[-568,169]],[[28846,50097],[-83,-13],[-97,-26],[21,110],[-124,-88],[-101,-9]],[[28462,50071],[19,-48]],[[28462,50071],[-124,37]],[[19279,60361],[-258,-127]],[[19021,60234],[193,-127],[-45,-67],[94,-58],[112,17],[35,-60]],[[19820,60361],[-313,31],[-49,56],[-179,-87]],[[59118,26653],[93,-77],[46,-115]],[[59257,26461],[23,33],[227,17],[17,136],[91,69],[169,61],[84,-57]],[[62367,26170],[229,44],[381,-90],[212,11],[79,71]],[[63268,26206],[-119,77],[56,174],[-88,81],[-33,192]],[[60225,24516],[6,-134]],[[60231,24382],[109,-160],[143,-50],[57,-79]],[[61434,24625],[-257,76]],[[61621,24612],[35,74],[-71,251],[169,242],[18,145]],[[61772,25324],[-197,-21],[-77,133],[-117,-89],[-236,-56],[-28,-95],[-149,44]],[[25130,59905],[-82,-39],[-248,16],[-178,-96]],[[24622,59786],[1177,-255]],[[25799,59531],[86,100],[-280,171],[15,57],[-50,41],[-440,5]],[[63899,26261],[-72,-38],[-55,-191],[-78,-14],[-15,45],[-240,90],[-171,53]],[[60848,23380],[9,-38]],[[62471,23174],[225,60],[33,110]],[[61204,25964],[-129,-71],[-139,-3]],[[60936,25890],[-20,-67],[112,-153],[-70,-76],[-31,-152],[-74,-54],[69,-148]],[[48261,32577],[226,137]],[[65081,22956],[83,-83],[2,-131],[-65,-109],[132,-80]],[[63354,23044],[-10,13]],[[48020,33726],[109,-177]],[[48129,33549],[127,-18],[212,35],[150,75]],[[48618,33641],[-189,53],[-151,132]],[[64254,23686],[2,1]],[[64304,23895],[-22,-36],[-242,-63],[-376,92],[-103,143],[-88,30],[59,85],[-156,124],[-8,58]],[[63832,22893],[-37,-94],[59,-66]],[[63969,22671],[395,62],[113,126],[-6,118]],[[64141,24071],[-252,167],[-40,92],[-16,188],[141,183]],[[64714,22638],[38,-139],[146,-148],[44,-173]],[[59257,26461],[107,-287]],[[59364,26174],[209,30],[196,-134],[249,-78],[87,92],[157,59]],[[60262,26143],[-135,228],[52,167],[-59,125]],[[60120,26663],[-93,55]],[[60262,26143],[-18,-234],[48,-74]],[[60292,25835],[98,-33],[42,62],[286,120]],[[60718,25984],[3,42],[-96,11],[12,116],[54,20],[-24,158],[55,49],[-47,122]],[[60603,26545],[-232,22],[-251,96]],[[59364,26174],[-14,-92]],[[59735,25667],[224,-97],[-11,-69],[52,-4]],[[60000,25497],[72,48],[106,203],[114,87]],[[61193,26882],[-60,59],[-143,39],[-46,67],[118,38],[79,280]],[[60000,25497],[75,-51],[-12,-73],[104,-4],[222,-139]],[[60936,25890],[-218,94]],[[48246,35003],[-182,-88],[-67,27],[-149,-78],[-46,-31],[20,-54]],[[47822,34779],[30,-52]],[[47852,34727],[204,57],[39,87],[172,107]],[[68519,22902],[108,-84],[47,-112]],[[68674,22706],[173,-74],[106,104],[115,25],[46,51]],[[69114,22812],[-240,94],[-355,25]],[[68519,22931],[53,322]],[[68674,22706],[22,-141],[158,-108]],[[69588,22628],[-17,62],[-457,122]],[[77281,10795],[-155,-182]],[[77126,10613],[6,-46],[-120,-100]],[[77012,10467],[176,65]],[[77188,10532],[232,67]],[[77420,10599],[14,-2]],[[77434,10597],[-26,41]],[[77408,10638],[-95,67]],[[77313,10705],[-32,90]],[[10641,63317],[292,-352]],[[10933,62965],[197,248],[132,87],[44,154]],[[11306,63454],[-301,-11],[-364,-126]],[[68278,22531],[58,-90],[-61,-43],[118,-70],[115,1],[146,-114]],[[77012,10467],[-69,-77]],[[76943,10390],[-77,-50],[88,-184]],[[77057,10140],[56,95],[-32,64],[134,70],[25,85]],[[77240,10454],[-71,14],[19,64]],[[78165,11087],[-478,-324],[-279,-125]],[[77434,10597],[344,42],[146,53]],[[77924,10692],[195,229],[46,166]],[[77253,10827],[28,-32]],[[77313,10705],[398,189],[533,326]],[[78244,11220],[-79,-133]],[[77924,10692],[33,-121],[151,-25]],[[78108,10546],[46,-54],[120,5]],[[77013,10628],[113,-15]],[[58602,17593],[-186,114],[62,124],[-81,214],[72,91],[-5,174],[-68,77],[56,51],[-36,101],[-307,16],[-90,-26],[-57,63],[-122,36]],[[77517,10170],[-34,-22],[-179,40],[100,-90]],[[77566,10011],[146,-29],[168,28],[251,-72]],[[78131,9938],[-67,133],[-117,65]],[[77420,10599],[-11,-68],[119,-146]],[[77528,10385],[61,52],[236,9],[283,100]],[[77240,10454],[152,-37],[42,-65]],[[77434,10352],[94,33]],[[78131,9938],[51,-32],[-7,-51],[160,12],[64,-33]],[[67667,9693],[-56,-186],[258,-30]],[[67952,9499],[26,107]],[[65586,10057],[86,12],[137,-57],[526,-6],[563,-251],[588,-343],[387,-113]],[[77434,10352],[-59,-43],[36,-118]],[[76732,10613],[138,-190],[73,-33]],[[58631,22324],[13,183],[123,69],[-219,137],[-279,-39],[-59,71]],[[51801,17763],[180,-137],[143,-8],[38,-67]],[[61503,20990],[-252,-75],[-179,-153],[-148,36],[-236,-272],[-433,-204],[-237,-71],[-275,35],[2,-62],[-59,-18],[-144,68],[-97,-42],[-173,30],[-92,-101],[47,-103],[-53,-38]],[[58836,19570],[-5,-187],[-183,-64],[-25,-240],[147,-103],[-1,-93],[157,-48],[24,-62],[114,-50],[6,-158],[217,-142],[-36,-86],[76,-149],[-9,-84],[63,-46],[47,-127],[-48,-100]],[[59380,17831],[71,-54],[138,3],[378,293],[25,86],[158,98],[22,64],[263,12],[72,-67],[18,-219],[105,29],[103,-73],[381,57],[218,-137],[85,-128]],[[46491,35701],[97,-93]],[[46588,35608],[135,72],[0,67],[88,36]],[[46811,35783],[172,237],[-154,-39],[-41,13],[15,52],[-56,2]],[[68045,9270],[717,-59]],[[51284,15195],[624,-177],[481,-191],[16,-37],[266,-76]],[[62225,16356],[-292,-130],[-407,-69],[-207,-87],[-302,24],[-129,-79],[-102,-16]],[[55516,13728],[305,-94],[53,-120],[288,-64]],[[56162,13450],[115,155],[30,120],[79,-48],[247,27],[272,187],[-8,127],[142,99],[-18,54],[197,206],[35,129],[108,136]],[[57361,14642],[-285,-67],[-174,-126],[-210,16],[-247,151],[-145,-4],[-66,55],[-137,22]],[[58995,15254],[-136,-16],[-73,-149],[-94,0],[-141,-82],[-179,4],[-166,-140],[-344,-81],[-330,-28],[-171,-120]],[[56162,13450],[272,-50],[969,-322],[216,-207],[-66,-129],[100,-45],[19,-59],[225,-14],[81,-76],[160,-42],[48,-78],[405,-156]],[[59380,17831],[-110,-13],[-118,-92],[-55,-142],[-197,-6]],[[59875,17146],[336,40],[6,78],[101,123],[109,53],[92,190],[162,-41],[135,64],[526,-23]],[[69576,14575],[-28,-76],[-154,-40]],[[74441,6699],[429,-252]],[[67136,17474],[19,-59],[236,-92],[101,-82],[360,-87],[271,-183]],[[64328,16624],[-255,70],[-117,-23],[-191,65],[-308,-48]],[[56367,28949],[-469,124]],[[55898,29073],[-294,136]],[[33664,34312],[91,-14]],[[33755,34298],[31,27]],[[55457,28872],[-63,-79],[-185,-81],[-27,-68],[-167,-13],[-85,-36],[3,-41],[-189,-34]],[[54741,28392],[357,-120]],[[54818,29086],[-76,-95]],[[54742,28991],[-146,-145],[-15,-108]],[[56091,28337],[57,22],[66,130],[128,-26]],[[55617,25761],[264,28],[309,-23]],[[56675,29609],[-5,-51],[-112,-68],[-30,-138],[-396,-200],[-101,66],[-18,-68],[-115,-77]],[[58818,28893],[-84,-63],[-152,12],[-36,-85],[-181,1],[-69,35],[-273,-122],[-336,-49]],[[59402,22155],[-117,-4],[-99,85],[-146,13],[-43,-26],[-78,27],[-127,-71],[-62,37]],[[49460,23052],[-246,-462]],[[49214,22590],[16,-91],[114,-26],[61,-87],[209,-15],[58,-62]],[[62090,18083],[613,300],[107,30],[149,-25],[132,135],[148,-36],[97,36],[296,212]],[[59865,16846],[132,16],[50,63],[121,25],[128,-107],[-12,-52],[165,28],[198,-60],[8,-55],[-204,-178],[-150,-52],[-86,57]],[[62166,16557],[-177,136],[-94,18],[-11,50],[-151,54],[-144,188],[7,75],[-91,31]],[[62236,17958],[187,-9],[276,113],[279,31],[110,44]],[[63088,18137],[-82,144],[226,90],[237,18],[89,40],[65,1]],[[64545,16891],[-15,70],[-163,7],[-56,51],[-271,40],[-148,-19],[-221,69]],[[63100,17613],[22,155],[-41,97],[80,86],[-65,58],[-8,128]],[[61666,17071],[48,-35],[139,71],[99,4],[163,-33],[67,-50],[215,-16],[145,-89]],[[59804,25051],[-73,-37]],[[59378,24843],[-19,-90],[51,-56]],[[59410,24697],[234,-39],[16,70],[330,8]],[[48085,34131],[10,-86]],[[48095,34045],[101,13],[172,-64]],[[48368,33994],[158,25],[-67,72]],[[48459,34091],[-78,88],[-211,-66],[-85,18]],[[59410,24697],[-44,-121]],[[59366,24576],[-8,-77]],[[59761,24351],[97,92],[163,-10],[71,100],[114,47]],[[48095,34045],[-65,-137]],[[48000,33844],[-2,-4]],[[48271,33881],[97,113]],[[59786,24211],[217,-67],[-7,93],[152,48],[83,97]],[[21037,61423],[-177,-130]],[[20860,61293],[-189,-162]],[[20671,61131],[34,-76],[241,-80],[153,-5],[231,103],[157,-7]],[[60591,24026],[-19,-30],[-344,-69],[-64,-112],[11,-351],[61,-46],[-40,-65],[67,-30]],[[60263,23323],[266,178],[167,73],[104,7]],[[60153,23231],[33,65],[77,27]],[[55534,25759],[115,-314],[61,-25],[49,24],[134,-94],[73,18],[90,-53]],[[56056,25315],[244,84],[88,-23],[157,109],[222,29]],[[57971,25138],[-48,-64],[-101,-30],[-81,29],[-33,60],[-141,3],[-56,-36]],[[55810,25076],[199,65],[-46,64],[93,110]],[[58516,24676],[398,7],[452,-107]],[[59979,25094],[-193,179],[-85,-3],[-128,53],[-49,63],[-229,-18],[-33,-35]],[[22609,60915],[330,-165],[111,76],[309,19]],[[23359,60845],[41,30],[-110,122],[48,75]],[[22624,60643],[38,-145],[237,-30],[-28,-64],[85,-5],[-73,-130],[-172,16]],[[24069,59946],[6,79],[-247,97],[-84,-31],[-55,22],[297,80],[128,189]],[[24114,60382],[-217,53],[-29,104],[80,98],[-23,55]],[[23925,60692],[-392,6],[-76,129],[-98,18]],[[20671,61131],[-156,-175],[-24,-129],[-119,-39]],[[20372,60788],[6,-10]],[[22055,60440],[22,25],[-54,32],[105,175],[-68,75]],[[24114,60382],[69,-63],[216,-78],[153,125]],[[24552,60366],[-183,303],[-96,32]],[[24273,60701],[-348,-9]],[[47908,34557],[-52,-65],[51,-36],[-119,-32],[-22,-52]],[[47845,34349],[197,-12]],[[47976,34501],[-68,56]],[[24273,60701],[94,157],[309,165],[77,103]],[[47725,35270],[-91,-33]],[[47634,35237],[-34,-135],[-142,-82]],[[47458,35020],[251,-206]],[[47709,34814],[122,136]],[[47723,35068],[2,202]],[[24065,65322],[-151,-66],[-195,-270],[-168,-7],[-177,-112]],[[23374,64867],[-4,-60]],[[23370,64807],[8,-166],[91,-116],[-3,-145],[117,-96]],[[25432,62464],[-207,-117]],[[26154,62346],[-72,-16],[-280,123],[-155,-7],[-126,42],[-89,-24]],[[25432,62464],[-17,98]],[[20658,64931],[195,59],[67,94],[-45,55],[30,99],[97,25]],[[22831,64807],[155,41],[384,-41]],[[23374,64867],[-122,93],[9,111],[-249,258],[-74,14],[-225,-88]],[[19021,60234],[-269,-159]],[[18752,60075],[-95,-171]],[[19127,60777],[15,-223],[66,-154],[71,-39]],[[20372,60788],[-267,27],[-209,-54],[-187,-14],[-54,41],[-118,-29],[-120,23],[-225,-46],[-65,41]],[[18752,60075],[-256,18],[-16,97],[-95,52],[47,142],[-297,120]],[[19127,60777],[-124,56]],[[21375,66810],[337,-138],[94,-177],[131,-59]],[[21937,66436],[149,52]],[[21937,66436],[-10,-13],[-27,-6],[-4,-3],[-18,-19],[-239,-91],[32,-88],[-41,-31],[-167,47],[-54,71]],[[21418,66025],[194,-61],[171,3],[169,125],[219,64]],[[46079,35763],[-53,-31],[39,-76],[-63,-17]],[[46002,35639],[122,-171]],[[46124,35468],[183,319]],[[46245,35786],[-166,-23]],[[20277,63994],[-69,-72]],[[20208,63922],[-21,-32],[130,-178],[102,-113],[116,-56],[55,-136]],[[20590,63407],[105,-63],[86,46],[41,-18]],[[20822,63372],[173,103],[106,20],[-96,99],[119,83],[-9,52]],[[47709,34814],[7,-10]],[[47716,34804],[106,-25]],[[20822,63372],[87,-81],[312,-92],[91,-86],[-45,-80]],[[18896,69838],[310,-15],[237,49],[325,-31],[-355,-133]],[[19413,69708],[89,-76],[183,3],[166,-137]],[[19271,69376],[27,52],[-87,150],[139,45],[63,85]],[[25682,60645],[-141,-65],[-146,12],[-32,-58],[-213,-21],[-59,-91],[-172,-64],[-367,8]],[[24527,59836],[95,-50]],[[25130,59905],[20,83],[-54,119],[259,-100],[372,-36]],[[25727,59971],[-126,307],[53,68],[226,63]],[[48687,32369],[65,46],[15,106]],[[25853,59452],[-54,79]],[[26294,59702],[-377,96],[-41,112],[-149,61]],[[17402,61885],[-19,77],[-105,16],[0,36],[297,146],[-66,141],[-94,19],[-172,-42],[-35,42],[-216,8]],[[47338,35253],[-126,-71],[-9,-5]],[[47203,35177],[255,-157]],[[47634,35237],[-14,66]],[[20281,63417],[-203,-42],[-111,-74],[22,-195],[-168,-274],[-47,-148],[43,-63]],[[20590,63407],[-166,-32],[-143,42]],[[18213,62152],[-58,-42],[-215,-14]],[[16640,62795],[129,-41],[82,-124],[292,30],[230,-134],[455,18]],[[38537,65239],[-123,-314],[-151,-122],[-105,-18]],[[38822,65060],[-206,21],[-79,158]],[[20281,63417],[-257,165],[-218,79]],[[19290,61463],[155,-70],[136,-113],[33,-82]],[[19614,61198],[607,11],[9,49],[234,67],[44,54],[161,1],[82,51],[107,-65],[2,-73]],[[19614,61198],[-141,-259],[-191,-43],[-102,-77],[-152,16]],[[73522,26680],[-78,-56],[-155,-16],[-148,-147]],[[73141,26461],[-32,-123]],[[20208,63922],[-253,21]],[[77977,23246],[-152,103],[-353,-131],[-299,49]],[[77759,23040],[100,67],[-12,59],[163,27]],[[62775,29455],[-57,-46],[-284,-75],[-2,-48],[-89,-24],[-539,89],[-115,-40],[-44,-95],[-57,14]],[[63384,29293],[-199,-53],[-62,39],[-98,-31],[-124,32],[-126,175]],[[62775,29455],[-73,28],[-84,-27],[-180,18],[-5,133],[-126,97],[6,147],[-107,102],[84,62],[-59,50],[-422,50],[-34,52]],[[61775,30167],[-162,38],[-159,-131],[-290,-54],[-12,-41]],[[49613,31962],[115,20],[173,-131],[101,6]],[[49851,32077],[-246,-27],[8,-88]],[[61413,31134],[5,-89],[-122,-47],[-2,-31],[112,-74],[146,3],[56,-34],[48,-166],[-32,-30]],[[61624,30666],[79,-94],[201,-86],[-31,-73],[-167,-136],[69,-110]],[[33098,34310],[223,25]],[[33101,34296],[166,-49]],[[73141,26461],[-246,94],[85,107],[-98,33],[12,52],[-152,97]],[[32897,34317],[-79,-26],[12,21],[-23,-38],[85,1],[21,35]],[[74891,25994],[155,80],[7,206],[-46,97],[129,68]],[[8923,80455],[71,106],[-190,41],[-50,92],[51,18],[15,65]],[[8514,80936],[-1024,192]],[[74832,27768],[103,-70],[-63,-123],[102,-91]],[[75820,26690],[280,37],[178,-20],[39,-65],[146,52],[106,-74],[66,53],[35,-35],[46,88],[74,-26],[92,-168],[132,9],[-20,-54],[98,-64],[-31,-48],[99,-192],[-167,-33]],[[71456,26440],[-24,122],[44,99],[-66,68],[0,182]],[[73589,26796],[-132,29],[-40,-38],[-238,-43],[-181,102],[-218,44]],[[49105,32611],[-213,3]],[[48892,32614],[63,-154],[112,-64],[17,-62],[183,-81]],[[49267,32253],[71,-49],[202,-2],[-95,81],[22,146],[-67,22],[44,38]],[[46973,35425],[-211,-57]],[[47102,35226],[101,-49]],[[73818,26993],[-68,-118]],[[74153,26839],[154,31],[182,-49],[74,124]],[[74763,27282],[-421,-102],[-62,-64],[-120,129]],[[78111,22773],[-106,156],[57,12],[-26,33],[160,155],[-30,18]],[[46824,35085],[79,-56],[130,40],[59,-85],[87,-15]],[[47179,34969],[169,-39],[110,90]],[[78783,23091],[-58,-144],[-69,-45],[23,-48],[-190,-39],[97,-55],[-10,-158],[40,-42]],[[61624,30666],[-164,-35],[-125,-111],[-270,-101],[-148,-160]],[[74869,25737],[-130,-86],[-108,12],[4,-40],[-81,-3],[10,-121],[-211,-28],[-93,-106]],[[76310,25725],[96,-156]],[[72892,27120],[-41,-41],[-180,-27]],[[73710,27158],[-304,37],[-157,-65],[-150,92],[-207,-102]],[[73215,27778],[-140,-155],[4,-240],[-72,-2],[-213,132]],[[72794,27513],[72,-227],[-134,-15],[160,-151]],[[33755,34298],[-106,-89]],[[33649,34209],[64,-30]],[[33713,34179],[50,37]],[[33763,34216],[98,29]],[[49164,31944],[18,-40]],[[49182,31904],[69,-57],[96,4],[16,42],[73,-19],[-18,-41],[119,-99],[-10,-69],[86,-4],[154,115],[100,-60]],[[49613,31962],[-299,67],[-34,-53],[-116,-32]],[[49267,32253],[-54,-53],[-91,-10],[42,-246]],[[49182,31904],[-209,-143]],[[52660,30771],[264,31],[66,60],[176,46]],[[53166,30908],[-12,71],[-122,-5],[-180,179],[-55,-15]],[[52797,31138],[-287,311],[-111,11]],[[53562,30606],[-21,88]],[[53541,30694],[-54,80],[-321,134]],[[52240,29564],[184,141],[22,62]],[[52689,29865],[69,-62],[-64,-153]],[[52694,29650],[119,111],[126,3],[59,-33],[109,99]],[[52553,29433],[141,217]],[[54742,28991],[-353,18],[-157,-62]],[[44883,23154],[-199,14],[-61,-52],[-167,26],[-39,48],[-74,-26],[-91,22]],[[44783,28350],[-135,322],[87,99]],[[39019,64962],[228,231]],[[54447,30546],[370,-101],[38,-80],[-36,-56]],[[54819,30309],[109,61],[51,162],[108,22],[103,-68],[96,16],[68,99],[-43,51]],[[53118,31655],[-48,-45],[-57,-325],[-188,-88],[-28,-59]],[[53541,30694],[143,69],[4,65],[96,81],[38,155],[-28,114],[51,52]],[[54819,30309],[-8,-76]],[[48264,23484],[190,-20],[164,-100],[307,118],[142,98]],[[49175,23938],[-26,103],[-62,26],[-143,-92],[-155,24]],[[45863,35914],[107,-4],[70,-56]],[[46040,35854],[230,-38]],[[46311,35841],[-190,67],[-25,43]],[[46096,35951],[-62,54],[-154,-14]],[[51068,32758],[-277,-5]],[[41126,45930],[-9,-72],[-73,-42],[-7,-102],[-75,-36]],[[40962,45678],[5,-85],[91,-70],[-28,-108]],[[41030,45415],[82,-95],[-65,-88]],[[41912,46114],[-68,-73],[-182,97],[-11,-76],[-150,-83],[-269,15],[-106,-64]],[[41054,46010],[72,-80]],[[47454,49417],[195,-58],[60,42],[71,-77],[334,-64],[425,-254],[-258,-619],[94,-224],[184,-82]],[[49149,33138],[-253,-251]],[[46215,36061],[-82,-27]],[[46133,36034],[-37,-83]],[[46368,35935],[-67,35],[92,97]],[[51754,33108],[73,57]],[[37094,46044],[136,96],[11,98]],[[37241,46238],[-263,11]],[[53459,33112],[11,43],[-85,70]],[[53385,33225],[-113,25],[-78,-26],[-46,48]],[[54127,33806],[-61,-84],[-132,41],[-119,-301],[-75,-61],[65,-81],[-207,-73],[-169,38],[-44,-60]],[[40229,45507],[317,60],[195,138],[221,-27]],[[38094,46502],[103,-252],[170,-59],[-160,-62]],[[38207,46129],[116,1],[99,-47],[-2,-54]],[[38420,46029],[71,-28],[187,51],[229,-46],[172,-113]],[[39079,45893],[114,123],[107,1]],[[39079,45893],[-88,-36]],[[38420,46029],[-177,-78],[56,-101],[-108,-201]],[[38207,46129],[-291,-55]],[[37916,46074],[-194,-37],[-5,-124],[-78,-27],[1,-42],[-105,-18]],[[39322,44946],[698,114]],[[40339,45140],[16,114],[-84,106],[341,-14],[-103,98],[169,-8],[56,-112],[-33,-82],[39,-13],[295,54],[6,70],[-100,7],[89,55]],[[39617,44219],[169,-115],[82,27],[140,-32],[-23,-77],[123,-110]],[[40108,43912],[183,134],[106,22],[61,131],[-42,48],[22,75]],[[39623,43352],[162,-23],[84,76],[-28,42],[77,142],[338,-154],[-41,137]],[[40215,43572],[-39,87],[-118,-15],[-29,81],[79,187]],[[40215,43572],[221,-31],[-34,-61]],[[40402,43480],[172,-37],[147,-99],[190,27],[103,-121],[85,24],[115,-49],[89,33],[116,-26],[0,-98]],[[35717,46682],[13,-102],[-80,-122],[-308,-84],[-164,-9]],[[36366,47493],[27,-134],[92,-62]],[[36485,47297],[110,-64]],[[44254,23347],[312,29],[38,122]],[[35683,46787],[-101,-22],[-78,82],[-89,-10],[-47,116]],[[40495,26944],[60,-202],[-13,-251]],[[40542,26491],[73,-5],[47,228],[56,26],[-32,36]],[[40686,26776],[-58,-14],[-77,202]],[[36231,46952],[263,27],[0,52],[-96,56],[-68,119],[155,91]],[[49214,22590],[-251,130],[-273,-10],[14,-72],[-101,-97],[-28,-195],[-137,-75],[-38,-114]],[[53670,52433],[-84,652],[-87,247],[-336,196],[-321,-9],[-251,-59]],[[37241,46238],[14,9]],[[37846,46326],[-1,-94],[100,-103],[-29,-55]],[[40305,25503],[-22,-220]],[[40283,25283],[126,5],[34,-45],[48,9],[12,86],[324,-11]],[[40827,25327],[18,63],[-57,75]],[[40788,25465],[-483,38]],[[43500,25837],[161,-88],[132,11],[145,-38],[142,-148],[114,-4],[268,-92],[175,120],[100,-10],[135,43],[180,-75],[69,38],[26,-93],[106,-14],[78,-71],[5,-184],[108,-65]],[[41676,25346],[-313,55]],[[41363,25401],[45,-180],[276,-232]],[[41684,24989],[194,-110],[148,-237]],[[43969,23711],[125,-143]],[[47725,35270],[172,130],[219,15],[12,104],[72,165],[-18,65]],[[47852,34727],[-26,-119],[82,-51]],[[40542,26491],[20,-293]],[[40927,26817],[-140,11],[-101,-52]],[[40283,25283],[-70,-185]],[[41684,24989],[-893,218],[36,120]],[[47132,35817],[-114,-52],[-207,18]],[[46588,35608],[49,-42]],[[46637,35566],[36,-17]],[[46673,35549],[244,58],[215,210]],[[40523,25978],[-102,-302],[-116,-173]],[[40788,25465],[575,-64]],[[46747,36048],[6,81]],[[48094,34202],[3,-43]],[[48097,34159],[-12,-28]],[[48459,34091],[305,242],[178,87]],[[48324,33308],[-195,241]],[[49134,33310],[-318,263],[-198,68]],[[49363,34122],[-132,9],[-89,-71],[-58,-145],[-117,-61],[-105,-41],[-84,25],[-89,-25],[-69,-59],[-2,-113]],[[46637,35566],[-202,-130]],[[46435,35436],[-108,-3],[-72,-65]],[[46255,35368],[-34,-53]],[[46762,35368],[-89,181]],[[46775,34830],[69,-55],[93,11]],[[46937,34786],[-13,49],[115,-21],[-12,49],[152,106]],[[46937,34786],[102,-80],[120,47],[143,-119]],[[47361,34630],[111,10],[55,121],[189,43]],[[46124,35468],[131,-100]],[[46435,35436],[-91,56],[-2,76],[149,133]],[[45996,36162],[-136,-80]],[[46133,36034],[5,75]],[[46138,36109],[-142,53]],[[44342,35935],[147,-115],[148,16],[317,-148],[236,8],[84,101]],[[45274,35797],[-116,58],[-152,-40],[-351,277]],[[45274,35797],[106,71]],[[45380,35868],[-136,129],[-78,19],[-21,83]],[[45145,36099],[8,19]],[[45514,36151],[-160,-78],[-209,26]],[[45380,35868],[123,2],[95,-49]],[[45598,35821],[91,64]],[[45075,35280],[135,120],[409,79]],[[45619,35479],[-212,214],[88,76],[-115,99]],[[45619,35479],[143,-58],[-22,122],[171,40],[75,58]],[[45986,35641],[-133,73],[-12,53],[-211,12],[-32,42]],[[11383,63471],[231,-170]],[[11614,63301],[196,-25],[292,130]],[[12102,63406],[58,31]],[[12160,63437],[-209,-18],[-127,86]],[[11824,63505],[-286,21],[-155,-55]],[[47132,35817],[45,-94],[137,-10]],[[45996,36162],[8,66],[-77,113]],[[45927,36341],[-79,96],[-84,23],[66,105],[-45,108]],[[46002,35639],[-16,2]],[[46138,36109],[34,122],[-245,110]],[[46040,35854],[-78,-52],[117,-39]],[[48097,34159],[-215,-1]],[[17974,56070],[133,-23]],[[18119,56091],[-31,137]],[[44107,38269],[146,-45]],[[48763,53597],[34,45],[206,15],[127,69],[242,-8],[221,44],[14,101],[170,130],[-45,30],[30,56]],[[49071,52156],[116,129],[161,30],[33,68],[179,82],[133,-13],[61,35],[27,-204],[487,-80]],[[17808,55799],[282,-163]],[[18090,55636],[67,62]],[[18157,55698],[-5,77],[-264,101]],[[18157,55698],[256,127],[91,6]],[[18435,56039],[-192,15]],[[11474,62409],[60,-59],[1,-84],[414,-225]],[[11949,62041],[-6,65],[-246,192],[-85,131],[-138,-20]],[[18090,55636],[286,-187]],[[20815,56819],[-31,12]],[[16457,57996],[-23,-66],[-179,-93],[-63,-81],[-100,20],[-106,-155]],[[15986,57621],[273,-107],[173,12],[280,-83],[23,-40]],[[15347,57534],[146,-237],[421,-294],[25,-71],[184,-103]],[[16123,56829],[162,169],[1,135],[449,270]],[[15986,57621],[-64,22]],[[16123,56829],[582,-298]],[[15965,61226],[-617,-119],[-34,-57],[-201,-27],[-199,-127],[-27,17],[-42,-33],[-80,46],[-86,-9],[6,-89]],[[14685,60828],[100,-94]],[[13688,61587],[105,-150],[122,-84],[41,-175],[131,-69],[46,-70],[162,-31],[34,-79],[333,-122],[23,21]],[[12920,61018],[546,-400],[171,-194]],[[20908,57295],[54,-173],[-116,-92],[-370,44]],[[13718,60138],[154,-280]],[[13872,59858],[37,-29],[119,34],[280,197]],[[12437,62993],[-147,-61]],[[12290,62932],[-95,10],[-186,-126],[-134,-19],[-172,-168]],[[11703,62629],[114,-56],[68,48],[84,-6],[325,-138]],[[13872,59858],[-39,-74],[-109,-65],[76,-149]],[[30609,54514],[101,54],[119,201],[160,30],[130,190],[13,95]],[[11614,63301],[-86,8],[-40,-53],[36,-189]],[[11524,63067],[99,6],[12,51],[157,40],[32,-146],[39,-6],[-8,-113]],[[11855,62899],[192,20]],[[12047,62919],[-24,52],[79,313],[119,106],[-119,16]],[[11703,62629],[-63,-78],[-179,-14],[-16,-52]],[[11429,62437],[45,-28]],[[11949,62041],[132,-77]],[[11855,62899],[-2,-58],[-267,-3],[-185,-41]],[[12290,62932],[-101,36],[-142,-49]],[[86553,17368],[56,-263],[285,-256],[-23,-74],[57,-28]],[[86928,16747],[297,22],[26,67],[100,15],[30,44],[198,28]],[[87579,16923],[-18,276],[-169,104]],[[11524,63067],[-68,2],[-4,-52],[-140,-51],[-134,-163],[47,-22]],[[12203,63735],[-71,-68],[-109,-11],[-199,-151]],[[12160,63437],[203,-5],[122,-50],[73,35],[94,-79]],[[12652,63338],[90,71],[-125,133],[-196,46],[6,123]],[[12427,63711],[-132,14]],[[12295,63725],[-92,10]],[[11821,64327],[-2,-31],[-59,-5],[-31,-99]],[[11863,63851],[340,-116]],[[12295,63725],[102,199],[-86,179],[96,145]],[[11383,63471],[-77,-17]],[[10933,62965],[85,-290]],[[13707,64018],[-24,-71],[-101,-8],[-30,-71],[-116,16],[40,-75],[-38,-197],[-128,40],[-132,-7],[-46,-104]],[[13132,63541],[-118,-114],[130,-79],[-14,-88]],[[12524,63009],[243,49],[51,73],[-51,109],[-138,29],[23,69]],[[13132,63541],[-273,142],[-10,59],[-238,-60],[-184,29]],[[10756,64091],[95,-145],[-1254,-57]],[[9597,63889],[453,-218],[591,-354]],[[11722,64162],[-188,-3],[-124,49],[-285,17],[-144,-48],[-40,-74],[-185,-12]],[[11259,64855],[176,-1],[281,-93],[87,71],[307,11]],[[12106,64856],[-324,55],[-201,78],[-158,-6],[-164,-128]],[[11854,64602],[-193,-44],[-271,29],[-454,-61]],[[10936,64526],[26,-88],[-206,-347]],[[33578,34225],[71,-16]],[[35882,32403],[37,-121],[-77,-22],[-44,-185],[-95,-15],[39,-52],[-61,-33],[56,-23],[-42,-51],[154,-59]],[[35746,32077],[-1,0],[0,-1],[0,1],[-1,-1],[0,-1],[3,1],[0,1],[-1,0]],[[35731,32106],[-1,0],[-2,0],[-2,0],[-1,0],[-1,-1],[-1,0],[-1,-1],[0,-1],[-1,0],[0,1],[-1,0],[-1,0],[0,-1],[-1,-1],[0,-1],[-1,-1],[-1,0],[-1,0],[-1,0],[-1,0],[0,-1],[-1,0],[-1,1],[-1,0],[-1,-1],[-1,0],[0,-1],[-1,-2],[0,-1],[-1,0],[0,-1],[-1,0],[0,-1],[1,0],[1,0],[0,-1],[0,-1],[0,-1],[0,-1],[0,-1],[0,-1],[-1,0],[-1,-1],[-1,0],[-1,-1],[0,-1],[0,-1],[0,-1],[1,0],[1,0],[1,-1],[1,0],[0,-1],[0,-1],[0,-1],[0,-1],[1,-1],[1,0],[1,0],[0,-1],[1,0],[1,-1],[0,1],[1,1],[0,-1],[0,-1],[1,-1],[0,-2],[0,-2],[0,-1],[5,1],[0,-1],[1,0],[2,0],[0,-1],[0,-1],[0,-1],[0,-1],[1,0],[3,0],[1,0],[0,1],[1,0],[1,0],[0,1],[-1,0],[-1,1],[-1,0],[0,1],[0,1],[1,1],[3,1],[1,0],[1,1],[1,0],[0,-1],[1,-1],[1,1],[1,-1],[1,0],[1,1],[1,0],[-1,0],[-1,0],[0,1],[-1,0],[-1,0],[0,1],[-1,-1],[-1,2],[1,1],[1,0],[1,0],[1,1],[1,-1],[1,1],[0,1],[0,1],[1,0],[1,0],[0,-1],[1,1],[-1,0],[0,1],[0,1],[1,0],[2,0],[1,0],[0,1],[1,1],[-1,0],[0,1],[-1,0],[-1,0],[0,-1],[-1,0],[-1,0],[0,1],[-1,0],[-1,1],[-1,0],[0,1],[0,1],[-1,1],[-1,1],[1,0],[0,1],[0,1],[1,0],[0,1],[1,1],[2,0],[-1,0],[0,1],[0,1],[-1,0],[-1,0],[-1,0],[1,0],[0,1],[1,0],[0,1],[0,1],[0,1],[-1,0],[-1,-1],[-1,0],[0,-1],[-1,0],[-1,0],[-1,0],[-3,1],[-1,1],[-1,0],[1,1],[1,2],[1,2],[1,1],[0,1],[0,1],[-1,0]],[[5531,65414],[2671,-934],[857,-335],[538,-256]],[[10936,64526],[-30,30],[151,114],[73,135],[129,50]],[[11259,64855],[-253,85]],[[28704,41465],[-481,-136]],[[28223,41329],[54,-70],[-83,-45],[49,-47],[-20,-35]],[[33917,33917],[22,-95]],[[33939,33822],[81,9]],[[34020,33831],[29,83],[-44,51]],[[33939,33822],[-14,-44],[-81,-17],[39,-43],[-48,-31],[43,-101],[-30,-28],[489,-137]],[[34256,33765],[-33,-29],[-71,35],[-39,-38],[-79,39],[54,34],[-68,25]],[[33925,34251],[42,-66]],[[33967,34185],[103,10]],[[34070,34195],[45,27]],[[34115,34222],[-47,40],[108,46],[-54,31]],[[33763,34216],[8,-35],[196,4]],[[37065,30739],[-61,-127],[153,-78],[73,-100],[327,-138],[67,-102],[314,-157],[103,-400]],[[33529,34153],[137,-63]],[[33666,34090],[47,89]],[[34247,34245],[-132,-23]],[[34070,34195],[-6,-100]],[[34064,34095],[7,-28],[126,6]],[[34197,34073],[122,6],[-31,138]],[[38344,28916],[236,-168]],[[38965,28892],[-18,117],[-94,80],[-210,72]],[[33666,34090],[35,-17]],[[33931,34120],[133,-25]],[[32676,35832],[78,-143],[-90,-72]],[[34197,34073],[-72,-82]],[[35580,38736],[-106,-19],[-45,-89],[30,-24]],[[35459,38604],[26,21],[424,-115],[303,-120],[34,-45],[134,-2],[133,63]],[[35902,38690],[-210,5],[-93,-46],[-19,87]],[[29617,41984],[-874,-45],[-859,-353]],[[27884,41586],[172,-85],[84,-74],[-28,-39],[111,-59]],[[37040,35491],[280,26],[125,76],[162,-25],[340,239],[33,76]],[[37980,35883],[-241,15],[-182,-32],[-43,-83],[-100,6],[-329,-105]],[[27705,41815],[66,-55],[29,-118],[84,-56]],[[37177,36577],[106,78],[221,33]],[[37621,36897],[-598,-81],[-187,45]],[[36836,36861],[-22,-21],[-62,79],[-131,-24],[-182,-112],[-121,-18],[-64,-69],[-136,-34],[-102,-281],[106,-127]],[[36729,37366],[-150,-123],[-144,-58]],[[36435,37185],[73,-83],[320,15],[26,-64],[119,-78],[-71,-14],[-66,-100]],[[36766,38252],[5,-236],[-85,-39],[-81,-117]],[[37797,35263],[-155,-64],[-290,-16]],[[37352,35183],[95,-227]],[[37516,34895],[142,0],[-14,96],[190,21],[16,68]],[[37850,35080],[3,124],[-56,59]],[[35459,38604],[-339,-208]],[[35580,38736],[117,188],[-150,97],[115,84],[9,95],[-38,73],[-199,95]],[[39011,36249],[-13,-56],[-184,-83],[-32,-174],[-167,-2],[-105,-39]],[[38510,35895],[46,-70]],[[38556,35825],[85,-21],[29,-98],[-64,-75],[73,-181],[236,-176],[-8,-164]],[[37233,36104],[390,-22],[129,65]],[[37752,36147],[-105,216]],[[29213,39602],[63,-45]],[[38480,34043],[91,36],[256,-9],[121,-132],[94,38],[253,12]],[[38901,33599],[228,10],[66,-28],[71,31],[236,-37]],[[39307,32837],[137,135],[46,125],[154,93],[22,85]],[[38465,35084],[-101,-69],[-197,16]],[[38167,35031],[56,-85],[-70,-38],[48,-94],[-225,-226]],[[38757,34984],[-93,0],[-199,100]],[[38103,35426],[-306,-163]],[[37850,35080],[169,-228],[57,190],[91,-11]],[[38465,35084],[-163,82],[-125,137],[-62,-16],[-12,139]],[[37752,36147],[385,-17],[154,-87],[14,-79]],[[38305,35964],[118,-77],[87,8]],[[38305,35964],[-88,-51],[-57,25],[-85,-56],[-95,1]],[[38103,35426],[135,174],[230,115],[88,110]],[[4568,70648],[-152,-66],[91,-60],[-1,-43]],[[4506,70479],[23,-26]],[[4529,70453],[94,45],[70,-8],[98,125]],[[4791,70615],[-16,44],[-118,35],[-89,-46]],[[4529,70453],[-19,-82],[-49,-12],[-7,-144]],[[5389,70247],[7,275],[-470,65]],[[4926,70587],[-135,28]],[[28613,40764],[201,-152],[143,-178],[-53,-68],[140,-214],[-119,-84],[162,-131],[71,-129]],[[43789,33410],[-64,-107],[-188,-53]],[[40847,32685],[21,-277]],[[40077,33049],[11,-55]],[[40088,32994],[105,0],[75,54],[168,-54]],[[40832,33054],[-40,114],[-106,97]],[[40088,32994],[57,-118],[186,-44],[83,-81],[34,-128]],[[41695,33432],[-123,-30],[-115,-109],[-41,-132],[-235,7],[-289,-63],[-60,-51]],[[4628,72232],[-207,-153]],[[5319,71719],[118,132],[-120,2],[-48,42],[107,16],[-107,50],[72,45],[-87,107],[-153,32],[-46,120],[-427,-33]],[[11853,71472],[55,124],[85,57]],[[62271,75930],[91,-84],[207,-78],[69,-114],[209,-142],[312,-335],[262,-133],[213,-201],[357,-156],[263,-58],[186,-130],[244,71]],[[2397,73536],[-163,-6],[-1,-104],[121,-12],[-5,-52],[91,-7]],[[1801,77668],[-238,-259],[-126,-22],[-223,-196],[-217,-64]],[[997,77127],[2311,15]],[[3308,77142],[-1507,526]],[[46162,62037],[75,-138],[-112,-66],[359,-310],[425,-260],[125,-186],[392,74],[101,-36],[269,32],[17,136],[181,43],[228,132],[-11,189],[70,71],[97,9],[321,-168],[256,97],[104,190]],[[41635,63018],[16,-106],[108,-104],[1,-86],[193,-148],[-41,-118],[-228,-55],[-45,-46]],[[41639,62355],[116,-332],[120,18],[97,-68],[19,-153],[-52,-40],[-19,-153],[32,-70],[-76,-159],[-23,-37],[-184,-39],[-105,-218],[-214,-98],[-196,-21],[-250,-114]],[[84653,11586],[-114,-83],[-12,-154],[-106,-47],[-151,16],[-152,67],[-120,-53],[-86,81],[-306,36]],[[40029,41655],[250,30]],[[40402,43480],[-96,-125],[26,-176]],[[38201,43086],[73,128],[-154,116],[18,72],[-53,78],[32,46]],[[38360,43030],[180,44]],[[36881,61936],[-288,-129]],[[36593,61807],[35,-56],[70,-14],[16,-97],[86,-57],[-6,-53],[-137,-31]],[[37058,61494],[6,169],[-56,62],[41,29],[-168,182]],[[4954,72811],[-326,-579]],[[90568,18257],[42,-60],[-74,-74],[9,-58],[-125,-50]],[[5356,70739],[233,-18],[58,-63],[60,0],[-20,-40],[57,-54],[156,79],[-3,-34],[435,-2]],[[91597,16967],[70,59],[178,-26],[26,-32],[-47,-60],[94,64],[176,-155]],[[85318,15641],[355,-86],[472,-17],[119,46],[114,-26],[103,25],[180,126],[205,-73],[132,2],[0,47],[60,8]],[[87066,16364],[-175,67],[5,98],[-180,205],[212,13]],[[88204,16592],[-89,107],[-113,-55],[-242,22],[-36,257],[-145,0]],[[4956,70690],[-30,-103]],[[2896,70993],[869,-303],[622,31],[160,-13],[-34,-34],[55,-26]],[[3780,71306],[-82,68]],[[1402,73498],[552,-467],[143,-237],[13,-133],[-41,-40]],[[2361,73688],[-71,29],[-128,-155],[-164,22],[-41,76],[-76,-109],[-191,11],[-55,-74],[-67,1],[-81,-65],[-85,74]],[[928,73909],[474,-411]],[[5213,73468],[-39,92],[-79,-72]],[[997,77127],[-135,-101],[-159,-35],[-111,-123],[-56,-181]],[[2259,77915],[-119,-123],[-339,-124]],[[4506,70479],[-146,-26],[-123,-189]],[[2637,70785],[503,-377],[376,-493]],[[91688,14753],[-164,-75],[80,-95],[118,22],[74,74],[-108,74]],[[91863,14193],[-93,-13],[108,-240],[55,41],[-6,122],[-64,90]],[[89699,14548],[-75,48],[51,-6],[-45,75],[37,-22],[32,31],[82,-61],[-19,26],[87,36],[3,59],[102,45],[6,77],[38,-10],[31,45]],[[96827,9088],[92,-6],[374,170],[-166,101],[-32,115],[-88,80],[-34,230],[-153,122]],[[95209,16256],[92,18],[260,292],[71,-38],[93,50],[12,109],[121,87],[13,97]],[[96923,10542],[62,66],[95,24],[-61,154],[42,97]],[[95802,11417],[-119,-22]],[[97371,11788],[-164,-72],[-2,-60]],[[97046,11394],[163,23],[128,130],[-126,-191],[80,-14],[65,85],[33,-38],[25,44],[19,-24],[66,110]],[[97499,11519],[-104,77],[33,120]],[[97428,11716],[-57,72]],[[97428,11716],[142,9]],[[97570,11725],[35,39],[-46,27],[-188,-3]],[[97499,11519],[-14,31],[49,-9],[-36,40],[90,18],[-53,44],[35,82]],[[97746,11561],[-115,40],[66,-100],[66,33],[-17,27]],[[36662,62441],[373,-381],[-59,-94],[-95,-30]],[[36137,62127],[-92,-119],[-199,-25],[41,-62],[-23,-118]],[[35864,61803],[96,-33],[11,-43],[193,45],[99,-21],[237,67],[93,-11]],[[35293,61611],[106,43],[103,-137],[197,3],[33,61],[-48,140],[143,31],[37,51]],[[39867,63667],[-140,-427],[-232,-181]],[[39495,63059],[91,0],[140,-96],[224,-53],[99,27]],[[40049,62937],[128,171],[87,-6],[113,89],[-1,51],[-56,15]],[[39075,61895],[-19,40],[-181,68],[-18,84],[-56,35]],[[39531,62618],[-138,50],[-264,-10],[-241,-57]],[[38069,63284],[204,-146],[273,-3],[104,-78],[193,-66],[389,66],[104,-39],[159,41]],[[39867,63667],[-381,63],[-220,-48],[-254,60],[-201,-63],[-63,48],[-312,6]],[[40490,62735],[-95,71],[-346,131]],[[41639,62355],[-226,66],[-62,68],[-105,-18],[-60,-74]],[[38887,64433],[148,24],[246,-117],[112,39]],[[87609,2143],[152,-147],[252,-111],[282,89],[352,50]],[[84818,733],[758,-310],[825,-423],[180,135],[217,73]],[[87502,1793],[429,-157],[305,-228]],[[86506,5332],[199,180],[258,21]],[[86963,5533],[-18,36],[164,53],[142,157]],[[86963,5533],[179,-42],[82,-107],[-49,-94],[31,-39]],[[6096,80521],[107,-163],[-85,-79],[182,-85],[21,-53]],[[6556,81079],[-1,24],[-459,-582]],[[6096,80521],[-196,-158],[-192,-14]],[[8700,81464],[-247,108],[-261,15],[-226,156],[45,-114],[-109,-202],[-357,-251],[-183,-35],[128,-13]]],"bbox":[-81.3282,-18.3509,-68.6531,-0.0388],"transform":{"scale":[0.00012675226752267523,0.0001831228312283123],"translate":[-81.3282,-18.3509]}}